"Station","Date","Sdepth","Wtemp","Ph","DO","Spcond","Salinity","Cruise","SECCHI"
"CB5.3",2025-07-11,0.5,27.8,8.3,7.7,20200,12,NA,"1.6"
"CB5.3",2025-07-11,1,27.8,8.3,7.7,20200,12,NA,NA
"CB5.3",2025-07-11,2,27.8,8.3,7.7,20200,12,NA,NA
"CB5.3",2025-07-11,3,27.8,8.3,7.7,20300,12.1,NA,NA
"CB5.3",2025-07-11,4,28.1,8.2,7.4,21100,12.6,NA,NA
"CB5.3",2025-07-11,5,28.1,8.2,7,21600,12.9,NA,NA
"CB5.3",2025-07-11,6,27.9,8,6.2,22300,13.4,NA,NA
"CB5.3",2025-07-11,7,27.8,8,5.7,22600,13.6,NA,NA
"CB5.3",2025-07-11,8,27.7,7.9,5,23400,14.2,NA,NA
"CB5.3",2025-07-11,9,27.7,7.8,4.6,23800,14.4,NA,NA
"CB5.3",2025-07-11,10,27.4,7.7,3.4,25100,15.2,NA,NA
"CB5.3",2025-07-11,11,27,7.6,2.3,25300,15.4,NA,NA
"CB5.3",2025-07-11,12,26.5,7.4,1.3,26600,16.2,NA,NA
"CB5.3",2025-07-11,13,26.1,7.4,1.1,28300,17.4,NA,NA
"CB5.3",2025-07-11,14,25.6,7.4,0.7,30300,18.8,NA,NA
"CB5.3",2025-07-11,15,25.5,7.4,0.6,30800,19.1,NA,NA
"CB5.3",2025-07-11,17,25.6,7.4,0.7,31600,19.6,NA,NA
"CB5.3",2025-07-11,19,25.7,7.4,0.7,31700,19.7,NA,NA
"CB5.3",2025-07-11,21,25.7,7.4,0.7,31700,19.8,NA,NA
"CB5.3",2025-07-11,23,25.7,7.4,0.8,31800,19.8,NA,NA
"LE2.3",2025-07-11,0.5,28,8.2,7.3,18700,11,NA,"1.7"
"LE2.3",2025-07-11,1,27.9,8.2,7.1,18900,11.1,NA,NA
"LE2.3",2025-07-11,2,27.9,8.1,6.6,19700,11.7,NA,NA
"LE2.3",2025-07-11,3,27.8,8.1,6.3,20100,12,NA,NA
"LE2.3",2025-07-11,4,27.8,8,6,20600,12.3,NA,NA
"LE2.3",2025-07-11,5,27.8,8,5.3,20800,12.4,NA,NA
"LE2.3",2025-07-11,6,27.8,8,5.1,21000,12.5,NA,NA
"LE2.3",2025-07-11,7,27.6,7.9,4.6,21100,12.6,NA,NA
"LE2.3",2025-07-11,8,26,7.3,0.8,23100,14,NA,NA
"LE2.3",2025-07-11,9,25.7,7.3,0.4,23500,14.2,NA,NA
"LE2.3",2025-07-11,10,25,7.3,0.1,24800,15.1,NA,NA
"LE2.3",2025-07-11,11,24.9,7.3,0.1,25200,15.3,NA,NA
"LE2.3",2025-07-11,12,24.8,7.3,0.1,25500,15.5,NA,NA
"LE2.3",2025-07-11,13,24.8,7.3,0.1,25700,15.7,NA,NA
"LE2.3",2025-07-11,15,24.5,7.3,0.1,26500,16.2,NA,NA
"LE2.3",2025-07-11,17,24.3,7.3,0.2,26700,16.3,NA,NA
"CB5.2",2025-07-11,0.5,28.2,8.2,7.4,20600,12.3,NA,"1.9"
"CB5.2",2025-07-11,1,28.2,8.2,7.4,20600,12.3,NA,NA
"CB5.2",2025-07-11,2,28.2,8.2,7.4,20600,12.3,NA,NA
"CB5.2",2025-07-11,3,28.1,8.2,7.3,20600,12.3,NA,NA
"CB5.2",2025-07-11,4,28.1,8.2,7.2,20600,12.3,NA,NA
"CB5.2",2025-07-11,5,28.1,8.2,6.9,20700,12.4,NA,NA
"CB5.2",2025-07-11,6,27.9,8.1,5.6,20900,12.4,NA,NA
"CB5.2",2025-07-11,7,27.3,7.6,3,22300,13.4,NA,NA
"CB5.2",2025-07-11,8,25.7,7.3,0.1,24800,15.1,NA,NA
"CB5.2",2025-07-11,9,25,7.3,0.1,25200,15.3,NA,NA
"CB5.2",2025-07-11,10,25.5,7.3,0.3,25900,15.8,NA,NA
"CB5.2",2025-07-11,11,25.2,7.3,0.3,26900,16.5,NA,NA
"CB5.2",2025-07-11,12,24.7,7.3,0.2,27800,17.1,NA,NA
"CB5.2",2025-07-11,13,24.7,7.3,0.2,27900,17.2,NA,NA
"CB5.2",2025-07-11,14,24.4,7.3,0.1,28200,17.4,NA,NA
"CB5.2",2025-07-11,15,24.4,7.3,0.1,29000,17.9,NA,NA
"CB5.2",2025-07-11,16,24.6,7.3,0.1,29500,18.2,NA,NA
"CB5.2",2025-07-11,17,24.7,7,0.2,30000,18.6,NA,NA
"CB5.2",2025-07-11,19,24.7,7.3,0.2,30100,18.7,NA,NA
"CB5.2",2025-07-11,21,24.6,7.3,0.2,30200,18.7,NA,NA
"CB5.2",2025-07-11,23,24.6,7.3,0.2,30300,18.8,NA,NA
"CB5.2",2025-07-11,25,24.6,7.4,0.2,30300,18.8,NA,NA
"CB5.2",2025-07-11,27,24.4,7.4,0.2,30300,18.8,NA,NA
"CB5.2",2025-07-11,28,24.4,7.4,0.2,30300,18.8,NA,NA
"CB5.1",2025-07-10,0.5,28.4,8.3,7.7,19000,11.2,NA,"1.2"
"CB5.1",2025-07-10,1,28.4,8.3,8,19000,11.2,NA,NA
"CB5.1",2025-07-10,2,28.3,8.2,7.6,19100,11.2,NA,NA
"CB5.1",2025-07-10,3,28.2,8.2,7.2,19300,11.4,NA,NA
"CB5.1",2025-07-10,4,28.1,8.2,6.9,19400,11.5,NA,NA
"CB5.1",2025-07-10,5,28,8.1,6.2,19600,11.6,NA,NA
"CB5.1",2025-07-10,6,27.9,8,5.9,19700,11.7,NA,NA
"CB5.1",2025-07-10,7,27.8,8,5.7,19800,11.8,NA,NA
"CB5.1",2025-07-10,8,27.7,8,5.3,20400,12,NA,NA
"CB5.1",2025-07-10,9,26.3,7.5,2.4,21900,13.1,NA,NA
"CB5.1",2025-07-10,10,24.1,7.2,0.4,25100,15.2,NA,NA
"CB5.1",2025-07-10,11,23.2,7.3,0.3,26500,16.2,NA,NA
"CB5.1",2025-07-10,12,23.1,7.3,0.3,27300,16.8,NA,NA
"CB5.1",2025-07-10,13,23.2,7.3,0.3,27600,17,NA,NA
"CB5.1",2025-07-10,14,23.2,7.3,0.3,27800,17.1,NA,NA
"CB5.1",2025-07-10,15,23.1,7.3,0.4,28300,17.4,NA,NA
"CB5.1",2025-07-10,17,23,7.3,0.4,28600,17.7,NA,NA
"CB5.1",2025-07-10,19,22.9,7.3,0.4,29000,17.9,NA,NA
"CB5.1",2025-07-10,21,23,7.3,0.5,29400,18.2,NA,NA
"CB5.1",2025-07-10,23,23.1,7.3,0.5,29500,18.3,NA,NA
"CB5.1",2025-07-10,25,23.1,7.3,0.6,29500,18.3,NA,NA
"CB5.1",2025-07-10,27,23,7.3,0.7,29600,18.3,NA,NA
"CB5.1",2025-07-10,29,23,7.3,0.7,29600,18.3,NA,NA
"CB5.1",2025-07-10,31,23,7.3,1,29600,18.3,NA,NA
"CB5.1",2025-07-10,32,23,7.3,1,29600,18.3,NA,NA
"CB4.4",2025-07-10,0.5,28.2,8.8,7.6,18000,10.6,NA,"1.2"
"CB4.4",2025-07-10,1,28.2,8.8,7.5,18000,10.6,NA,NA
"CB4.4",2025-07-10,2,28.2,8.8,7.4,18000,10,NA,NA
"CB4.4",2025-07-10,3,28.2,8.8,7.1,18000,10.6,NA,NA
"CB4.4",2025-07-10,4,28.1,8.1,6.8,18200,10.7,NA,NA
"CB4.4",2025-07-10,5,28,8.1,6.4,18300,10.8,NA,NA
"CB4.4",2025-07-10,6,27.9,8,6,18500,10.9,NA,NA
"CB4.4",2025-07-10,7,27.7,7.9,4.9,18800,11.1,NA,NA
"CB4.4",2025-07-10,8,26.7,7.5,3,19400,11.5,NA,NA
"CB4.4",2025-07-10,9,26.5,7.5,3.1,19600,11.6,NA,NA
"CB4.4",2025-07-10,10,25.4,7.3,1.5,20900,12.5,NA,NA
"CB4.4",2025-07-10,11,23.6,7.2,0.4,23300,13.9,NA,NA
"CB4.4",2025-07-10,12,22.9,7.3,0.3,25100,15.3,NA,NA
"CB4.4",2025-07-10,13,22.6,7.2,0.4,26600,16.3,NA,NA
"CB4.4",2025-07-10,14,22.7,7.2,0.4,26900,16.5,NA,NA
"CB4.4",2025-07-10,15,22.7,7.2,0.4,28100,17.3,NA,NA
"CB4.4",2025-07-10,16,22.6,7.3,0.3,28400,17.5,NA,NA
"CB4.4",2025-07-10,17,22.6,7.3,0.5,28700,17.7,NA,NA
"CB4.4",2025-07-10,19,22.7,7.3,0.5,29000,17.9,NA,NA
"CB4.4",2025-07-10,21,22.7,7.3,0.6,29100,18,NA,NA
"CB4.4",2025-07-10,23,22.7,7.3,0.7,29100,18,NA,NA
"CB4.4",2025-07-10,25,22.7,7.3,1,29100,18,NA,NA
"CB4.4",2025-07-10,27,22.7,7.3,1,29100,18,NA,NA
"CB4.4",2025-07-10,28,22.7,7.3,1,29100,18,NA,NA
"CB4.3E",2025-07-09,0.5,28,8.2,7.2,17100,10,NA,"1.6"
"CB4.3E",2025-07-09,1,28,8.1,7.2,17200,10,NA,NA
"CB4.3E",2025-07-09,2,27.9,8.1,7.2,17200,10,NA,NA
"CB4.3E",2025-07-09,3,27.9,8.1,7.1,17200,10,NA,NA
"CB4.3E",2025-07-09,4,28,8.1,7,17200,10.1,NA,NA
"CB4.3E",2025-07-09,5,28,8.1,6.9,17200,10.1,NA,NA
"CB4.3E",2025-07-09,6,28,8.1,6.9,17200,10.1,NA,NA
"CB4.3E",2025-07-09,7,28,8.1,6.9,17200,10.1,NA,NA
"CB4.3E",2025-07-09,8,28,8.1,6.8,17300,10.2,NA,NA
"CB4.3E",2025-07-09,9,28,8.1,6.7,17300,10.2,NA,NA
"CB4.3E",2025-07-09,10,27.9,8,6.2,17400,10.4,NA,NA
"CB4.3E",2025-07-09,11,27.6,7.9,5.3,17800,10.6,NA,NA
"CB4.3E",2025-07-09,12,27.1,7.7,4.5,18400,10.9,NA,NA
"CB4.3E",2025-07-09,13,26.2,7.4,2.6,19500,11.6,NA,NA
"CB4.3E",2025-07-09,14,24.8,7.2,0.6,22200,13.3,NA,NA
"CB4.3E",2025-07-09,15,24.1,7.2,0.1,23300,13.9,NA,NA
"CB4.3E",2025-07-09,16,23.7,7.2,0,23300,14.1,NA,NA
"CB4.3E",2025-07-09,17,23.4,7.2,0,24400,16,NA,NA
"CB4.3E",2025-07-09,18,22.7,7.2,0,26000,16.1,NA,NA
"CB4.3E",2025-07-09,19,22.3,7.2,0,26700,16.4,NA,NA
"CB4.3C",2025-07-09,0.5,28.3,8.2,7.7,17400,10.2,NA,"1.5"
"CB4.3C",2025-07-09,1,28.3,8.2,7.7,17500,10.2,NA,NA
"CB4.3C",2025-07-09,2,28.3,8.2,7.7,17500,10.2,NA,NA
"CB4.3C",2025-07-09,3,28.3,8.2,7.6,17500,10.2,NA,NA
"CB4.3C",2025-07-09,5,28.2,8.2,7.5,17500,10.3,NA,NA
"CB4.3C",2025-07-09,6,28.2,8.2,7,17500,10.2,NA,NA
"CB4.3C",2025-07-09,7,28.1,8.2,7.2,17500,10.2,NA,NA
"CB4.3C",2025-07-09,8,27.9,8,4.8,18300,10.7,NA,NA
"CB4.3C",2025-07-09,9,26.4,7.3,2,18700,11.1,NA,NA
"CB4.3C",2025-07-09,10,25.1,7.2,0.9,20300,12.2,NA,NA
"CB4.3C",2025-07-09,11,24.4,7.2,0.3,21300,12.8,NA,NA
"CB4.3C",2025-07-09,12,22.5,7.2,0,23900,14.5,NA,NA
"CB4.3C",2025-07-09,13,22.3,7.2,0,25300,15.6,NA,NA
"CB4.3C",2025-07-09,14,22.3,7.2,0,25300,15.7,NA,NA
"CB4.3C",2025-07-09,15,22.3,7.2,0,26000,15.9,NA,NA
"CB4.3C",2025-07-09,16,22.2,7.2,0,26500,16.3,NA,NA
"CB4.3C",2025-07-09,17,22.1,7.2,0.1,27200,16.7,NA,NA
"CB4.3C",2025-07-09,19,22.1,7.2,0.1,27500,16.9,NA,NA
"CB4.3C",2025-07-09,21,22.1,7.2,0.1,27600,17,NA,NA
"CB4.3C",2025-07-09,23,22.1,7.2,0.1,27600,17,NA,NA
"CB4.3C",2025-07-09,25,22.1,7.2,0.1,27600,17,NA,NA
"CB4.3C",2025-07-09,26,22.1,7.2,0.1,27600,17,NA,NA
"CB4.3W",2025-07-09,0.5,28.2,8,8.1,16300,9.5,NA,"1.3"
"CB4.3W",2025-07-09,1,28.2,8.3,8.1,16400,9.6,NA,NA
"CB4.3W",2025-07-09,2,28.2,8.2,7.8,16500,9.6,NA,NA
"CB4.3W",2025-07-09,3,28.2,8.2,7.4,16700,9.7,NA,NA
"CB4.3W",2025-07-09,4,28.2,7.2,7.1,17100,10,NA,NA
"CB4.3W",2025-07-09,5,26.8,7.2,4.5,17600,10.4,NA,NA
"CB4.3W",2025-07-09,6,25.9,7.2,0.5,18200,10.8,NA,NA
"CB4.3W",2025-07-09,7,25.2,7.2,0.2,19100,11.3,NA,NA
"CB4.2W",2025-07-09,0.5,28.3,8.1,7.3,15800,9.2,NA,"1.3"
"CB4.2W",2025-07-09,1,28.1,8.2,7.3,15800,9.2,NA,NA
"CB4.2W",2025-07-09,2,27.9,8.2,7.3,15800,9.2,NA,NA
"CB4.2W",2025-07-09,3,27.9,8.1,7.1,15800,9.2,NA,NA
"CB4.2W",2025-07-09,4,27.8,8.1,6.7,15800,9.2,NA,NA
"CB4.2W",2025-07-09,5,27.8,8,6.1,15800,9.2,NA,NA
"CB4.2W",2025-07-09,6,26.8,7.3,1.9,16300,9.6,NA,NA
"CB4.2W",2025-07-09,7,25.5,7.2,0.2,18100,10.7,NA,NA
"CB4.2C",2025-07-09,0.5,28.4,8.3,7.7,15400,8.9,NA,"1.3"
"CB4.2C",2025-07-09,1,28.4,8.3,7.7,15400,8.9,NA,NA
"CB4.2C",2025-07-09,2,28.2,8.3,7.6,15500,9,NA,NA
"CB4.2C",2025-07-09,3,28.1,8.3,7.4,15500,9,NA,NA
"CB4.2C",2025-07-09,4,28.1,8,7.3,15700,9.2,NA,NA
"CB4.2C",2025-07-09,5,28,8.2,6.8,16500,9.6,NA,NA
"CB4.2C",2025-07-09,6,27.9,8.1,6.3,17000,10,NA,NA
"CB4.2C",2025-07-09,7,27.3,7.8,4.6,17500,10.3,NA,NA
"CB4.2C",2025-07-09,8,25.5,7.3,1.2,19600,11.6,NA,NA
"CB4.2C",2025-07-09,9,24.4,7.2,0.1,20800,12.5,NA,NA
"CB4.2C",2025-07-09,10,23.3,7.2,0,22200,13.3,NA,NA
"CB4.2C",2025-07-09,11,23,7.2,0,22600,13.6,NA,NA
"CB4.2C",2025-07-09,12,22.7,7.2,0,23200,14,NA,NA
"CB4.2C",2025-07-09,13,22.6,7.2,0.1,23600,14.4,NA,NA
"CB4.2C",2025-07-09,14,22.2,7.2,0.1,24800,15.2,NA,NA
"CB4.2C",2025-07-09,15,21.9,7.2,0.1,25500,15.6,NA,NA
"CB4.2C",2025-07-09,17,21.8,7.2,0.1,26500,16.3,NA,NA
"CB4.2C",2025-07-09,19,21.7,7.2,0.1,27300,16.8,NA,NA
"CB4.2C",2025-07-09,21,21.7,7.2,0.1,28000,17.3,NA,NA
"CB4.2C",2025-07-09,23,21.8,7.2,0.1,28500,17.6,NA,NA
"CB4.2C",2025-07-09,25,21.8,7.2,0.1,28500,17.6,NA,NA
"CB4.2E",2025-07-09,0.5,28.7,8.3,8,15500,9,NA,"1.2"
"CB4.2E",2025-07-09,1,28.4,8.3,8,15500,9,NA,NA
"CB4.2E",2025-07-09,2,28.2,8.3,7.6,15900,9.3,NA,NA
"CB4.2E",2025-07-09,3,28.2,8.3,7.6,15900,9.3,NA,NA
"CB4.2E",2025-07-09,4,28.2,8.1,6.7,16500,9.7,NA,NA
"CB4.2E",2025-07-09,5,28.1,8.1,6.9,16900,9.9,NA,NA
"CB4.2E",2025-07-09,6,26.9,7.7,4.1,18000,10.7,NA,NA
"CB4.2E",2025-07-09,7,26.4,7.5,2.9,18700,11.1,NA,NA
"CB4.2E",2025-07-09,8,26.2,7.4,2.5,19000,11.2,NA,NA
"CB4.1E",2025-07-09,0.5,28.4,8.3,7.1,13800,8,NA,"1.2"
"CB4.1E",2025-07-09,1,28.4,8.3,7.1,13800,8,NA,NA
"CB4.1E",2025-07-09,2,28.4,8.3,7,13900,8,NA,NA
"CB4.1E",2025-07-09,3,28.4,8.3,7,13900,8,NA,NA
"CB4.1E",2025-07-09,4,28,8.2,6.7,14200,8.2,NA,NA
"CB4.1E",2025-07-09,5,27.9,8.1,5.7,15300,8.9,NA,NA
"CB4.1E",2025-07-09,6,27.9,8,4.8,16000,9.3,NA,NA
"CB4.1E",2025-07-09,7,27.5,7.8,3.4,17000,9.9,NA,NA
"CB4.1E",2025-07-09,8,26.5,7.4,0.5,18500,10.9,NA,NA
"CB4.1E",2025-07-09,9,26.5,7.4,0.9,19100,11.1,NA,NA
"CB4.1E",2025-07-09,10,25.6,7.3,0.7,19500,11.6,NA,NA
"CB4.1E",2025-07-09,11,24.7,7.2,0.2,20600,12.3,NA,NA
"CB4.1E",2025-07-09,12,24.2,7.2,0.1,21200,12.7,NA,NA
"CB4.1E",2025-07-09,13,23.7,7.2,0.1,21800,13,NA,NA
"CB4.1E",2025-07-09,14,23.4,7.2,0.1,22300,13.5,NA,NA
"CB4.1E",2025-07-09,15,22.8,7.2,0.1,23600,14.1,NA,NA
"CB4.1E",2025-07-09,16,22.8,7.2,0.1,23700,14.3,NA,NA
"CB4.1E",2025-07-09,17,22.6,7.2,0.1,24000,14.5,NA,NA
"CB4.1E",2025-07-09,19,22.1,7.2,0.1,25000,15.3,NA,NA
"CB4.1E",2025-07-09,21,22,7.2,0.1,25300,15.4,NA,NA
"CB4.1E",2025-07-09,22,22,7.2,0.1,25200,15.4,NA,NA
"CB4.1C",2025-07-09,0.5,28.4,8.4,7.8,13400,7.6,NA,"1.4"
"CB4.1C",2025-07-09,1,28.1,8.4,7.8,13400,7.6,NA,NA
"CB4.1C",2025-07-09,2,28.1,8.4,7.4,13500,7.7,NA,NA
"CB4.1C",2025-07-09,3,28.1,8.2,7.1,14100,8.1,NA,NA
"CB4.1C",2025-07-09,4,27.5,7.8,4.4,15600,9.1,NA,NA
"CB4.1C",2025-07-09,5,27.5,7.8,4,15800,9.2,NA,NA
"CB4.1C",2025-07-09,6,27,7.6,3.2,16600,9.6,NA,NA
"CB4.1C",2025-07-09,7,26.9,7.6,2.9,16600,9.6,NA,NA
"CB4.1C",2025-07-09,8,26.7,7.5,2.4,16600,9.7,NA,NA
"CB4.1C",2025-07-09,9,25.8,7.3,1,17800,10.4,NA,NA
"CB4.1C",2025-07-09,10,25.2,7.2,0.1,19000,11.6,NA,NA
"CB4.1C",2025-07-09,11,23.2,7.2,0,22000,13.5,NA,NA
"CB4.1C",2025-07-09,12,22.5,7.2,0,24000,14.3,NA,NA
"CB4.1C",2025-07-09,13,21.9,7.2,0,24700,14.9,NA,NA
"CB4.1C",2025-07-09,15,21.7,7.2,0,25000,15.2,NA,NA
"CB4.1C",2025-07-09,17,21.6,7.2,0.1,25800,15.7,NA,NA
"CB4.1C",2025-07-09,19,21.5,7.2,0.1,26200,16,NA,NA
"CB4.1C",2025-07-09,21,21.5,7.2,0.1,27000,16.6,NA,NA
"CB4.1C",2025-07-09,23,21.5,7.2,0.1,27100,16.7,NA,NA
"CB4.1C",2025-07-09,25,21.5,7.2,0.1,27100,16.7,NA,NA
"CB4.1C",2025-07-09,27,21.5,7.2,0.1,27400,16.9,NA,NA
"CB4.1C",2025-07-09,29,21.5,7.2,0.1,27500,16.9,NA,NA
"CB4.1W",2025-07-09,0.5,29.6,8.6,10.3,13500,7.8,NA,"1"
"CB4.1W",2025-07-09,1,29.5,8.6,10.1,13500,7.8,NA,NA
"CB4.1W",2025-07-09,2,28.7,8.4,8.8,13500,7.8,NA,NA
"CB4.1W",2025-07-09,3,27.9,8.3,7.2,13500,7.8,NA,NA
"CB4.1W",2025-07-09,4,27.9,8.3,6.9,13500,7.8,NA,NA
"CB4.1W",2025-07-09,5,27.8,8.2,6.5,13600,7.8,NA,NA
"CB4.1W",2025-07-09,6,27.8,8.2,6,13600,7.9,NA,NA
"CB4.1W",2025-07-09,7,27.7,8.1,5.3,13800,7.9,NA,NA
"CB3.3E",2025-07-09,0.5,28.8,8.6,10.3,10100,5.7,NA,"0.9"
"CB3.3E",2025-07-09,1,28.5,8.5,9.8,10000,5.6,NA,NA
"CB3.3E",2025-07-09,2,27.7,8.1,6.8,10000,5.6,NA,NA
"CB3.3E",2025-07-09,3,27.8,8.1,6.9,10000,5.6,NA,NA
"CB3.3E",2025-07-09,4,27.7,8.1,6.9,10000,5.7,NA,NA
"CB3.3E",2025-07-09,5,27.5,8.1,6.8,10700,6.1,NA,NA
"CB3.3E",2025-07-09,6,27.4,8,5,11800,6.8,NA,NA
"CB3.3C",2025-07-09,0.5,29.6,8.9,13.3,10500,5.9,NA,"0.8"
"CB3.3C",2025-07-09,1,29.7,8.9,13.5,10500,5.9,NA,NA
"CB3.3C",2025-07-09,2,29.6,8.9,12.8,10500,5.9,NA,NA
"CB3.3C",2025-07-09,3,27.8,8.2,7.3,10500,5.9,NA,NA
"CB3.3C",2025-07-09,4,27.7,8.2,6.1,10700,5.9,NA,NA
"CB3.3C",2025-07-09,5,27.7,8.2,6.1,10800,6.1,NA,NA
"CB3.3C",2025-07-09,6,27.5,8,4.5,12300,7,NA,NA
"CB3.3C",2025-07-09,7,26.8,7.5,2.4,12700,7.2,NA,NA
"CB3.3C",2025-07-09,8,26.4,7.3,1.6,13400,7.7,NA,NA
"CB3.3C",2025-07-09,9,26.2,7.3,1.3,13600,7.8,NA,NA
"CB3.3C",2025-07-09,10,26.1,7.3,0.8,14000,8.1,NA,NA
"CB3.3C",2025-07-09,11,25.6,7.3,0.6,14700,8.6,NA,NA
"CB3.3C",2025-07-09,12,24.1,7.2,0.1,18200,10.4,NA,NA
"CB3.3C",2025-07-09,13,22.9,7.2,0.1,20500,12.4,NA,NA
"CB3.3C",2025-07-09,14,22.4,7.2,0.1,22500,13.6,NA,NA
"CB3.3C",2025-07-09,15,22.2,7.2,0.1,23000,13.8,NA,NA
"CB3.3C",2025-07-09,17,21.9,7.2,0.1,23900,14.5,NA,NA
"CB3.3C",2025-07-09,19,21.8,7.2,0.1,24500,14.9,NA,NA
"CB3.3C",2025-07-09,21,21.7,7.2,0.1,24900,15.2,NA,NA
"CB3.3C",2025-07-09,22,21.6,7.2,0.1,25000,15.2,NA,NA
"CB3.3W",2025-07-09,0.5,28.6,8.5,9.7,10800,6.1,NA,"0.6"
"CB3.3W",2025-07-09,1,28.6,8.5,9.7,11000,6.2,NA,NA
"CB3.3W",2025-07-09,2,28.5,8.5,9.6,11300,6.2,NA,NA
"CB3.3W",2025-07-09,3,28.4,8.5,9.1,11300,6.4,NA,NA
"CB3.3W",2025-07-09,4,28.4,8.4,8.6,11400,6.4,NA,NA
"CB3.3W",2025-07-09,5,28.2,8.4,8.3,11600,6.6,NA,NA
"CB3.3W",2025-07-09,6,28.2,8.4,8.3,11600,6.6,NA,NA
"CB3.3W",2025-07-09,7,28.2,8.4,8.3,11500,6.6,NA,NA
"CB3.2",2025-07-10,0.5,28,8.3,7.6,7500,4.1,NA,"1"
"CB3.2",2025-07-10,1,28,8,7.6,7500,4.1,NA,NA
"CB3.2",2025-07-10,2,28.1,8.3,7.4,7800,4.3,NA,NA
"CB3.2",2025-07-10,3,28.2,8.4,7.3,8000,4.4,NA,NA
"CB3.2",2025-07-10,4,28,8.2,6.4,9300,5.2,NA,NA
"CB3.2",2025-07-10,5,27.8,8,5.6,9700,5.4,NA,NA
"CB3.2",2025-07-10,6,27.8,8.1,5.4,10300,5.8,NA,NA
"CB3.2",2025-07-10,7,26.8,7.5,2.7,12000,6.7,NA,NA
"CB3.2",2025-07-10,8,26.4,7.4,2.1,12800,7.3,NA,NA
"CB3.2",2025-07-10,9,26,7.3,1.5,13300,7.7,NA,NA
"CB3.2",2025-07-10,10,24.8,7.2,0.3,15600,9.2,NA,NA
"CB3.1",2025-07-10,0.5,28,7.6,6.4,4500,2.4,NA,"0.9"
"CB3.1",2025-07-10,1,28,7.6,6.4,4500,2.4,NA,NA
"CB3.1",2025-07-10,2,28,7.5,6.2,4500,2.4,NA,NA
"CB3.1",2025-07-10,3,28,7.5,6,4800,2.6,NA,NA
"CB3.1",2025-07-10,4,28,7.5,5.8,5000,2.7,NA,NA
"CB3.1",2025-07-10,5,27.9,7.4,5.3,5400,2.9,NA,NA
"CB3.1",2025-07-10,6,27.9,7.4,4.9,5700,3.1,NA,NA
"CB3.1",2025-07-10,7,27.9,7.4,4.7,5700,3.1,NA,NA
"CB3.1",2025-07-10,8,27.7,7.3,3.8,7000,3.8,NA,NA
"CB3.1",2025-07-10,9,26.6,7.2,2,10700,6.1,NA,NA
"CB3.1",2025-07-10,10,25.6,7.2,0.9,13600,7.8,NA,NA
"CB3.1",2025-07-10,11,25.4,7.2,0.7,13900,8,NA,NA
"CB3.1",2025-07-10,12,25.3,7.2,0.9,14100,8.2,NA,NA
"CB2.2",2025-07-10,0.5,28.3,7.4,6.3,2100,1.1,NA,"1"
"CB2.2",2025-07-10,1,28.4,7.4,6.2,2100,1.1,NA,NA
"CB2.2",2025-07-10,2,28.4,7.4,6.1,2400,1.2,NA,NA
"CB2.2",2025-07-10,3,28.3,7.4,5.6,2900,1.5,NA,NA
"CB2.2",2025-07-10,4,28.3,7.4,5.6,3000,1.6,NA,NA
"CB2.2",2025-07-10,5,28.3,7.4,5.6,3000,1.5,NA,NA
"CB2.2",2025-07-10,6,28.3,7.4,5.5,3000,1.6,NA,NA
"CB2.2",2025-07-10,7,28.3,7.4,5.4,3200,1.7,NA,NA
"CB2.2",2025-07-10,8,28.3,7.4,5.3,3500,1.8,NA,NA
"CB2.2",2025-07-10,9,28.2,7.4,5.1,3600,1.9,NA,NA
"CB2.1",2025-07-10,0.5,29.2,7.6,7,207,0.1,NA,"0.6"
"CB2.1",2025-07-10,1,29.2,7.6,7,207,0.1,NA,NA
"CB2.1",2025-07-10,2,29.2,7.6,7,207,0.1,NA,NA
"CB2.1",2025-07-10,3,29.2,7.6,7,207,0.1,NA,NA
"CB2.1",2025-07-10,4,29.2,7.6,7,207,0.1,NA,NA
"CB2.1",2025-07-10,5,29.2,7.7,6.9,207,0.1,NA,NA
"CB1.1",2025-07-10,0.5,29,7.8,6.6,237,0.1,NA,"0.8"
"CB1.1",2025-07-10,1,29.1,7.8,6.6,237,0.1,NA,NA
"CB1.1",2025-07-10,2,29,7.8,6.6,237,0.1,NA,NA
"CB1.1",2025-07-10,3,29,7.9,6.4,237,0.1,NA,NA
"WT1.1",2025-07-09,0.5,30.2,7.4,5.3,699,0.3,NA,"0.4"
"WT1.1",2025-07-09,1,30,7.4,4.9,756,0.4,NA,NA
"WT1.1",2025-07-09,2,29.9,7.3,4.3,757,0.4,NA,NA
"WT2.1",2025-07-09,0.5,30.6,7.4,4.9,1620,0.8,NA,"0.6"
"WT2.1",2025-07-09,1,30,7.3,4.2,1640,0.8,NA,NA
"WT2.1",2025-07-09,1.4,29.8,7.3,3.4,1690,0.8,NA,NA
"WT3.1",2025-07-09,0.5,30.2,7.5,5.4,2440,1.2,NA,"0.4"
"WT3.1",2025-07-09,1,30.1,7.5,5.3,2440,1.2,NA,NA
"WT3.1",2025-07-09,2,29.8,7.4,4.8,2440,1.2,NA,NA
"WT3.1",2025-07-09,3,29.7,7.4,4.1,2440,1.2,NA,NA
"WT4.1",2025-07-09,0.5,30.7,8.4,7.6,1030,0.5,NA,"0.3"
"WT4.1",2025-07-09,1,30.4,8.2,6,1050,0.5,NA,NA
"WT5.1",2025-07-09,0.5,30,8.6,10.5,6880,3.8,NA,"0.7"
"WT5.1",2025-07-09,1,29.8,8.5,10.4,7190,3.9,NA,NA
"WT5.1",2025-07-09,2,28.9,8.5,7.4,7910,4.4,NA,NA
"WT5.1",2025-07-09,3,28.9,8.5,7.2,8300,4.7,NA,NA
"WT5.1",2025-07-09,4,28.5,8.3,6.4,9200,5.2,NA,NA
"WT5.1",2025-07-09,5,27.4,7.8,3.4,10600,6,NA,NA
"WT5.1",2025-07-09,6,27,7.7,2.8,12000,7.7,NA,NA
"WT5.1",2025-07-09,7,26.4,7.7,1.6,12700,7.2,NA,NA
"WT5.1",2025-07-09,8,25.4,7.7,0.9,14800,8.6,NA,NA
"WT5.1",2025-07-09,9,24.6,7.7,0.4,16800,9.9,NA,NA
"WT5.1",2025-07-09,10,24.2,7.7,0.1,17500,10.3,NA,NA
"WT5.1",2025-07-09,11,23.7,7.7,0.1,18500,10.9,NA,NA
"WT5.1",2025-07-09,12,23.6,7.9,0.1,19100,11.4,NA,NA
"WT5.1",2025-07-09,13,23.4,7.9,0.2,19600,11.7,NA,NA
"WT5.1",2025-07-09,14,22.9,7.9,0.1,20600,12.3,NA,NA
"WT5.1",2025-07-09,15.2,22.9,7.9,0.1,20800,12.5,NA,NA
"WT6.1",2025-07-08,0.5,30.3,8.6,8.1,9020,5,NA,"1.1"
"WT6.1",2025-07-08,1,30.2,8.6,8,9020,5,NA,NA
"WT6.1",2025-07-08,2,30.2,8.3,6.7,9090,5,NA,NA
"WT6.1",2025-07-08,3,30,8.2,5.8,9100,5,NA,NA
"WT6.1",2025-07-08,4,29.8,8,4.4,9140,5.1,NA,NA
"WT6.1",2025-07-08,5,28.2,7.3,0.4,10100,5.7,NA,NA
"WT6.1",2025-07-08,5.4,25.2,7.1,0.2,12000,6.9,NA,NA
"WT7.1",2025-07-08,0.5,30.5,8.6,8.9,12000,6.8,NA,"0.8"
"WT7.1",2025-07-08,1,30.5,8.6,8.8,12000,6.8,NA,NA
"WT7.1",2025-07-08,2,30.4,8.5,8.6,12000,6.8,NA,NA
"WT7.1",2025-07-08,3,29.5,8.4,6.8,12000,6.8,NA,NA
"WT7.1",2025-07-08,4,28.9,8.1,5.3,12100,6.9,NA,NA
"WT7.1",2025-07-08,5,28,7.9,3.8,12100,6.9,NA,NA
"WT7.1",2025-07-08,6,28.4,7.5,1.8,12300,7,NA,NA
"WT7.1",2025-07-08,7,28.1,7.3,0.6,12500,7.1,NA,NA
"WT7.1",2025-07-08,8,26.7,7.3,0,13300,7.7,NA,NA
"WT7.1",2025-07-08,9,26.7,7.3,0,13300,7.7,NA,NA
"WT7.1",2025-07-08,10,26.7,7.3,0,13300,7.7,NA,NA
"WT7.1",2025-07-08,11,26.4,7.3,0,13500,7.7,NA,NA
"WT7.1",2025-07-08,11.8,26.5,7.3,0,13400,7.7,NA,NA
"WT8.1",2025-07-08,0.5,30.3,8.1,7.7,11500,6.5,NA,"0.9"
"WT8.1",2025-07-08,1,30.3,8.2,9.2,11700,6.6,NA,NA
"WT8.1",2025-07-08,2,30.1,8.1,7.3,12000,6.8,NA,NA
"WT8.1",2025-07-08,3,30,7.9,6.8,12200,6.9,NA,NA
"WT8.1",2025-07-08,4,29.1,7.2,1.3,12600,7.2,NA,NA
"WT8.1",2025-07-08,5,28.6,7.2,0.1,12900,7.4,NA,NA
"WT8.1",2025-07-08,6,28.3,7.2,0.1,13000,7.4,NA,NA
"WT8.1",2025-07-08,6.5,28.2,7.2,0.1,13000,7.4,NA,NA
"WT8.2",2025-07-08,0.5,31,8,7.1,12500,7.2,NA,"0.7"
"WT8.2",2025-07-08,1,30.1,7.5,4.2,12700,7.2,NA,NA
"WT8.2",2025-07-08,2,29.9,7.4,3.1,12800,7.3,NA,NA
"WT8.2",2025-07-08,2.1,29.9,7.3,2.8,12800,7.3,NA,NA
"WT8.3",2025-07-08,0.5,30.3,7.6,5.6,13200,7.6,NA,"0.6"
"WT8.3",2025-07-08,1,30.1,7.5,5.3,13300,7.6,NA,NA
"WT8.3",2025-07-08,2,29.9,7.4,4,13300,7.6,NA,NA
"WT8.3",2025-07-08,3,29.5,7.2,3.6,13300,7.6,NA,NA
"ET1.1",2025-07-10,0.5,30,7.8,5.7,212,0.1,NA,"0.5"
"ET1.1",2025-07-10,1,30,7.7,5.5,212,0.1,NA,NA
"ET1.1",2025-07-10,2.2,29.9,7.7,5.4,212,0.1,NA,NA
"ET2.1",2025-07-10,0.5,29.6,7.5,6.3,602,0.3,NA,"0.4"
"ET2.1",2025-07-10,1,29.6,7.5,6.2,603,0.3,NA,NA
"ET2.1",2025-07-10,2,29.6,7.5,6.2,603,0.3,NA,NA
"ET2.1",2025-07-10,3,29.6,7.5,6.2,602,0.3,NA,NA
"ET2.1",2025-07-10,5,29.6,7.5,6.2,603,0.3,NA,NA
"ET2.1",2025-07-10,7,29.6,7.5,6.2,603,0.3,NA,NA
"ET2.1",2025-07-10,9,29.6,7.5,6.2,603,0.3,NA,NA
"ET2.1",2025-07-10,11,29.6,7.5,6.2,603,0.3,NA,NA
"ET2.1",2025-07-10,13,29.6,7.5,6.2,604,0.3,NA,NA
"ET2.1",2025-07-10,13.3,29.6,7.5,6.2,604,0.3,NA,NA
"ET2.2",2025-07-10,0.5,29.9,7.5,5.7,619,0.3,NA,"0.4"
"ET2.2",2025-07-10,1,29.9,7.4,5.5,621,0.3,NA,NA
"ET2.2",2025-07-10,2,29.6,7.4,5,626,0.3,NA,NA
"ET2.2",2025-07-10,2.8,29.5,7.4,5,626,0.3,NA,NA
"ET2.3",2025-07-10,0.5,29.8,7.6,6.8,490,0.2,NA,"0.5"
"ET2.3",2025-07-10,1,29.8,7.6,6.8,490,0.2,NA,NA
"ET2.3",2025-07-10,2,29.8,7.6,6.8,490,0.2,NA,NA
"ET2.3",2025-07-10,3,29.8,7.6,6.8,491,0.2,NA,NA
"ET2.3",2025-07-10,5,29.8,7.6,6.7,494,0.2,NA,NA
"ET2.3",2025-07-10,7,29.8,7.6,6.7,496,0.2,NA,NA
"ET2.3",2025-07-10,9,29.8,7.6,6.7,520,0.2,NA,NA
"ET2.3",2025-07-10,11,29.8,7.6,6.7,530,0.2,NA,NA
"ET2.3",2025-07-10,12,29.8,7.5,6.6,531,0.2,NA,NA
"ET3.1",2025-07-07,0.5,30.3,7.3,5.3,700,0.3,NA,"0.5"
"ET3.1",2025-07-07,1,30.2,7.3,4.9,703,0.3,NA,NA
"ET3.1",2025-07-07,2,30.2,7.2,4.8,702,0.3,NA,NA
"ET3.1",2025-07-07,3,30.1,7.2,4.8,704,0.3,NA,NA
"ET3.1",2025-07-07,4,30.1,7.2,4.8,705,0.3,NA,NA
"ET3.1",2025-07-07,5,30.1,7.2,4.8,708,0.3,NA,NA
"ET3.1",2025-07-07,6,30,7.2,4.6,709,0.3,NA,NA
"ET3.1",2025-07-07,6.6,30,7.2,4.6,709,0.3,NA,NA
"ET4.1",2025-07-07,0.5,30.2,6.9,6.1,1760,0.9,NA,"0.3"
"ET4.1",2025-07-07,1,30.2,6.9,6.1,1800,0.9,NA,NA
"ET4.1",2025-07-07,2,30.1,6.9,6.1,1800,0.9,NA,NA
"ET4.1",2025-07-07,3,30,6.9,6,1810,0.9,NA,NA
"ET4.1",2025-07-07,4,30,6.9,6,1820,0.9,NA,NA
"ET4.1",2025-07-07,5,30,6.9,6,1830,0.9,NA,NA
"ET4.1",2025-07-07,5.3,30.1,6.9,6,1850,0.9,NA,NA
"ET4.2",2025-07-08,0.5,28.7,8.5,9.1,12600,7.2,NA,"0.7"
"ET4.2",2025-07-08,1,28.6,8.4,8.4,12700,7.2,NA,NA
"ET4.2",2025-07-08,2,28.6,8.5,8.4,12700,7.2,NA,NA
"ET4.2",2025-07-08,3,28.5,8.4,7.3,12800,7.8,NA,NA
"ET4.2",2025-07-08,4,28.5,8.3,7.2,12800,7.3,NA,NA
"ET4.2",2025-07-08,5,28.4,8.1,6.1,12900,7.4,NA,NA
"ET4.2",2025-07-08,6,28.1,8,5.2,13100,7.5,NA,NA
"ET4.2",2025-07-08,7,25.6,7.2,0.7,16400,9.5,NA,NA
"ET4.2",2025-07-08,8,24.2,7.1,0.3,17800,10.6,NA,NA
"ET4.2",2025-07-08,9,23.9,7.1,0.3,18500,11,NA,NA
"ET4.2",2025-07-08,9.9,23.6,7.1,0.3,19100,11.3,NA,NA
"ET5.1",2025-07-09,0.5,29.6,7.8,4.8,2210,1.1,NA,"0.2"
"ET5.1",2025-07-09,1,29.8,7.8,4.4,2400,1.2,NA,NA
"ET5.1",2025-07-09,2,29.8,7.8,4.4,2500,1.3,NA,NA
"ET5.1",2025-07-09,3,29.8,7.8,4.4,2610,1.3,NA,NA
"ET5.1",2025-07-09,4,29.8,7.8,4.4,2640,1.4,NA,NA
"ET5.1",2025-07-09,5.2,29.8,7.7,4.4,2610,1.3,NA,NA
"ET5.2",2025-07-09,0.5,29.1,7.8,6.3,16900,9.8,NA,"0.6"
"ET5.2",2025-07-09,1,29.1,7.8,6.2,16900,9.8,NA,NA
"ET5.2",2025-07-09,2,29.1,7.8,6.1,16900,9.9,NA,NA
"ET5.2",2025-07-09,3,29.1,7.8,6.1,16900,9.9,NA,NA
"ET5.2",2025-07-09,4,29.2,7.8,6.1,16900,9.9,NA,NA
"ET5.2",2025-07-09,5,29.2,7.8,6,16900,9.9,NA,NA
"ET5.2",2025-07-09,6,29.2,7.7,5.8,17000,9.9,NA,NA
"ET5.2",2025-07-09,7,29.1,7.7,5.6,17000,9.9,NA,NA
"ET5.2",2025-07-09,8,29.1,7.7,5.3,17100,10,NA,NA
"ET5.2",2025-07-09,9,29.1,7.6,5.2,17100,10,NA,NA
"ET5.2",2025-07-09,10,29.1,7.6,5.1,17100,10,NA,NA
"ET5.2",2025-07-09,10.6,29.1,7.6,5.1,17100,10,NA,NA
"ET6.1",2025-07-14,0.5,29.7,6.6,6.9,1047,0.5,NA,"0.3"
"ET6.1",2025-07-14,1,29.6,6.7,6.8,1043,0.5,NA,NA
"ET6.1",2025-07-14,2,29.6,6.7,6.8,1040,0.5,NA,NA
"ET6.1",2025-07-14,3,29.6,6.7,6.8,1040,0.5,NA,NA
"ET6.1",2025-07-14,4,29.6,6.7,6.8,1040,0.5,NA,NA
"ET6.1",2025-07-14,4.6,29.6,6.7,6.8,1040,0.5,NA,NA
"ET6.2",2025-07-09,0.5,29.5,7.4,6.8,12300,7,NA,"0.3"
"ET6.2",2025-07-09,1,29.5,7.3,6.6,12300,7,NA,NA
"ET6.2",2025-07-09,2,29.4,7.3,6.3,12300,7,NA,NA
"ET6.2",2025-07-09,3.1,29.2,7.2,5.9,12400,7.1,NA,NA
"ET7.1",2025-07-09,0.5,30,7.2,6.1,16600,9.6,NA,"0.5"
"ET7.1",2025-07-09,1,29.7,7.19,5.8,16700,9.8,NA,NA
"ET7.1",2025-07-09,2,29.6,7.17,5.6,17000,9.9,NA,NA
"ET7.1",2025-07-09,3,29.5,7.17,5.6,17000,9.9,NA,NA
"ET7.1",2025-07-09,4,29.5,7.17,5.5,17000,10,NA,NA
"ET7.1",2025-07-09,5,29.5,7.16,5.6,17000,9.9,NA,NA
"ET7.1",2025-07-09,6,29.6,7.16,5.7,16750,9.8,NA,NA
"ET8.1",2025-07-08,0.5,29.5,7.9,6.4,25300,15.3,NA,"0.5"
"ET8.1",2025-07-08,1,29.3,7.9,6.4,25300,15.3,NA,NA
"ET8.1",2025-07-08,2,28.9,7.9,6.2,25300,15.3,NA,NA
"ET8.1",2025-07-08,3,28.9,7.9,6.2,25300,15.3,NA,NA
"ET8.1",2025-07-08,4,28.9,7.9,6,25300,15.3,NA,NA
"ET8.1",2025-07-08,5,28.8,7.9,5.8,25300,15.3,NA,NA
"ET8.1",2025-07-08,5.3,28.8,7.9,5.6,25300,15.3,NA,NA
"ET9.1",2025-07-08,0.5,29.8,8,7.2,25700,15.6,NA,"0.6"
"ET9.1",2025-07-08,1,29.8,8,7.2,25800,15.6,NA,NA
"ET9.1",2025-07-08,2,29.3,8,6.9,26100,15.9,NA,NA
"ET9.1",2025-07-08,3,29.3,8,6.9,26200,15.9,NA,NA
"ET9.1",2025-07-08,4,29.3,8,6.6,26300,15.9,NA,NA
"ET9.1",2025-07-08,5,29.2,8,6.4,26200,15.9,NA,NA
"ET10.1",2025-07-08,0.5,29.1,6.5,3.7,173,0.1,NA,"0.3"
"ET10.1",2025-07-08,1,29,6.5,3.6,172,0.1,NA,NA
"ET10.1",2025-07-08,2,29,6.5,3.6,173,0.1,NA,NA
"ET10.1",2025-07-08,3,29,6.5,3.6,174,0.1,NA,NA
"ET10.1",2025-07-08,4,29,6.5,3.6,175,0.1,NA,NA
"ET10.1",2025-07-08,5,29,6.5,3.6,175,0.1,NA,NA
"ET10.1",2025-07-08,5.5,29,6.5,3.6,175,0.1,NA,NA
"EE1.1",2025-07-08,0.5,29,8.4,8.1,15900,9.3,NA,"1.2"
"EE1.1",2025-07-08,1,29,8.4,8,15900,9.3,NA,NA
"EE1.1",2025-07-08,2,28.9,8.4,7.9,15900,9.3,NA,NA
"EE1.1",2025-07-08,3,28.9,8.4,7.7,16000,9.3,NA,NA
"EE1.1",2025-07-08,4,28.8,8.4,7.4,16000,9.3,NA,NA
"EE1.1",2025-07-08,5,28.7,8.3,7,16100,9.4,NA,NA
"EE1.1",2025-07-08,6,28.6,8.3,6.7,16200,9.4,NA,NA
"EE1.1",2025-07-08,7,28.8,8.2,6.4,16500,9.8,NA,NA
"EE1.1",2025-07-08,8,27.4,7.4,1.7,18500,10.9,NA,NA
"EE1.1",2025-07-08,9,26.4,7.2,0.6,19300,11.5,NA,NA
"EE1.1",2025-07-08,10,24.6,7.2,0.2,21300,12.8,NA,NA
"EE1.1",2025-07-08,11,24,7.2,0.2,22500,13.6,NA,NA
"EE1.1",2025-07-08,12,23.4,7.1,0.2,23100,13.9,NA,NA
"EE2.1",2025-07-08,0.5,28.8,8.1,7.3,17500,10.2,NA,"0.8"
"EE2.1",2025-07-08,1,28.7,8.1,7.3,17500,10.2,NA,NA
"EE2.1",2025-07-08,2,28.5,8.1,7.1,17500,10.3,NA,NA
"EE2.1",2025-07-08,3,28.4,8.1,6.8,17600,10.3,NA,NA
"EE2.1",2025-07-08,4,28.4,8,6.6,17600,10.3,NA,NA
"EE2.1",2025-07-08,5,28.4,8,6.4,17600,10.4,NA,NA
"EE2.1",2025-07-08,6,28.4,7.8,5.4,17900,10.5,NA,NA
"EE2.1",2025-07-08,7,28.5,7.6,4.2,18100,10.6,NA,NA
"EE2.2",2025-07-08,0.5,29.2,8.1,7.3,18000,10.6,NA,"1"
"EE2.2",2025-07-08,1,29.1,8.1,7.3,18000,10.6,NA,NA
"EE2.2",2025-07-08,2,29,8.1,7.2,18000,10.6,NA,NA
"EE2.2",2025-07-08,3,29,8.1,7.1,18000,10.6,NA,NA
"EE2.2",2025-07-08,4,29,8.1,7,18000,10.6,NA,NA
"EE2.2",2025-07-08,5,28.9,8,6.6,18000,10.6,NA,NA
"EE2.2",2025-07-08,6,27.4,7.4,2.3,19200,11.4,NA,NA
"EE2.2",2025-07-08,7,26.4,7.2,0.2,20200,12.1,NA,NA
"EE2.2",2025-07-08,8,25.3,7.2,0.1,21500,12.9,NA,NA
"EE2.2",2025-07-08,9,24.9,7.2,0.1,21900,13.2,NA,NA
"EE2.2",2025-07-08,9.9,24.7,7.2,0.1,22000,13.3,NA,NA
"EE3.0",2025-07-09,0.5,29.6,7.7,6.7,22900,13.7,NA,"0.7"
"EE3.0",2025-07-09,1,29.6,7.7,6.6,22900,13.7,NA,NA
"EE3.0",2025-07-09,2,29.4,7.7,6.5,23000,13.8,NA,NA
"EE3.0",2025-07-09,3,29.4,7.7,6.5,23000,13.8,NA,NA
"EE3.0",2025-07-09,3.8,29.3,7.7,6.5,23000,13.8,NA,NA
"EE3.1",2025-07-09,0.5,29.2,7.8,6.8,21900,13.1,NA,"0.7"
"EE3.1",2025-07-09,1,29.2,7.8,6.8,21900,13.1,NA,NA
"EE3.1",2025-07-09,2,29.1,7.8,6.6,22100,13.2,NA,NA
"EE3.1",2025-07-09,3,29.2,7.8,6.5,22300,13.4,NA,NA
"EE3.1",2025-07-09,4,29.2,7.8,6.6,22400,13.4,NA,NA
"EE3.1",2025-07-09,5,29.2,7.8,6.6,22400,13.4,NA,NA
"EE3.1",2025-07-09,6,29.2,7.8,6.6,22500,13.5,NA,NA
"EE3.1",2025-07-09,7,29.2,7.8,6.6,22500,13.5,NA,NA
"EE3.1",2025-07-09,8,29.2,7.8,6.6,22500,13.5,NA,NA
"EE3.1",2025-07-09,9,29.2,7.8,6.7,22600,13.5,NA,NA
"EE3.1",2025-07-09,10,29.2,7.8,6.7,22600,13.6,NA,NA
"EE3.1",2025-07-09,11,29.2,7.8,6.6,22700,13.6,NA,NA
"EE3.2",2025-07-08,0.5,29,8,7.5,24600,14.9,NA,"1.1"
"EE3.2",2025-07-08,1,29,8,7.4,24600,14.9,NA,NA
"EE3.2",2025-07-08,2,28.9,8,7.3,24700,14.9,NA,NA
"EE3.2",2025-07-08,3,28.8,8,7.1,24700,14.9,NA,NA
"EE3.2",2025-07-08,5,28.7,7.9,6.6,24800,15,NA,NA
"EE3.2",2025-07-08,7,28.7,7.9,6.6,24800,15,NA,NA
"EE3.2",2025-07-08,9,28.6,7.9,6.7,24900,15,NA,NA
"EE3.2",2025-07-08,11,28.6,7.9,6.5,25000,15.2,NA,NA
"EE3.2",2025-07-08,13,28.6,7.9,6.3,25000,15.2,NA,NA
"EE3.2",2025-07-08,15,28.6,7.8,6.1,25200,15.3,NA,NA
"EE3.2",2025-07-08,17,28.6,7.8,5.8,25300,15.4,NA,NA
"EE3.2",2025-07-08,18,28.6,7.8,5.8,25300,15.4,NA,NA
"EE3.2",2025-07-08,19,28.6,7.8,5.6,25400,15.4,NA,NA
"EE3.2",2025-07-08,21,28.6,7.8,5.5,25400,15.4,NA,NA
"EE3.2",2025-07-08,23,28.6,7.8,5.4,25500,15.5,NA,NA
"EE3.2",2025-07-08,25,28.6,7.8,5.4,25500,15.5,NA,NA
"EE3.2",2025-07-08,26.9,28.6,7.8,5.4,25500,15.5,NA,NA
"EE3.3",2025-07-08,0.5,28.7,8,6.5,27700,17,NA,"0.5"
"EE3.3",2025-07-08,1,28.7,7.9,6.5,27700,17,NA,NA
"EE3.3",2025-07-08,2,28.7,7.9,6.5,27700,17,NA,NA
"EE3.3",2025-07-08,3.2,28.7,7.9,6.4,27700,17,NA,NA
"LE2.2",2025-07-07,0.5,28,8.1,6.7,15100,8.8,NA,"1.4"
"LE2.2",2025-07-07,1,27.9,8,5.7,15700,9.1,NA,NA
"LE2.2",2025-07-07,2,27.8,7.9,5,16100,9.4,NA,NA
"LE2.2",2025-07-07,3,27.8,7.9,4.9,16600,9.7,NA,NA
"LE2.2",2025-07-07,4,27.7,7.8,4.5,16800,9.8,NA,NA
"LE2.2",2025-07-07,5,27.5,7.6,3.7,17500,10.3,NA,NA
"LE2.2",2025-07-07,6,26.9,7.4,2.6,17900,10.6,NA,NA
"LE2.2",2025-07-07,7,26.8,7.4,2.3,18300,10.8,NA,NA
"LE2.2",2025-07-07,8,26.7,7.4,1.9,18300,10.8,NA,NA
"LE2.2",2025-07-07,9,26.5,7.3,1.5,18600,11,NA,NA
"LE2.2",2025-07-07,10,25.4,7.2,0.3,20400,12.2,NA,NA
"LE2.2",2025-07-07,11,24.2,7.2,0,22600,13.6,NA,NA
"LE2.2",2025-07-07,11.5,24.2,7.1,0,23000,13.9,NA,NA
"CCM0069",2025-07-14,0,30,7.1,5.1,2200,1.1,NA,"0.3"
"TRQ0088",2025-07-14,0,29.2,6.9,4.9,17300,10.1,NA,"0.5"
"TRQ0146",2025-07-14,0,29.4,7.5,6.5,1060,0.5,NA,"0.2"
"XDJ9007",2025-07-14,0,29.6,7.1,6.6,6340,3.4,NA,"0.3"
"WIW0141",2025-07-14,0,30.6,7.2,7.2,2370,1.2,NA,"0.3"
"XCI4078",2025-07-09,0.5,29.7,7.7,7,20700,12.3,NA,"0.6"
"XCI4078",2025-07-09,1,29.6,7.7,7,20700,12.3,NA,NA
"XCI4078",2025-07-09,2,29.4,7.7,7,21100,12.5,NA,NA
"XCI4078",2025-07-09,2.4,29.2,7.8,6.9,21100,12.6,NA,NA
"BXK0031",2025-07-08,0,30.6,7,5.2,23543,14.1,NA,"0.6"
"POK0087",2025-07-08,0,32.1,6.8,5.8,4050,2.1,NA,"0.4"
"MNK0146",2025-07-08,0,30.1,7.1,5.6,12500,7.1,NA,"0.4"
"XAK7810",2025-07-08,0.5,29.2,7.2,5.4,16700,9.7,NA,"0.5"
"XAK7810",2025-07-08,1,29.1,7.2,5.2,17000,9.9,NA,NA
"XAK7810",2025-07-08,2.1,29,7.2,6.2,17700,10.4,NA,NA
"XGG8251",2025-07-07,0,28.3,8.1,6.8,12300,7,NA,"0.5"
"CB5.1W",2025-07-01,0.5,27.4,8.1,6.2,18800,11.1,NA,"1.3"
"CB5.1W",2025-07-01,1,27.4,8.1,6.1,18800,11.1,NA,NA
"CB5.1W",2025-07-01,2,27.3,8.1,5.9,18900,11.2,NA,NA
"CB5.1W",2025-07-01,3,26.8,7.9,5,19400,11.5,NA,NA
"CB5.1W",2025-07-01,6,25,7.4,2.1,21700,13.1,NA,NA
"CB5.1W",2025-07-01,8,23.8,7.2,0.7,26400,16.5,NA,NA
"LE1.4",2025-07-01,0.5,28.3,8.2,6.6,18500,10.9,NA,"1.3"
"LE1.4",2025-07-01,1,28.3,8.2,6.6,18500,10.9,NA,NA
"LE1.4",2025-07-01,2,28.3,8.1,6.5,18500,10.9,NA,NA
"LE1.4",2025-07-01,3,28.3,8.1,6.4,18500,10.9,NA,NA
"LE1.4",2025-07-01,6,28.2,8.1,6.1,18500,10.9,NA,NA
"LE1.4",2025-07-01,9,25.4,7.4,1.8,21300,12.5,NA,NA
"LE1.4",2025-07-01,12,23.7,7.2,0.6,24300,14.8,NA,NA
"LE1.4",2025-07-01,14,22.6,7.2,0.4,26100,15.9,NA,NA
"LE1.3",2025-07-01,0.5,28.4,7.9,5.7,18900,11.2,NA,"1.3"
"LE1.3",2025-07-01,1,28.4,7.9,5.6,18900,11.2,NA,NA
"LE1.3",2025-07-01,2,28.4,7.9,5.6,18900,11.2,NA,NA
"LE1.3",2025-07-01,3,28.3,7.9,5.5,18900,11.2,NA,NA
"LE1.3",2025-07-01,6,28,7.8,5,19200,11.3,NA,NA
"LE1.3",2025-07-01,9,27.2,7.6,3.4,19800,11.8,NA,NA
"LE1.3",2025-07-01,12,26.7,7.5,2.8,20300,12.1,NA,NA
"LE1.3",2025-07-01,15,25.8,7.4,2.1,21300,12.8,NA,NA
"LE1.3",2025-07-01,18,25.4,7.4,1.8,21700,13,NA,NA
"LE1.3",2025-07-01,21,25.2,7.4,1.6,22100,13.3,NA,NA
"LE1.3",2025-07-01,23,25,7.3,1.5,22400,13.4,NA,NA
"LE1.2",2025-07-01,0.5,29.5,8.1,7.8,18400,10.8,NA,"1.3"
"LE1.2",2025-07-01,1,29.4,8.1,7.7,18400,10.8,NA,NA
"LE1.2",2025-07-01,2,29.4,8.1,7.5,18400,10.8,NA,NA
"LE1.2",2025-07-01,3,29.3,8.1,7.2,18400,10.8,NA,NA
"LE1.2",2025-07-01,6,27.8,7.3,2.4,18900,11.2,NA,NA
"LE1.2",2025-07-01,9,27.7,7.3,2.2,19000,11.3,NA,NA
"LE1.2",2025-07-01,12,26.5,7.4,2.2,24000,12.2,NA,NA
"LE1.2",2025-07-01,15,25.7,7.3,1.8,21500,12.9,NA,NA
"LE1.2",2025-07-01,16,25.6,7.3,1.8,21600,13,NA,NA
"LE1.1",2025-07-02,0.5,29.1,7.6,5.8,16500,9.6,NA,"0.7"
"LE1.1",2025-07-02,1,29.1,7.6,5.9,16500,9.6,NA,NA
"LE1.1",2025-07-02,2,29,7.4,4.9,16700,9.7,NA,NA
"LE1.1",2025-07-02,3,28.7,7.3,4.6,17100,10,NA,NA
"LE1.1",2025-07-02,6,27.9,7.1,0.9,18700,11.1,NA,NA
"LE1.1",2025-07-02,9,27.1,7.2,0.8,19900,11.8,NA,NA
"LE1.1",2025-07-02,11,25.9,7.2,0.9,21600,12.9,NA,NA
"RET1.1",2025-07-02,0.5,29,7.3,5,13500,7.8,NA,"0.6"
"RET1.1",2025-07-02,1,29.1,7.3,4.9,13500,7.8,NA,NA
"RET1.1",2025-07-02,2,29.1,7.3,4.6,13600,7.8,NA,NA
"RET1.1",2025-07-02,3,29.1,7.3,4.4,14100,8.1,NA,NA
"RET1.1",2025-07-02,6,28.2,7.1,0.7,17700,10.4,NA,NA
"RET1.1",2025-07-02,9,28,7.1,0.6,17900,10.5,NA,NA
"RET1.1",2025-07-02,11,28,7.1,0.6,17900,10.5,NA,NA
"TF1.7",2025-07-02,0.5,29.1,7.3,5.7,4890,2.6,NA,"0.3"
"TF1.7",2025-07-02,1,29.5,7.3,4.9,6300,3.4,NA,NA
"TF1.7",2025-07-02,2,29.7,7.2,4.5,7720,4.2,NA,NA
"TF1.6",2025-07-02,0.5,29.7,7,4.3,671,0.3,NA,"0.3"
"TF1.6",2025-07-02,1,29.7,7,4.3,673,0.3,NA,NA
"TF1.6",2025-07-02,2,29.7,7,4.3,663,0.3,NA,NA
"TF1.6",2025-07-02,3,29.7,7,4.3,678,0.3,NA,NA
"TF1.5",2025-07-02,0.5,29.5,6.9,5.2,273,0.1,NA,"0.3"
"TF1.5",2025-07-02,1,29.4,6.9,4.8,273,0.1,NA,NA
"TF1.5",2025-07-02,2,29.4,6.9,4.8,273,0.1,NA,NA
"TF1.5",2025-07-02,3,29.4,6.9,4.7,273,0.1,NA,NA
"TF1.5",2025-07-02,6,29.3,7,4.8,274,0.1,NA,NA
"TF1.5",2025-07-02,9,29.3,7,4.8,274,0.1,NA,NA
"TF1.4",2025-07-01,0,29.1,6.9,5,258,0.1,NA,"0.3"
"TF1.3",2025-07-01,0,29.2,6.9,5.2,308,0.1,NA,"0.3"
"TF1.2",2025-07-01,0,25.7,7.2,6.8,281,0.1,NA,"-9999"
"TF1.0",2025-07-01,0,26.9,7.4,6.9,417,0.2,NA,"-9999"
"WXT0001",2025-07-01,0,28.4,6.9,4.7,274,0.1,NA,"0.3"
"RET2.4",2025-07-07,0.5,28.2,8,7.1,9810,5.5,NA,"0.7"
"RET2.4",2025-07-07,1,28.2,8,6.8,9900,5.6,NA,NA
"RET2.4",2025-07-07,2,28.2,8,6.6,10200,5.7,NA,NA
"RET2.4",2025-07-07,3,28.1,7.9,6.2,10700,6,NA,NA
"RET2.4",2025-07-07,4,27.8,7.7,5.3,11500,6.5,NA,NA
"RET2.4",2025-07-07,5,27.8,7.7,5.1,11700,6.7,NA,NA
"RET2.4",2025-07-07,6,27.4,7.3,4.2,11900,6.7,NA,NA
"RET2.4",2025-07-07,7,26.9,7.2,2.4,13400,7.6,NA,NA
"RET2.4",2025-07-07,8,26.5,7.1,1.5,14200,8.2,NA,NA
"RET2.4",2025-07-07,9,26.3,7.1,1.1,14800,8.4,NA,NA
"RET2.4",2025-07-07,10,26.3,7.1,0.9,15300,9.8,NA,NA
"RET2.4",2025-07-07,11,26,7.1,0.5,15700,9.1,NA,NA
"RET2.4",2025-07-07,12,26,7.1,0.6,15700,9.2,NA,NA
"RET2.4",2025-07-07,13,25.7,7.1,0.3,16600,9.7,NA,NA
"RET2.4",2025-07-07,14,25.8,7.1,0.3,16600,9.7,NA,NA
"RET2.4",2025-07-07,15,25.7,7.1,0.3,16700,9.8,NA,NA
"RET2.4",2025-07-07,16,25.7,7.1,0.3,16800,9.9,NA,NA
"RET2.2",2025-07-07,0.5,28.6,7.4,5.4,4040,2.1,NA,"0.5"
"RET2.2",2025-07-07,2.3,28.5,7.4,5.2,4600,2.4,NA,NA
"RET2.2",2025-07-07,4.6,28.5,7.4,5.1,4730,2.5,NA,NA
"RET2.2",2025-07-07,6.9,28.4,7.3,4.6,5280,2.8,NA,NA
"RET2.2",2025-07-07,8.7,28.3,7.3,4.3,5580,3,NA,NA
"RET2.1",2025-07-07,0.5,29.5,7.7,7.3,264,0.1,NA,"0.7"
"RET2.1",2025-07-07,4.6,29.4,7.7,7.1,284,0.1,NA,NA
"RET2.1",2025-07-07,5.8,29.4,7.7,7,298,0.1,NA,NA
"TF2.4",2025-07-07,0.5,29.7,7.7,7.4,240,0.1,NA,"0.5"
"TF2.4",2025-07-07,4.8,29.6,7.6,7.2,240,0.1,NA,NA
"TF2.4",2025-07-07,7.8,29.6,7.6,7.1,241,0.1,NA,NA
"MAT0016",2025-07-07,0.5,30.3,7.8,7.1,225,0.1,NA,"0.5"
"MAT0016",2025-07-07,1,30.2,7.8,7,225,0.1,NA,NA
"MAT0016",2025-07-07,2,30.1,7.8,6.9,225,0.1,NA,NA
"MAT0016",2025-07-07,3,30.1,7.9,7.1,228,0.1,NA,NA
"MAT0016",2025-07-07,4,30,7.9,7.2,229,0.1,NA,NA
"TF2.3",2025-07-07,0.5,29.9,7.6,6.4,295,0.1,NA,"0.7"
"TF2.3",2025-07-07,2.3,29.7,7.6,6.3,295,0.1,NA,NA
"TF2.3",2025-07-07,4.6,29.7,7.6,6.2,295,0.1,NA,NA
"TF2.3",2025-07-07,6.9,29.7,7.6,6.2,295,0.1,NA,NA
"TF2.3",2025-07-07,9.1,29.7,7.6,6.2,295,0.1,NA,NA
"TF2.3",2025-07-07,12,29.7,7.6,6.1,295,0.1,NA,NA
"TF2.2",2025-07-07,0.5,29.6,7.8,7.1,313,0.2,NA,"0.6"
"TF2.2",2025-07-07,4.6,29.1,7.7,6.4,319,0.2,NA,NA
"TF2.2",2025-07-07,6.7,29.1,7.7,6.3,319,0.2,NA,NA
"TF2.1",2025-07-07,0.5,29.2,7.8,7.2,321,0.2,NA,"0.5"
"TF2.1",2025-07-07,4.6,29.1,7.8,7.1,322,0.2,NA,NA
"TF2.1",2025-07-07,9.1,29,7.8,7.1,324,0.2,NA,NA
"TF2.1",2025-07-07,13.7,29,7.8,7.1,327,0.2,NA,NA
"TF2.1",2025-07-07,16.7,29,7.8,7.1,327,0.2,NA,NA
"XFB1986",2025-07-07,0.5,30.2,7.8,7.7,273,0.1,NA,"0.4"
"PIS0033",2025-07-07,0,25,7.1,6.7,288,0.2,NA,"-9999"
"MAT0078",2025-07-07,0,25.2,6.8,5.7,168,0.1,NA,"-9999"
"CB7.1",2025-07-14,1,29.817,8.43,9.21,25394,15.38,"BAY892",""
"CB7.1",2025-07-14,2,29.764,8.42,9.2,25413,15.4,"BAY892",""
"CB7.1",2025-07-14,3,29.356,8.27,8.15,26359,16.04,"BAY892",""
"CB7.1",2025-07-14,4,29.251,8.17,7.3,26905,16.4,"BAY892",""
"CB7.1",2025-07-14,5,29.184,8.12,6.86,27174,16.58,"BAY892",""
"CB7.1",2025-07-14,6,28.94,7.99,5.68,27585,16.87,"BAY892",""
"CB7.1",2025-07-14,7,28.707,7.88,4.69,27796,17.01,"BAY892",""
"CB7.1",2025-07-14,8,28.425,7.75,3.81,28883,17.75,"BAY892",""
"CB7.1",2025-07-14,9,27.97,7.62,2.95,30712,19,"BAY892",""
"CB7.1",2025-07-14,10,27.583,7.55,2.46,32206,20.03,"BAY892",""
"CB7.1",2025-07-14,11,27.519,7.55,2.65,32697,20.37,"BAY892",""
"CB7.1",2025-07-14,12,27.44,7.51,2.05,32539,20.26,"BAY892",""
"CB7.1",2025-07-14,13,27.373,7.52,2.1,32861,20.48,"BAY892",""
"CB7.1",2025-07-14,14,27.329,7.53,2.22,33167,20.7,"BAY892",""
"CB7.1",2025-07-14,15,27.285,7.54,2.35,33437,20.88,"BAY892",""
"CB7.1",2025-07-14,16,27.241,7.55,2.5,33641,21.02,"BAY892",""
"CB7.1N",2025-07-14,1,29.839,8.24,8.01,24727,14.94,"BAY892",""
"CB7.1N",2025-07-14,2,29.593,8.21,7.83,24318,14.68,"BAY892",""
"CB7.1N",2025-07-14,3,29.637,8.21,7.84,24411,14.74,"BAY892",""
"CB7.1N",2025-07-14,4,29.674,8.22,7.9,24474,14.78,"BAY892",""
"CB7.1N",2025-07-14,5,29.723,8.22,7.95,24561,14.83,"BAY892",""
"CB7.1N",2025-07-14,6,29.636,8.22,7.92,24615,14.87,"BAY892",""
"CB7.1N",2025-07-14,7,29.583,8.22,7.89,24641,14.89,"BAY892",""
"CB7.1N",2025-07-14,8,29.544,8.22,7.86,24662,14.9,"BAY892",""
"CB7.1N",2025-07-14,9,29.47,8.22,7.81,24703,14.93,"BAY892",""
"CB7.1N",2025-07-14,10,29.391,8.22,7.75,24751,14.96,"BAY892",""
"CB7.1N",2025-07-14,11,29.255,8.21,7.61,24875,15.05,"BAY892",""
"CB7.1N",2025-07-14,12,29.239,8.21,7.5,24914,15.08,"BAY892",""
"CB7.1N",2025-07-14,13,29.145,8.18,7.14,25100,15.2,"BAY892",""
"CB7.1N",2025-07-14,14,28.711,7.87,4.88,26102,15.88,"BAY892",""
"CB7.1N",2025-07-14,15,28.693,7.86,4.85,26123,15.89,"BAY892",""
"CB7.1N",2025-07-14,16,28.696,7.87,4.88,26093,15.87,"BAY892",""
"CB7.1N",2025-07-14,17,28.678,7.87,4.89,26114,15.88,"BAY892",""
"CB7.1N",2025-07-14,18,28.664,7.87,4.85,26162,15.92,"BAY892",""
"CB7.1N",2025-07-14,19,28.635,7.84,4.67,26276,15.99,"BAY892",""
"CB7.1N",2025-07-14,20,28.561,7.8,4.38,26597,16.21,"BAY892",""
"CB7.1N",2025-07-14,21,28.553,7.78,4.25,26634,16.23,"BAY892",""
"CB7.1N",2025-07-14,22,28.462,7.73,3.89,27015,16.49,"BAY892",""
"CB7.1N",2025-07-14,23,28.461,7.73,3.9,27024,16.5,"BAY892",""
"CB7.1N",2025-07-14,24,28.493,7.74,3.97,26894,16.41,"BAY892",""
"CB7.1S",2025-07-14,1,29.806,8.34,8.11,26376,16.04,"BAY892",""
"CB7.1S",2025-07-14,2,29.498,8.35,8.22,26462,16.1,"BAY892",""
"CB7.1S",2025-07-14,3,29.713,8.23,7.74,28008,17.13,"BAY892",""
"CB7.1S",2025-07-14,4,29.493,8.19,7.42,28640,17.56,"BAY892",""
"CB7.1S",2025-07-14,5,29.329,8.17,7.23,28817,17.69,"BAY892",""
"CB7.1S",2025-07-14,6,28.874,8.11,6.79,29874,18.41,"BAY892",""
"CB7.1S",2025-07-14,7,27.221,7.76,4.17,34645,21.72,"BAY892",""
"CB7.1S",2025-07-14,8,27.164,7.75,4.1,34807,21.83,"BAY892",""
"CB7.1S",2025-07-14,9,27.138,7.75,4.08,34886,21.89,"BAY892",""
"CB7.1S",2025-07-14,10,27.055,7.73,3.95,35120,22.05,"BAY892",""
"CB7.1S",2025-07-14,11,26.551,7.63,3.24,36499,23.02,"BAY892",""
"CB7.1S",2025-07-14,12,26.525,7.62,3.27,36579,23.08,"BAY892",""
"CB7.1S",2025-07-14,13,26.543,7.63,3.27,36525,23.04,"BAY892",""
"CB7.1S",2025-07-14,14,26.534,7.63,3.26,36552,23.06,"BAY892",""
"CB7.1S",2025-07-14,15,26.53,7.62,3.29,36564,23.07,"BAY892",""
"CB7.1S",2025-07-14,16,26.528,7.62,3.33,36574,23.08,"BAY892",""
"CB7.2",2025-07-14,1,29.581,8.35,7.89,26459,16.1,"BAY892",""
"CB7.2",2025-07-14,2,29.563,8.34,7.9,26448,16.09,"BAY892",""
"CB7.2",2025-07-14,3,29.318,8.26,7.72,28558,17.51,"BAY892",""
"CB7.2",2025-07-14,4,28.635,8.14,7.09,30308,18.71,"BAY892",""
"CB7.2",2025-07-14,5,28.761,8.13,7.07,31543,19.55,"BAY892",""
"CB7.2",2025-07-14,6,27.788,7.96,5.82,34124,21.35,"BAY892",""
"CB7.2",2025-07-14,7,26.814,7.86,5.1,36197,22.81,"BAY892",""
"CB7.2",2025-07-14,8,25.49,7.78,4.69,38454,24.42,"BAY892",""
"CB7.2",2025-07-14,9,25.464,7.78,4.67,38480,24.44,"BAY892",""
"CB7.2",2025-07-14,10,25.4,7.76,4.6,38551,24.49,"BAY892",""
"CB7.2",2025-07-14,11,25.389,7.77,4.49,38551,24.49,"BAY892",""
"CB7.2",2025-07-14,12,25.305,7.77,4.48,38667,24.57,"BAY892",""
"CB7.2",2025-07-14,13,25.25,7.77,4.47,38747,24.63,"BAY892",""
"CB7.2",2025-07-14,14,25.196,7.77,4.44,38822,24.68,"BAY892",""
"CB7.2",2025-07-14,15,25.098,7.77,4.44,38965,24.78,"BAY892",""
"CB7.2",2025-07-14,16,24.997,7.77,4.45,39115,24.89,"BAY892",""
"CB7.2",2025-07-14,17,24.917,7.77,4.46,39230,24.97,"BAY892",""
"CB7.2",2025-07-14,18,24.746,7.76,4.49,39482,25.16,"BAY892",""
"CB7.2",2025-07-14,19,24.604,7.76,4.5,39696,25.31,"BAY892",""
"CB7.2",2025-07-14,20,24.564,7.75,4.51,39762,25.36,"BAY892",""
"CB7.2",2025-07-14,21,24.565,7.74,4.52,39763,25.36,"BAY892",""
"CB7.2",2025-07-14,22,24.562,7.74,4.56,39776,25.37,"BAY892",""
"CB7.2E",2025-07-14,1,29.092,8.3,7.47,28480,17.46,"BAY892",""
"CB7.2E",2025-07-14,2,28.879,8.22,7.26,29263,18,"BAY892",""
"CB7.2E",2025-07-14,3,28.348,8.11,6.83,31602,19.6,"BAY892",""
"CB7.2E",2025-07-14,4,28.054,8.02,6.19,33223,20.72,"BAY892",""
"CB7.2E",2025-07-14,5,26.325,7.83,4.79,37159,23.49,"BAY892",""
"CB7.2E",2025-07-14,6,26.277,7.83,4.8,37231,23.54,"BAY892",""
"CB7.2E",2025-07-14,7,26.213,7.83,4.8,37341,23.62,"BAY892",""
"CB7.2E",2025-07-14,8,26.18,7.83,4.81,37396,23.66,"BAY892",""
"CB7.2E",2025-07-14,9,26.15,7.83,4.8,37446,23.7,"BAY892",""
"CB7.2E",2025-07-14,10,26.096,7.82,4.75,37528,23.75,"BAY892",""
"CB7.2E",2025-07-14,11,26.087,7.82,4.74,37544,23.77,"BAY892",""
"CB7.2E",2025-07-14,12,26.076,7.81,4.74,37563,23.78,"BAY892",""
"CB7.2E",2025-07-14,13,26.08,7.81,4.78,37569,23.78,"BAY892",""
"CB7.3",2025-07-14,1,28.166,8.13,7.21,31346,19.43,"BAY892",""
"CB7.3",2025-07-14,2,28.152,8.14,7.23,31488,19.53,"BAY892",""
"CB7.3",2025-07-14,3,27.242,8.04,6.85,35105,22.04,"BAY892",""
"CB7.3",2025-07-14,4,26.656,8,6.66,36707,23.17,"BAY892",""
"CB7.3",2025-07-14,5,24.718,7.93,6.48,40366,25.79,"BAY892",""
"CB7.3",2025-07-14,6,24.649,7.93,6.56,41032,26.26,"BAY892",""
"CB7.3",2025-07-14,7,24.614,7.93,6.58,41168,26.36,"BAY892",""
"CB7.3",2025-07-14,8,24.479,7.93,6.53,41226,26.4,"BAY892",""
"CB7.3",2025-07-14,9,23.562,7.9,6.27,41953,26.94,"BAY892",""
"CB7.3",2025-07-14,10,23.194,7.88,6.17,42408,27.27,"BAY892",""
"CB7.3",2025-07-14,11,22.269,7.85,6.05,43652,28.17,"BAY892",""
"CB7.3",2025-07-14,12,22.209,7.84,6.1,43722,28.22,"BAY892",""
"CB7.3",2025-07-14,13,22.077,7.84,6.11,43920,28.37,"BAY892",""
"CB7.3E",2025-07-14,1,28.365,8.15,7.24,32579,20.27,"BAY892",""
"CB7.3E",2025-07-14,2,28.205,8.13,7.03,33545,20.94,"BAY892",""
"CB7.3E",2025-07-14,3,25.981,7.94,6.01,38084,24.15,"BAY892",""
"CB7.3E",2025-07-14,4,24.72,7.88,5.78,40140,25.63,"BAY892",""
"CB7.3E",2025-07-14,5,24.628,7.87,5.7,40266,25.72,"BAY892",""
"CB7.3E",2025-07-14,6,24.435,7.86,5.61,40414,25.83,"BAY892",""
"CB7.3E",2025-07-14,7,24.41,7.86,5.57,40434,25.84,"BAY892",""
"CB7.3E",2025-07-14,8,24.138,7.84,5.44,40861,26.15,"BAY892",""
"CB7.3E",2025-07-14,9,24.098,7.84,5.39,40946,26.21,"BAY892",""
"CB7.3E",2025-07-14,10,24.105,7.84,5.41,40901,26.18,"BAY892",""
"CB7.3E",2025-07-14,11,24.127,7.84,5.38,40925,26.19,"BAY892",""
"CB7.3E",2025-07-14,12,24.053,7.84,5.37,41089,26.31,"BAY892",""
"CB7.3E",2025-07-14,13,24.058,7.84,5.36,41108,26.32,"BAY892",""
"CB7.3E",2025-07-14,14,24.052,7.84,5.35,41180,26.37,"BAY892",""
"CB7.3E",2025-07-14,15,23.946,7.83,5.29,41348,26.5,"BAY892",""
"CB7.3E",2025-07-14,16,23.832,7.82,5.26,41469,26.58,"BAY892",""
"CB7.3E",2025-07-14,17,23.791,7.81,5.24,41500,26.61,"BAY892",""
"CB7.3E",2025-07-14,18,23.759,7.81,5.24,41528,26.63,"BAY892",""
"CB7.3N",2025-07-14,1,28.606,8.15,7.41,31389,19.45,"BAY892",""
"CB7.3N",2025-07-14,29,23.638,7.78,5.1,41863,26.87,"BAY892",""
"CB7.3N",2025-07-14,30,23.65,7.78,5.1,41894,26.89,"BAY892",""
"CB7.3N",2025-07-14,31,23.644,7.78,5.1,41897,26.89,"BAY892",""
"CB7.3N",2025-07-14,32,23.655,7.78,5.11,41944,26.92,"BAY892",""
"CB7.3N",2025-07-14,33,23.64,7.79,5.13,41979,26.95,"BAY892",""
"CB7.3N",2025-07-14,34,23.632,7.79,5.13,41991,26.96,"BAY892",""
"CB7.3N",2025-07-14,35,23.619,7.79,5.13,42005,26.97,"BAY892",""
"CB7.3N",2025-07-14,36,23.61,7.79,5.13,42012,26.97,"BAY892",""
"CB7.3N",2025-07-14,37,23.589,7.78,5.11,42034,26.99,"BAY892",""
"CB7.3N",2025-07-14,38,23.584,7.78,5.11,42053,27,"BAY892",""
"CB8.1",2025-07-14,1,27.52,7.92,6.47,33638,21.02,"BAY892",""
"CB8.1",2025-07-14,2,26.758,7.91,6.17,35321,22.2,"BAY892",""
"CB8.1",2025-07-14,3,26.126,7.85,5.66,36467,23.01,"BAY892",""
"CB8.1",2025-07-14,4,25.68,7.82,5.39,37127,23.48,"BAY892",""
"CB8.1",2025-07-14,5,23.689,7.8,5.31,40374,25.81,"BAY892",""
"CB8.1",2025-07-14,6,23.367,7.79,5.3,40875,26.17,"BAY892",""
"CB8.1",2025-07-14,7,23.288,7.78,5.3,40986,26.25,"BAY892",""
"CB8.1",2025-07-14,8,21.346,7.79,5.76,44049,28.47,"BAY892",""
"EE3.4",2025-07-14,1,30.242,8.11,7.57,27013,16.46,"BAY892",""
"EE3.4",2025-07-14,2,30.373,8.15,7.79,27023,16.46,"BAY892",""
"EE3.4",2025-07-14,3,30.267,8.14,7.67,27009,16.45,"BAY892",""
"EE3.5",2025-07-14,1,30.292,8.25,7.69,25401,15.38,"BAY892",""
"EE3.5",2025-07-14,2,29.366,8.13,7.07,26765,16.31,"BAY892",""
"EE3.5",2025-07-14,3,29.332,8.1,6.83,26855,16.37,"BAY892",""
"EE3.5",2025-07-14,4,29.337,8.1,6.76,26832,16.35,"BAY892",""
"EE3.5",2025-07-14,5,29.312,8.08,6.58,26878,16.38,"BAY892",""
"EE3.5",2025-07-14,6,29.32,8.07,6.48,26860,16.37,"BAY892",""
"EE3.5",2025-07-14,7,29.152,8.03,6.08,27169,16.58,"BAY892",""
"EE3.5",2025-07-14,8,29.046,7.98,5.7,27360,16.71,"BAY892",""
"EE3.5",2025-07-14,9,28.921,7.93,5.31,27627,16.89,"BAY892",""
"EE3.5",2025-07-14,10,28.834,7.88,4.91,27909,17.08,"BAY892",""
"EE3.5",2025-07-14,11,28.853,7.9,5.04,27826,17.03,"BAY892",""
"EE3.5",2025-07-14,12,28.571,7.69,3.91,28516,17.5,"BAY892",""
"EE3.5",2025-07-14,13,28.979,7.96,5.6,27524,16.82,"BAY892",""
"EE3.5",2025-07-14,14,29.046,7.97,5.68,27417,16.75,"BAY892",""
"EE3.5",2025-07-14,15,28.937,7.93,5.36,27615,16.88,"BAY892",""
"EE3.5",2025-07-14,16,28.588,7.76,3.96,28530,17.51,"BAY892",""
"EE3.5",2025-07-14,17,28.497,7.71,3.64,28781,17.68,"BAY892",""
"EE3.5",2025-07-14,18,28.388,7.67,3.32,29102,17.9,"BAY892",""
"EE3.5",2025-07-14,19,28.366,7.64,3.09,29154,17.93,"BAY892",""
"EE3.5",2025-07-14,20,28.325,7.62,2.93,29267,18.01,"BAY892",""
"EE3.5",2025-07-14,21,28.615,7.68,3.76,28452,17.45,"BAY892",""
"EE3.5",2025-07-14,22,28.496,7.7,3.46,28740,17.65,"BAY892",""
"EE3.5",2025-07-14,23,28.119,7.51,2.13,29733,18.33,"BAY892",""
"EE3.5",2025-07-14,24,27.854,7.47,1.85,30728,19.01,"BAY892",""
"EE3.5",2025-07-14,25,27.842,7.46,1.86,30772,19.04,"BAY892",""
"CB5.4",2025-07-15,1,28.556,8.25,7.21,22321,13.38,"BAY892",""
"CB5.4",2025-07-15,2,28.576,8.23,7.1,22122,13.25,"BAY892",""
"CB5.4",2025-07-15,3,29.243,8.31,7.16,23452,14.11,"BAY892",""
"CB5.4",2025-07-15,4,28.925,8.08,5.46,24055,14.51,"BAY892",""
"CB5.4",2025-07-15,5,29.319,8.28,6.78,23668,14.25,"BAY892",""
"CB5.4",2025-07-15,6,27.638,7.47,1.83,26134,15.92,"BAY892",""
"CB5.4",2025-07-15,7,27.478,7.43,1.63,26372,16.08,"BAY892",""
"CB5.4",2025-07-15,8,27.517,7.44,1.6,26326,16.05,"BAY892",""
"CB5.4",2025-07-15,9,27.126,7.31,0.75,27247,16.67,"BAY892",""
"CB5.4",2025-07-15,10,26.849,7.27,0.37,29110,17.93,"BAY892",""
"CB5.4",2025-07-15,11,26.94,7.27,0.33,30213,18.68,"BAY892",""
"CB5.4",2025-07-15,12,26.886,7.27,0.3,30697,19.01,"BAY892",""
"CB5.4",2025-07-15,13,26.944,7.28,0.45,29709,18.34,"BAY892",""
"CB5.4",2025-07-15,14,26.924,7.27,0.33,29905,18.47,"BAY892",""
"CB5.4",2025-07-15,15,26.907,7.31,0.47,32319,20.12,"BAY892",""
"CB5.4",2025-07-15,16,26.961,7.32,0.56,32432,20.2,"BAY892",""
"CB5.4",2025-07-15,17,26.946,7.32,0.52,32546,20.28,"BAY892",""
"CB5.4",2025-07-15,18,26.958,7.33,0.63,32770,20.43,"BAY892",""
"CB5.4",2025-07-15,19,27.028,7.36,0.75,32942,20.55,"BAY892",""
"CB5.4",2025-07-15,20,27.033,7.36,0.78,32981,20.57,"BAY892",""
"CB5.4",2025-07-15,21,27.062,7.38,0.91,33082,20.64,"BAY892",""
"CB5.4",2025-07-15,22,27.086,7.4,1.02,33153,20.69,"BAY892",""
"CB5.4",2025-07-15,23,27.097,7.41,1.11,33207,20.73,"BAY892",""
"CB5.4",2025-07-15,24,27.133,7.45,1.39,33410,20.86,"BAY892",""
"CB5.4",2025-07-15,25,27.146,7.47,1.48,33446,20.89,"BAY892",""
"CB5.4",2025-07-15,26,27.098,7.45,1.39,33554,20.96,"BAY892",""
"CB5.4",2025-07-15,27,27.088,7.47,1.52,33724,21.08,"BAY892",""
"CB5.4",2025-07-15,28,27.089,7.46,1.53,33765,21.11,"BAY892",""
"CB5.4",2025-07-15,29,27.072,7.46,1.56,33874,21.19,"BAY892",""
"CB5.4",2025-07-15,30,27.048,7.44,1.54,33926,21.22,"BAY892",""
"CB5.4W",2025-07-15,1,29.615,8.06,5.67,22374,13.4,"BAY892",""
"CB5.4W",2025-07-15,2,29.599,7.98,5.08,22503,13.48,"BAY892",""
"CB5.4W",2025-07-15,3,29.289,7.87,4.56,22851,13.71,"BAY892",""
"CB5.5",2025-07-15,1,28.562,8.32,7.59,23180,13.94,"BAY892",""
"CB5.5",2025-07-15,2,28.55,8.29,7.4,23256,13.99,"BAY892",""
"CB5.5",2025-07-15,3,28.633,8.21,6.79,23561,14.19,"BAY892",""
"CB5.5",2025-07-15,4,28.666,8.05,5.78,24103,14.55,"BAY892",""
"CB5.5",2025-07-15,5,28.442,7.87,4.56,24478,14.8,"BAY892",""
"CB5.5",2025-07-15,6,28.355,7.86,4.24,25098,15.21,"BAY892",""
"CB5.5",2025-07-15,7,27.375,7.33,0.7,28343,17.41,"BAY892",""
"CB5.5",2025-07-15,8,27.362,7.33,0.71,28706,17.65,"BAY892",""
"CB5.5",2025-07-15,9,27.303,7.32,0.67,28795,17.71,"BAY892",""
"CB5.5",2025-07-15,10,27.283,7.32,0.66,28844,17.75,"BAY892",""
"CB5.5",2025-07-15,11,27.345,7.34,0.69,30356,18.77,"BAY892",""
"CB5.5",2025-07-15,12,27.163,7.34,0.78,32070,19.94,"BAY892",""
"CB5.5",2025-07-15,13,27.281,7.44,1.45,32508,20.24,"BAY892",""
"CB5.5",2025-07-15,14,27.088,7.43,1.51,33353,20.83,"BAY892",""
"CB6.1",2025-07-15,1,29.143,8.27,7.62,24781,14.99,"BAY892",""
"CB6.1",2025-07-15,2,29.037,8.28,7.64,24816,15.02,"BAY892",""
"CB6.1",2025-07-15,3,29.118,8.28,7.46,24998,15.13,"BAY892",""
"CB6.1",2025-07-15,4,29.166,8.3,7.34,25160,15.24,"BAY892",""
"CB6.1",2025-07-15,5,29.217,8.31,7.24,25522,15.48,"BAY892",""
"CB6.1",2025-07-15,6,29.144,8.24,6.69,26359,16.04,"BAY892",""
"CB6.1",2025-07-15,7,28.006,7.64,2.67,29263,18.02,"BAY892",""
"CB6.1",2025-07-15,8,27.065,7.38,0.97,32436,20.2,"BAY892",""
"CB6.1",2025-07-15,9,26.837,7.38,0.93,33779,21.13,"BAY892",""
"CB6.1",2025-07-15,10,26.766,7.38,0.99,34240,21.45,"BAY892",""
"CB6.1",2025-07-15,11,26.718,7.37,1.08,34477,21.61,"BAY892",""
"CB6.2",2025-07-15,1,29.244,8.04,6.74,26114,15.87,"BAY892",""
"CB6.2",2025-07-15,2,28.818,8.06,6.68,26138,15.9,"BAY892",""
"CB6.2",2025-07-15,3,28.657,8.03,6.38,26208,15.95,"BAY892",""
"CB6.2",2025-07-15,4,28.615,8,6.01,26259,15.98,"BAY892",""
"CB6.2",2025-07-15,5,28.582,7.99,5.78,26359,16.05,"BAY892",""
"CB6.2",2025-07-15,6,28.587,8,5.64,26377,16.06,"BAY892",""
"CB6.2",2025-07-15,7,28.274,7.86,4.58,27971,17.14,"BAY892",""
"CB6.2",2025-07-15,8,27.256,7.44,1.76,31778,19.74,"BAY892",""
"CB6.2",2025-07-15,9,26.921,7.38,1.44,33102,20.66,"BAY892",""
"CB6.3",2025-07-15,1,29.299,8.22,7.52,26783,16.32,"BAY892",""
"CB6.3",2025-07-15,2,29.051,8.23,7.56,26764,16.31,"BAY892",""
"CB6.3",2025-07-15,3,28.906,8.22,7.42,26758,16.31,"BAY892",""
"CB6.3",2025-07-15,4,28.843,8.2,7.11,26758,16.31,"BAY892",""
"CB6.3",2025-07-15,5,28.744,8.13,6.54,26954,16.45,"BAY892",""
"CB6.3",2025-07-15,6,28.35,7.89,5.17,28351,17.39,"BAY892",""
"CB6.3",2025-07-15,7,28.029,7.8,4.53,29226,17.99,"BAY892",""
"CB6.3",2025-07-15,8,27.702,7.7,3.84,30227,18.68,"BAY892",""
"CB6.3",2025-07-15,9,26.749,7.55,2.69,34006,21.29,"BAY892",""
"CB6.3",2025-07-15,10,26.059,7.56,2.97,36353,22.93,"BAY892",""
"CB6.4",2025-07-15,1,28.793,8.24,7.65,29863,18.41,"BAY892",""
"CB6.4",2025-07-15,2,28.599,8.2,7.56,30997,19.18,"BAY892",""
"CB6.4",2025-07-15,3,28.549,8.17,7.35,31563,19.57,"BAY892",""
"CB6.4",2025-07-15,4,28.839,8.16,7.16,32378,20.12,"BAY892",""
"CB6.4",2025-07-15,5,28.838,8.15,7.06,32547,20.24,"BAY892",""
"CB6.4",2025-07-15,6,28.606,8.11,6.81,33153,20.66,"BAY892",""
"CB6.4",2025-07-15,7,28.155,8.04,6.28,33663,21.02,"BAY892",""
"CB6.4",2025-07-15,8,27.283,7.89,5.27,34781,21.81,"BAY892",""
"LE3.6",2025-07-15,1,29.228,8.18,7.08,25077,15.19,"BAY892",""
"LE3.6",2025-07-15,2,29.146,8.2,7.05,25091,15.2,"BAY892",""
"LE3.6",2025-07-15,3,29.143,8.19,6.93,25099,15.2,"BAY892",""
"LE3.6",2025-07-15,4,29.051,8.12,6.26,25194,15.27,"BAY892",""
"LE3.6",2025-07-15,5,29.048,8.11,6.16,25200,15.27,"BAY892",""
"LE3.6",2025-07-15,6,28.913,7.94,4.85,25393,15.4,"BAY892",""
"LE3.6",2025-07-15,7,28.592,7.69,3.36,25872,15.73,"BAY892",""
"LE3.6",2025-07-15,8,28.437,7.53,2.43,25991,15.81,"BAY892",""
"LE3.7",2025-07-15,1,29.438,8.19,7.3,25109,15.2,"BAY892",""
"LE3.7",2025-07-15,2,29.209,8.09,6.32,25278,15.32,"BAY892",""
"LE3.7",2025-07-15,3,29.172,8.06,6.08,25320,15.35,"BAY892",""
"LE3.7",2025-07-15,4,29.08,8.01,5.65,25445,15.43,"BAY892",""
"LE3.7",2025-07-15,5,28.989,7.9,5.06,25554,15.51,"BAY892",""
"LE5.5-W",2025-07-15,1,28.483,7.91,6.81,33875,21.16,"BAY892",""
"LE5.5-W",2025-07-15,2,28.12,7.9,6.59,33967,21.23,"BAY892",""
"LE5.5-W",2025-07-15,3,27.889,7.89,6.45,34041,21.29,"BAY892",""
"LE5.5-W",2025-07-15,4,27.725,7.88,6.39,34154,21.37,"BAY892",""
"LE5.5-W",2025-07-15,5,27.629,7.88,6.34,34252,21.44,"BAY892",""
"LE5.5-W",2025-07-15,6,27.413,7.88,6.24,34558,21.66,"BAY892",""
"LE5.5-W",2025-07-15,7,27.169,7.87,6.13,34935,21.92,"BAY892",""
"LE5.5-W",2025-07-15,8,27.124,7.87,6.09,34998,21.97,"BAY892",""
"LE5.5-W",2025-07-15,9,26.876,7.86,5.97,35454,22.29,"BAY892",""
"LE5.5-W",2025-07-15,10,26.891,7.86,5.96,35422,22.27,"BAY892",""
"LE5.5-W",2025-07-15,11,26.9,7.85,5.87,35423,22.27,"BAY892",""
"LE5.5-W",2025-07-15,12,26.507,7.83,5.72,36099,22.75,"BAY892",""
"CB7.4",2025-07-16,1,27.457,8.06,7.06,33886,21.19,"BAY892",""
"CB7.4",2025-07-16,2,26.624,8.01,6.96,35858,22.58,"BAY892",""
"CB7.4",2025-07-16,3,26.654,8.02,6.96,35795,22.53,"BAY892",""
"CB7.4",2025-07-16,4,26.168,8,6.83,36772,23.22,"BAY892",""
"CB7.4",2025-07-16,5,24.613,7.93,6.5,39968,25.51,"BAY892",""
"CB7.4",2025-07-16,6,24.005,7.9,6.37,41214,26.4,"BAY892",""
"CB7.4",2025-07-16,7,23.698,7.89,6.31,41834,26.85,"BAY892",""
"CB7.4",2025-07-16,8,23.131,7.85,6.3,43016,27.7,"BAY892",""
"CB7.4",2025-07-16,9,22.408,7.89,6.35,44227,28.58,"BAY892",""
"CB7.4",2025-07-16,10,22.274,7.89,6.36,44377,28.69,"BAY892",""
"CB7.4",2025-07-16,11,21.855,7.88,6.39,44897,29.07,"BAY892",""
"CB7.4",2025-07-16,12,21.225,7.85,6.34,45415,29.45,"BAY892",""
"CB7.4",2025-07-16,13,20.85,7.83,6.26,45642,29.62,"BAY892",""
"CB7.4N",2025-07-16,1,26.585,8.02,6.85,37998,24.08,"BAY892",""
"CB7.4N",2025-07-16,2,26.586,8.02,6.82,37964,24.05,"BAY892",""
"CB7.4N",2025-07-16,3,26.499,8,6.69,38386,24.35,"BAY892",""
"CB7.4N",2025-07-16,4,26.447,7.99,6.61,38762,24.62,"BAY892",""
"CB7.4N",2025-07-16,5,26.281,7.97,6.47,39496,25.14,"BAY892",""
"CB7.4N",2025-07-16,6,26.252,7.96,6.46,39667,25.26,"BAY892",""
"CB7.4N",2025-07-16,7,26.203,7.96,6.45,39945,25.46,"BAY892",""
"CB7.4N",2025-07-16,8,26.174,7.95,6.44,40101,25.57,"BAY892",""
"CB7.4N",2025-07-16,9,26.048,7.94,6.42,40901,26.14,"BAY892",""
"CB8.1E",2025-07-16,1,27.337,7.93,6.76,34210,21.42,"BAY892",""
"CB8.1E",2025-07-16,2,27.124,7.91,6.63,34413,21.56,"BAY892",""
"CB8.1E",2025-07-16,3,26.95,7.89,6.46,34717,21.78,"BAY892",""
"CB8.1E",2025-07-16,4,26.856,7.87,6.32,34944,21.94,"BAY892",""
"CB8.1E",2025-07-16,5,26.554,7.85,5.99,35420,22.27,"BAY892",""
"CB8.1E",2025-07-16,6,26.173,7.82,5.78,36131,22.78,"BAY892",""
"CB8.1E",2025-07-16,7,25.885,7.84,5.84,36534,23.06,"BAY892",""
"CB8.1E",2025-07-16,8,25.391,7.82,5.57,37523,23.77,"BAY892",""
"CB8.1E",2025-07-16,9,25.325,7.84,5.65,37607,23.83,"BAY892",""
"CB8.1E",2025-07-16,10,24.992,7.84,5.6,38281,24.31,"BAY892",""
"CB8.1E",2025-07-16,11,23.809,7.8,5.49,40293,25.75,"BAY892",""
"CB8.1E",2025-07-16,12,23.431,7.78,5.52,40790,26.11,"BAY892",""
"CB8.1E",2025-07-16,13,20.859,7.76,5.7,44731,28.96,"BAY892",""
"WE4.1",2025-07-16,1,29.102,8.06,6.97,30654,18.94,"BAY892",""
"WE4.1",2025-07-16,2,29.028,8.07,6.91,30656,18.94,"BAY892",""
"WE4.1",2025-07-16,3,28.222,7.96,5.57,31371,19.45,"BAY892",""
"WE4.1",2025-07-16,4,27.995,7.87,4.84,31773,19.73,"BAY892",""
"WE4.2",2025-07-16,1,29.101,7.94,6.66,30467,18.81,"BAY892",""
"WE4.2",2025-07-16,2,28.908,7.9,6.17,30741,19,"BAY892",""
"WE4.2",2025-07-16,3,28.756,7.9,5.94,31062,19.22,"BAY892",""
"WE4.2",2025-07-16,4,28.784,7.91,5.99,31105,19.25,"BAY892",""
"WE4.2",2025-07-16,5,28.769,7.9,5.95,31071,19.23,"BAY892",""
"WE4.2",2025-07-16,6,28.817,7.93,6.17,31105,19.25,"BAY892",""
"WE4.2",2025-07-16,7,28.83,7.95,6.2,31122,19.26,"BAY892",""
"WE4.2",2025-07-16,8,28.831,7.95,6.12,31192,19.31,"BAY892",""
"WE4.2",2025-07-16,9,27.857,7.76,4.17,32706,20.37,"BAY892",""
"WE4.2",2025-07-16,10,25.583,7.5,2.04,37469,23.72,"BAY892",""
"WE4.2",2025-07-16,11,25.504,7.48,2.04,37639,23.84,"BAY892",""
"WE4.3",2025-07-16,1,29.082,8.01,7.13,31182,19.3,"BAY892",""
"WE4.3",2025-07-16,2,29.086,8.01,7.12,31186,19.3,"BAY892",""
"WE4.3",2025-07-16,3,28.989,8.01,7.03,31185,19.3,"BAY892",""
"WE4.3",2025-07-16,4,28.627,7.87,5.69,31225,19.34,"BAY892",""
"WE4.4",2025-07-16,1,29.149,7.96,6.83,31703,19.65,"BAY892",""
"WE4.4",2025-07-16,2,29.228,7.98,6.94,31676,19.63,"BAY892",""
"WE4.4",2025-07-16,3,29.126,7.96,6.76,31696,19.65,"BAY892",""
"WE4.4",2025-07-16,4,28.912,7.92,6.31,31754,19.69,"BAY892",""
"WE4.4",2025-07-16,5,28.556,7.86,5.66,31867,19.78,"BAY892",""
"WE4.4",2025-07-16,6,28.496,7.86,5.64,31890,19.79,"BAY892",""
"EBB01",2025-07-16,1,28.32,7.23,3.43,26500,16.11,"BAY892",""
"EBB01",2025-07-16,2,28.69,7.26,3.19,28996,17.73,"BAY892",""
"EBB01",2025-07-16,3,28.69,7.31,3.23,29790,18.35,"BAY892",""
"EBB01",2025-07-16,4,28.68,7.36,3.34,30419,18.76,"BAY892",""
"EBE1",2025-07-16,1,28.33,7.32,3.9,32285,20.06,"BAY892",""
"EBE1",2025-07-16,2,28.3,7.32,3.91,32444,20.19,"BAY892",""
"EBE1",2025-07-16,3,28.26,7.33,3.89,32825,20.46,"BAY892",""
"EBE1",2025-07-16,4,28.16,7.34,3.91,33035,20.61,"BAY892",""
"EBE1",2025-07-16,5,28.1,7.37,3.93,33481,20.91,"BAY892",""
"EBE1",2025-07-16,6,28.08,7.4,3.95,33541,20.94,"BAY892",""
"EBE1",2025-07-16,7,27.93,7.43,3.96,38863,21.16,"BAY892",""
"ELE01",2025-07-16,1,28.02,7.41,4.58,33746,21.08,"BAY892",""
"ELE01",2025-07-16,2,28.03,7.41,4.55,33861,21.36,"BAY892",""
"ELE01",2025-07-16,3,28.03,7.41,4.5,33841,21.15,"BAY892",""
"ELE01",2025-07-16,4,28.01,7.41,4.36,33931,21.2,"BAY892",""
"ELE01",2025-07-16,5,27.99,7.4,4.28,34201,21.39,"BAY892",""
"ELE01",2025-07-16,6,27.99,7.41,4.26,34220,21.41,"BAY892",""
"ELE01",2025-07-16,7,27.99,7.41,4.22,34241,21.42,"BAY892",""
"ELE01",2025-07-16,8,27.95,7.41,4.19,34333,21.48,"BAY892",""
"ELE01",2025-07-16,9,27.94,7.42,4.18,34373,21.52,"BAY892",""
"ELE01",2025-07-16,10,27.89,7.43,4.05,34391,21.52,"BAY892",""
"ELE01",2025-07-16,11,27.29,7.42,3.86,35452,22.28,"BAY892",""
"LE3.1",2025-07-14,1,29.63,7.8,5.77,18333,10.78,"BAY892",""
"LE3.1",2025-07-14,2,29.13,7.64,4.92,18454,10.86,"BAY892",""
"LE3.1",2025-07-14,3,29.06,7.54,4.32,18607,10.96,"BAY892",""
"LE3.1",2025-07-14,4,29.05,7.55,4.23,18919,11.17,"BAY892",""
"LE3.1",2025-07-14,5,29.02,7.53,3.97,19256,11.38,"BAY892",""
"LE3.1",2025-07-14,6,28.87,7.44,3.19,19806,11.78,"BAY892",""
"LE3.1",2025-07-14,7,28.6,7.36,2.2,21904,13.1,"BAY892",""
"LE3.2",2025-07-14,1,29.37,7.99,6.45,21777,13,"BAY892",""
"LE3.2",2025-07-14,2,29.28,8,6.44,21755,13,"BAY892",""
"LE3.2",2025-07-14,3,29.2,8,6.33,21752,13,"BAY892",""
"LE3.2",2025-07-14,4,29.03,7.94,5.88,21751,13,"BAY892",""
"LE3.2",2025-07-14,5,28.9,7.92,5.68,21884,13.07,"BAY892",""
"LE3.2",2025-07-14,6,28.87,7.92,5.47,21949,13.13,"BAY892",""
"LE3.2",2025-07-14,7,28.73,7.71,3.82,22402,13.91,"BAY892",""
"LE3.2",2025-07-14,8,28.34,7.38,1.51,23552,14.17,"BAY892",""
"LE3.2",2025-07-14,9,27.65,7.24,0.05,25284,15.35,"BAY892",""
"LE3.2",2025-07-14,10,27.63,7.24,0.04,25342,15.38,"BAY892",""
"LE3.2",2025-07-14,11,27.56,7.24,0.03,25505,15.5,"BAY892",""
"LE3.2",2025-07-14,12,27.55,7.24,0.03,25568,15.54,"BAY892",""
"LE3.2",2025-07-14,13,27.5,7.24,0.04,25701,15.63,"BAY892",""
"LE3.2",2025-07-14,14,27.46,7.24,0.06,25797,15.72,"BAY892",""
"LE3.2",2025-07-14,15,27.39,7.25,0.1,26084,15.89,"BAY892",""
"LE3.3",2025-07-14,1,30.02,8.2,7.22,22030,13.17,"BAY892",""
"LE3.3",2025-07-14,2,29.78,8.17,6.93,22088,13.21,"BAY892",""
"LE3.3",2025-07-14,3,29.73,8.17,6.82,22141,13.25,"BAY892",""
"LE3.3",2025-07-14,4,29.66,8.12,6.32,22212,13.29,"BAY892",""
"LE3.3",2025-07-14,5,29.6,7.99,5.31,22418,13.43,"BAY892",""
"LE3.4",2025-07-14,1,29.4,8.31,8.22,23037,13.84,"BAY892",""
"LE3.4",2025-07-14,2,29.22,8.24,7.74,23456,14.1,"BAY892",""
"LE3.4",2025-07-14,3,29.28,8.23,7.66,23543,14.17,"BAY892",""
"LE3.4",2025-07-14,4,29.29,8.23,7.49,23644,14.24,"BAY892",""
"LE3.4",2025-07-14,5,29.17,8.18,7.09,23627,14.23,"BAY892",""
"LE3.4",2025-07-14,6,29.05,8.06,6.52,23657,14.24,"BAY892",""
"LE3.4",2025-07-14,7,28.82,7.64,3.25,24458,14.75,"BAY892",""
"LE3.4",2025-07-14,8,28.45,7.4,1.46,24750,14.98,"BAY892",""
"LE3.4",2025-07-14,9,27.98,7.26,0.39,25413,15.48,"BAY892",""
"LE3.4",2025-07-14,10,27.62,7.24,0.07,26378,16.08,"BAY892",""
"LE3.4",2025-07-14,11,27.45,7.23,0.04,26834,16.4,"BAY892",""
"LE3.4",2025-07-14,12,27.39,7.23,0.04,27036,16.53,"BAY892",""
"LE3.4",2025-07-14,13,27.31,7.23,0.04,27308,16.7,"BAY892",""
"LE3.4",2025-07-14,14,27.28,7.23,0.05,27354,16.74,"BAY892",""
"LE3.4",2025-07-14,15,27.29,7.23,0.09,27360,16.74,"BAY892",""
"RET3.1",2025-07-14,1,30.34,7.56,7.09,3477,1.81,"BAY892",""
"RET3.1",2025-07-14,2,30.06,7.39,6.35,3645,1.9,"BAY892",""
"RET3.1",2025-07-14,3,30.15,7.43,6.57,4232,2.22,"BAY892",""
"RET3.1",2025-07-14,4,30.21,7.48,6.72,4392,2.33,"BAY892",""
"RET3.1",2025-07-14,5,30.44,7.59,7.18,4761,2.57,"BAY892",""
"RET3.2",2025-07-14,1,29.36,7.45,4.88,13655,7.83,"BAY892",""
"RET3.2",2025-07-14,2,29.32,7.4,4.52,14123,8.12,"BAY892",""
"RET3.2",2025-07-14,3,29.3,7.38,4.32,14286,8.23,"BAY892",""
"RET3.2",2025-07-14,4,29.29,7.39,4.07,14911,8.62,"BAY892",""
"RET3.2",2025-07-14,5,29.29,7.39,3.81,16212,9.43,"BAY892",""
"RET4.2",2025-07-15,1,29.5,6.44,3.4,343.4,0.16,"BAY892",""
"RET4.2",2025-07-15,2,29.48,6.4,3.37,350.9,0.17,"BAY892",""
"RET4.2",2025-07-15,3,29.47,6.43,3.36,343.8,0.16,"BAY892",""
"RET4.2",2025-07-15,4,29.46,6.42,3.33,353.3,0.17,"BAY892",""
"RET4.2",2025-07-15,5,29.45,6.41,3.36,343.4,0.16,"BAY892",""
"RET4.2",2025-07-15,6,29.46,6.44,3.36,349.9,0.16,"BAY892",""
"RET4.2",2025-07-15,7,29.47,6.43,3.34,358.8,0.17,"BAY892",""
"RET4.2",2025-07-15,8,29.48,6.44,3.34,378.6,0.18,"BAY892",""
"RET4.2",2025-07-15,9,29.48,6.43,3.34,425.2,0.2,"BAY892",""
"RET4.2",2025-07-15,10,29.47,6.45,3.35,382.1,0.18,"BAY892",""
"SBE2",2025-07-16,1,28.02,7.29,3.97,34363,21.49,"BAY892",""
"SBE2",2025-07-16,2,28.02,7.29,3.94,34405,21.53,"BAY892",""
"SBE2",2025-07-16,3,28.01,7.3,3.92,34441,21.56,"BAY892",""
"SBE2",2025-07-16,4,28.01,7.3,3.92,34478,21.59,"BAY892",""
"SBE2",2025-07-16,5,27.97,7.31,3.87,34545,21.63,"BAY892",""
"SBE2",2025-07-16,6,27.97,7.34,3.87,34576,21.66,"BAY892",""
"SBE2",2025-07-16,7,27.94,7.34,3.87,34605,21.67,"BAY892",""
"SBE2",2025-07-16,8,27.85,7.39,3.96,34782,21.8,"BAY892",""
"SBE5",2025-07-16,1,28.64,7.15,3.81,32085,19.93,"BAY892",""
"SBE5",2025-07-16,2,28.63,7.16,3.79,32240,20.03,"BAY892",""
"SBE5",2025-07-16,3,28.62,7.16,3.71,32366,20.12,"BAY892",""
"SBE5",2025-07-16,4,28.6,7.17,3.61,32684,20.35,"BAY892",""
"SBE5",2025-07-16,5,28.59,7.18,3.55,32830,20.45,"BAY892",""
"SBE5",2025-07-16,6,38.57,7.2,3.54,32962,20.53,"BAY892",""
"TF3.1B",2025-07-07,1,27.6,6.76,5.46,91,0.04,"BAY892",""
"TF3.1B",2025-07-07,2,27.59,6.76,5.43,91,0.04,"BAY892",""
"TF3.1B",2025-07-07,3,27.58,6.74,5.42,91,0.04,"BAY892",""
"TF3.1E",2025-07-07,1,27.77,7.07,6.92,94,0.04,"BAY892",""
"TF3.1E",2025-07-07,2,27.67,7.04,6.83,95,0.04,"BAY892",""
"TF3.1E",2025-07-07,3,27.57,6.99,6.68,96,0.04,"BAY892",""
"TF3.1F",2025-07-07,1,27.43,7.22,7.41,93,0.04,"BAY892",""
"TF3.1F",2025-07-07,2,27.34,7.26,7.39,93,0.04,"BAY892",""
"TF3.1F",2025-07-07,3,27.35,7.24,7.39,93,0.04,"BAY892",""
"TF3.2",2025-07-07,1,27.62,6.58,3.87,79,0.04,"BAY892",""
"TF3.2",2025-07-07,2,27.59,6.49,3.82,80,0.04,"BAY892",""
"TF3.2",2025-07-07,3,27.63,6.51,3.81,80,0.04,"BAY892",""
"TF3.2",2025-07-07,4,27.59,6.49,3.79,80,0.04,"BAY892",""
"TF3.2",2025-07-07,5,27.58,6.48,3.78,80,0.04,"BAY892",""
"TF3.2",2025-07-07,6,27.57,6.47,3.76,80,0.04,"BAY892",""
"TF3.2",2025-07-07,7,27.58,6.46,3.77,80,0.04,"BAY892",""
"TF3.2",2025-07-07,8,27.58,6.45,3.78,79,0.04,"BAY892",""
"TF3.2A",2025-07-07,1,29.98,7.39,8.31,103,0.05,"BAY892",""
"TF3.2A",2025-07-07,2,29.98,7.41,8.28,103,0.05,"BAY892",""
"TF3.2A",2025-07-07,3,29.99,7.34,8.25,103,0.05,"BAY892",""
"TF3.2A",2025-07-07,4,29.97,7.33,8.24,103,0.05,"BAY892",""
"TF3.2A",2025-07-07,5,29.98,7.27,8.22,103,0.05,"BAY892",""
"TF3.3",2025-07-14,1,30.85,7.29,6.73,153,0.07,"BAY892",""
"TF3.3",2025-07-14,2,30.29,7.16,5.96,157,0.07,"BAY892",""
"TF3.3",2025-07-14,3,30.24,7.14,5.81,161,0.07,"BAY892",""
"TF3.3",2025-07-14,4,30.21,7.14,5.75,162,0.08,"BAY892",""
"TF3.3",2025-07-14,5,30.18,7.14,5.69,164,0.08,"BAY892",""
"TF3.3",2025-07-14,6,30.16,7.16,5.65,165,0.08,"BAY892",""
"TF3.3",2025-07-14,7,30.15,7.18,5.62,165,0.08,"BAY892",""
"TF4.2",2025-07-15,1,27.75,6.52,4.53,84.8,0.04,"BAY892",""
"TF4.2",2025-07-15,2,27.71,6.54,4.51,84.8,0.04,"BAY892",""
"TF4.2",2025-07-15,3,27.69,6.54,4.52,84.9,0.04,"BAY892",""
"TF4.2",2025-07-15,4,27.67,6.55,4.53,85,0.04,"BAY892",""
"TF4.2",2025-07-15,5,27.66,6.55,4.53,85,0.04,"BAY892",""
"TF4.2",2025-07-15,6,27.66,6.56,4.55,84.9,0.04,"BAY892",""
"TF4.2",2025-07-15,7,27.67,6.58,4.56,84.9,0.04,"BAY892",""
"TF4.4",2025-07-15,1,28.22,6.31,4.74,64.3,0.03,"BAY892",""
"TF4.4",2025-07-15,2,28.21,6.3,4.73,65,0.03,"BAY892",""
"TF4.4",2025-07-15,3,28.21,6.33,4.73,64.8,0.03,"BAY892",""
