"Station","Date","Sdepth","Wtemp","Ph","DO","Spcond","Salinity","Cruise","SECCHI","source","tempF"
"CB5.3",2025-07-23,0.5,28.4,8.2,7.2,20000,11.9,NA,"1.4","MDmain",83.12
"CB5.3",2025-07-23,1,28.4,8.2,7.2,20000,11.9,NA,NA,"MDmain",83.12
"CB5.3",2025-07-23,2,28.4,8.2,7.2,20100,11.9,NA,NA,"MDmain",83.12
"CB5.3",2025-07-23,3,28.4,8.2,7.2,20100,11.9,NA,NA,"MDmain",83.12
"CB5.3",2025-07-23,4,28.2,8.1,6.8,20100,11.9,NA,NA,"MDmain",82.76
"CB5.3",2025-07-23,5,28.1,8,6.1,21600,12.9,NA,NA,"MDmain",82.58
"CB5.3",2025-07-23,6,28.2,8,5.8,22000,13.2,NA,NA,"MDmain",82.76
"CB5.3",2025-07-23,7,28.4,8,5.2,22500,13.5,NA,NA,"MDmain",83.12
"CB5.3",2025-07-23,8,28.3,7.8,4.3,23400,14.1,NA,NA,"MDmain",82.94
"CB5.3",2025-07-23,9,28.1,7.7,3.1,24600,14.9,NA,NA,"MDmain",82.58
"CB5.3",2025-07-23,10,27.9,7.6,2,27000,16.5,NA,NA,"MDmain",82.22
"CB5.3",2025-07-23,11,27.7,7.5,0.9,30300,18.7,NA,NA,"MDmain",81.86
"CB5.3",2025-07-23,12,27.7,7.5,0.9,30700,19,NA,NA,"MDmain",81.86
"CB5.3",2025-07-23,13,27.6,7.5,0.8,30700,19,NA,NA,"MDmain",81.68
"CB5.3",2025-07-23,15,27.5,7.5,0.7,31200,19.3,NA,NA,"MDmain",81.5
"CB5.3",2025-07-23,17,27.5,7.5,0.6,31500,19.5,NA,NA,"MDmain",81.5
"CB5.3",2025-07-23,19,27.4,7.6,0.4,31900,19.8,NA,NA,"MDmain",81.32
"CB5.3",2025-07-23,21,27.4,7.6,0.4,32200,20,NA,NA,"MDmain",81.32
"CB5.3",2025-07-23,23,27.4,7.6,0.5,32200,20.1,NA,NA,"MDmain",81.32
"LE2.3",2025-07-23,0.5,28.5,8.3,7.6,19700,11.6,NA,"1.7","MDmain",83.3
"LE2.3",2025-07-23,1,28.5,8.3,7.6,19700,11.7,NA,NA,"MDmain",83.3
"LE2.3",2025-07-23,2,28.5,8.3,7.6,19700,11.7,NA,NA,"MDmain",83.3
"LE2.3",2025-07-23,3,28.5,8.3,7.5,19700,11.7,NA,NA,"MDmain",83.3
"LE2.3",2025-07-23,4,28.7,8.2,7.2,20800,12.4,NA,NA,"MDmain",83.66
"LE2.3",2025-07-23,5,28.8,8.2,7.1,20800,12.4,NA,NA,"MDmain",83.84
"LE2.3",2025-07-23,6,28.6,8.1,6.5,20900,12.5,NA,NA,"MDmain",83.48
"LE2.3",2025-07-23,7,28.6,8.1,6.4,21000,12.5,NA,NA,"MDmain",83.48
"LE2.3",2025-07-23,8,28.6,8.1,6.3,21000,12.5,NA,NA,"MDmain",83.48
"LE2.3",2025-07-23,9,28.6,8.1,5.9,21100,12.6,NA,NA,"MDmain",83.48
"LE2.3",2025-07-23,10,26.4,7.3,0.4,23900,14.5,NA,NA,"MDmain",79.52
"LE2.3",2025-07-23,11,25.6,7.3,0.1,24700,15,NA,NA,"MDmain",78.08
"LE2.3",2025-07-23,12,25.4,7.3,0.1,24700,15,NA,NA,"MDmain",77.72
"LE2.3",2025-07-23,13,25.4,7.3,0.1,24700,15,NA,NA,"MDmain",77.72
"LE2.3",2025-07-23,14,25.3,7.3,0.1,25100,15.2,NA,NA,"MDmain",77.54
"LE2.3",2025-07-23,15,25.2,7.3,0.1,25300,15.4,NA,NA,"MDmain",77.36
"LE2.3",2025-07-23,17,25.2,7.3,0.1,25400,15.5,NA,NA,"MDmain",77.36
"LE2.3",2025-07-23,18,25.2,7.3,0.1,25400,15.5,NA,NA,"MDmain",77.36
"CB5.2",2025-07-23,0.5,28.7,8.2,6.9,21200,12.6,NA,"1.5","MDmain",83.66
"CB5.2",2025-07-23,1,28.7,8.2,6.9,21200,12.6,NA,NA,"MDmain",83.66
"CB5.2",2025-07-23,2,28.7,8.2,6.9,21200,12.6,NA,NA,"MDmain",83.66
"CB5.2",2025-07-23,3,28.7,8.2,7,21200,12.6,NA,NA,"MDmain",83.66
"CB5.2",2025-07-23,4,28.7,8.2,6.9,21200,12.6,NA,NA,"MDmain",83.66
"CB5.2",2025-07-23,5,28.7,8.2,6.9,21200,12.6,NA,NA,"MDmain",83.66
"CB5.2",2025-07-23,6,28.7,8.2,6.8,21200,12.7,NA,NA,"MDmain",83.66
"CB5.2",2025-07-23,7,28.7,8.2,6.8,21200,12.7,NA,NA,"MDmain",83.66
"CB5.2",2025-07-23,8,28.7,8.2,6.5,21300,12.7,NA,NA,"MDmain",83.66
"CB5.2",2025-07-23,9,28.6,8,5.1,22000,13.2,NA,NA,"MDmain",83.48
"CB5.2",2025-07-23,10,28.3,7.8,3.8,23200,14,NA,NA,"MDmain",82.94
"CB5.2",2025-07-23,11,28.1,7.6,2.5,23600,14.2,NA,NA,"MDmain",82.58
"CB5.2",2025-07-23,12,27.9,7.5,1.8,24000,14.5,NA,NA,"MDmain",82.22
"CB5.2",2025-07-23,13,27.8,7.4,1.3,26400,16.1,NA,NA,"MDmain",82.04
"CB5.2",2025-07-23,14,27.8,7.4,1.3,26500,16.2,NA,NA,"MDmain",82.04
"CB5.2",2025-07-23,15,27.8,7.4,1.2,26800,16.3,NA,NA,"MDmain",82.04
"CB5.2",2025-07-23,16,27.5,7.4,0.7,28800,17.7,NA,NA,"MDmain",81.5
"CB5.2",2025-07-23,17,27.5,7.4,0.5,29700,18.3,NA,NA,"MDmain",81.5
"CB5.2",2025-07-23,18,27.5,7.4,0.5,29900,18.5,NA,NA,"MDmain",81.5
"CB5.2",2025-07-23,19,27.4,7.4,0.5,30000,18.5,NA,NA,"MDmain",81.32
"CB5.2",2025-07-23,20,27.3,7.4,0.3,30600,19,NA,NA,"MDmain",81.14
"CB5.2",2025-07-23,21,27.2,7.4,0.3,30800,19.1,NA,NA,"MDmain",80.96
"CB5.2",2025-07-23,22,27.2,7.4,0.2,31300,19.4,NA,NA,"MDmain",80.96
"CB5.2",2025-07-23,23,27.2,7.4,0.1,31600,19.6,NA,NA,"MDmain",80.96
"CB5.2",2025-07-23,25,27.2,7.4,0.1,31600,19.6,NA,NA,"MDmain",80.96
"CB5.2",2025-07-23,27,27.2,7.4,0.1,31700,19.7,NA,NA,"MDmain",80.96
"CB5.2",2025-07-23,29,27.2,7.4,0.1,31800,19.7,NA,NA,"MDmain",80.96
"CB5.1",2025-07-23,0.5,28.1,8,6.4,18500,10.9,NA,"1.1","MDmain",82.58
"CB5.1",2025-07-23,1,28.1,8.1,6.4,18500,10.9,NA,NA,"MDmain",82.58
"CB5.1",2025-07-23,2,28.1,8,6.4,18500,10.9,NA,NA,"MDmain",82.58
"CB5.1",2025-07-23,3,28.1,8,6.4,18500,10.9,NA,NA,"MDmain",82.58
"CB5.1",2025-07-23,4,28.1,8,6.4,18500,10.9,NA,NA,"MDmain",82.58
"CB5.1",2025-07-23,5,28.2,8,6.1,18700,11,NA,NA,"MDmain",82.76
"CB5.1",2025-07-23,6,28.2,8,5.8,19100,11.3,NA,NA,"MDmain",82.76
"CB5.1",2025-07-23,7,28.3,7.9,5.6,19800,11.7,NA,NA,"MDmain",82.94
"CB5.1",2025-07-23,8,28.2,7.9,5.5,19900,11.8,NA,NA,"MDmain",82.76
"CB5.1",2025-07-23,9,28.2,7.9,5.5,19900,11.8,NA,NA,"MDmain",82.76
"CB5.1",2025-07-23,10,28.1,7.9,5.5,19900,11.8,NA,NA,"MDmain",82.58
"CB5.1",2025-07-23,11,27.9,7.8,4.8,20400,12.1,NA,NA,"MDmain",82.22
"CB5.1",2025-07-23,12,27.6,7.4,1.6,24200,14.6,NA,NA,"MDmain",81.68
"CB5.1",2025-07-23,13,27.5,7.4,1,24400,14.8,NA,NA,"MDmain",81.5
"CB5.1",2025-07-23,14,27.1,7.3,0.5,25700,15.6,NA,NA,"MDmain",80.78
"CB5.1",2025-07-23,15,26.9,7.3,0.2,27200,16.6,NA,NA,"MDmain",80.42
"CB5.1",2025-07-23,16,26.9,7.3,0.1,28000,17.2,NA,NA,"MDmain",80.42
"CB5.1",2025-07-23,17,26.9,7.3,0.1,28200,17.3,NA,NA,"MDmain",80.42
"CB5.1",2025-07-23,18,27,7.3,0.1,29100,17.9,NA,NA,"MDmain",80.6
"CB5.1",2025-07-23,19,27,7.3,0.1,29800,18.4,NA,NA,"MDmain",80.6
"CB5.1",2025-07-23,20,27,7.3,0.1,29800,18.4,NA,NA,"MDmain",80.6
"CB5.1",2025-07-23,21,27,7.4,0.1,30200,18.7,NA,NA,"MDmain",80.6
"CB5.1",2025-07-23,22,27,7.4,0.1,31000,19.2,NA,NA,"MDmain",80.6
"CB5.1",2025-07-23,23,27,7.4,0.1,31200,19.3,NA,NA,"MDmain",80.6
"CB5.1",2025-07-23,25,27,7.4,0.1,31400,19.5,NA,NA,"MDmain",80.6
"CB5.1",2025-07-23,27,27,7.4,0.1,31500,19.5,NA,NA,"MDmain",80.6
"CB5.1",2025-07-23,29,27,7.4,0.1,31500,19.6,NA,NA,"MDmain",80.6
"CB5.1",2025-07-23,31,26.9,7.4,0.1,31600,19.6,NA,NA,"MDmain",80.42
"CB5.1",2025-07-23,32,26.9,7.4,0.1,31700,19.7,NA,NA,"MDmain",80.42
"CB4.4",2025-07-21,0.5,28.7,8.1,6.2,18000,10.6,NA,"1.5","MDmain",83.66
"CB4.4",2025-07-21,1,28.7,8.1,6.2,18000,10.6,NA,NA,"MDmain",83.66
"CB4.4",2025-07-21,2,28.7,8.1,6.2,18000,10.6,NA,NA,"MDmain",83.66
"CB4.4",2025-07-21,3,28.7,8.1,6.2,18000,10.6,NA,NA,"MDmain",83.66
"CB4.4",2025-07-21,4,28.7,8,6.1,18000,10.6,NA,NA,"MDmain",83.66
"CB4.4",2025-07-21,5,28.7,8,6.1,18000,10.6,NA,NA,"MDmain",83.66
"CB4.4",2025-07-21,6,28.7,8,6,18100,10.6,NA,NA,"MDmain",83.66
"CB4.4",2025-07-21,7,28.7,8,6,18100,10.6,NA,NA,"MDmain",83.66
"CB4.4",2025-07-21,8,28.6,8,5.6,18100,10.7,NA,NA,"MDmain",83.48
"CB4.4",2025-07-21,9,28.2,7.6,3.8,18500,10.9,NA,NA,"MDmain",82.76
"CB4.4",2025-07-21,10,27,7.4,1.5,21600,12.9,NA,NA,"MDmain",80.6
"CB4.4",2025-07-21,11,26.8,7.3,1.1,23100,13.9,NA,NA,"MDmain",80.24
"CB4.4",2025-07-21,12,26.1,7.3,0.4,25200,15.3,NA,NA,"MDmain",78.98
"CB4.4",2025-07-21,13,26.1,7.3,0.4,25700,15.6,NA,NA,"MDmain",78.98
"CB4.4",2025-07-21,14,26.1,7.3,0.3,26000,15.9,NA,NA,"MDmain",78.98
"CB4.4",2025-07-21,15,25.9,7.3,0.2,26500,16.2,NA,NA,"MDmain",78.62
"CB4.4",2025-07-21,16,25.5,7.3,0.1,28500,17.6,NA,NA,"MDmain",77.9
"CB4.4",2025-07-21,17,25.3,7.3,0.1,28600,17.6,NA,NA,"MDmain",77.54
"CB4.4",2025-07-21,18,25.4,7.3,0.1,29100,18,NA,NA,"MDmain",77.72
"CB4.4",2025-07-21,19,25.4,7.3,0.1,29000,17.9,NA,NA,"MDmain",77.72
"CB4.4",2025-07-21,21,25.3,7.3,0.1,29100,18,NA,NA,"MDmain",77.54
"CB4.4",2025-07-21,23,25.3,7.3,0.1,29400,18.2,NA,NA,"MDmain",77.54
"CB4.4",2025-07-21,25,25.3,7.3,0.1,30000,18.6,NA,NA,"MDmain",77.54
"CB4.4",2025-07-21,27,25.3,7.3,0.1,30000,18.6,NA,NA,"MDmain",77.54
"CB4.3E",2025-07-21,0.5,28.7,8.1,6.6,17000,10,NA,"1.2","MDmain",83.66
"CB4.3E",2025-07-21,1,28.7,8.1,6.6,17000,10,NA,NA,"MDmain",83.66
"CB4.3E",2025-07-21,2,28.7,8.1,6.6,17000,10,NA,NA,"MDmain",83.66
"CB4.3E",2025-07-21,3,28.7,8.1,6.4,17400,10.2,NA,NA,"MDmain",83.66
"CB4.3E",2025-07-21,4,28.7,8.1,6.4,17800,10.4,NA,NA,"MDmain",83.66
"CB4.3E",2025-07-21,5,28.7,8,6.1,17900,10.5,NA,NA,"MDmain",83.66
"CB4.3E",2025-07-21,6,28.6,8,5.7,18100,10.7,NA,NA,"MDmain",83.48
"CB4.3E",2025-07-21,7,28.6,7.9,5.5,18100,10.7,NA,NA,"MDmain",83.48
"CB4.3E",2025-07-21,8,28.2,7.8,4.6,18500,10.9,NA,NA,"MDmain",82.76
"CB4.3E",2025-07-21,9,27.8,7.7,3.7,19100,11.3,NA,NA,"MDmain",82.04
"CB4.3E",2025-07-21,10,27.2,7.5,2.7,20400,12.2,NA,NA,"MDmain",80.96
"CB4.3E",2025-07-21,11,26.9,7.5,2.2,21100,12.6,NA,NA,"MDmain",80.42
"CB4.3E",2025-07-21,12,25.7,7.3,0.4,23900,13.9,NA,NA,"MDmain",78.26
"CB4.3E",2025-07-21,13,25.2,7.2,0.1,23900,14.5,NA,NA,"MDmain",77.36
"CB4.3E",2025-07-21,14,24.8,7.3,0.1,24000,14.5,NA,NA,"MDmain",76.64
"CB4.3E",2025-07-21,15,24.4,7.3,0.1,25300,15.4,NA,NA,"MDmain",75.92
"CB4.3E",2025-07-21,16,24.1,7.3,0.1,25900,15.8,NA,NA,"MDmain",75.38
"CB4.3E",2025-07-21,17,24.1,7.3,0.1,26200,16,NA,NA,"MDmain",75.38
"CB4.3E",2025-07-21,18,24,7.3,0.1,26700,16.4,NA,NA,"MDmain",75.2
"CB4.3E",2025-07-21,19,24,7.3,0.1,27200,16.7,NA,NA,"MDmain",75.2
"CB4.3E",2025-07-21,20,24,7.3,0.1,27300,16.8,NA,NA,"MDmain",75.2
"CB4.3C",2025-07-21,0.5,29,8.3,7.1,16600,9.7,NA,"1.4","MDmain",84.2
"CB4.3C",2025-07-21,1,29,8.3,7.2,16600,9.7,NA,NA,"MDmain",84.2
"CB4.3C",2025-07-21,2,29,8.3,7,16600,9.7,NA,NA,"MDmain",84.2
"CB4.3C",2025-07-21,3,29,8.3,7,16700,9.8,NA,NA,"MDmain",84.2
"CB4.3C",2025-07-21,4,29,8.2,6.8,16800,9.8,NA,NA,"MDmain",84.2
"CB4.3C",2025-07-21,5,29,8.2,6.6,16800,9.8,NA,NA,"MDmain",84.2
"CB4.3C",2025-07-21,6,28.9,8.2,6.5,16800,9.8,NA,NA,"MDmain",84.02
"CB4.3C",2025-07-21,7,28.9,8.2,6.3,16900,9.9,NA,NA,"MDmain",84.02
"CB4.3C",2025-07-21,8,28.9,8.1,6.1,16900,9.9,NA,NA,"MDmain",84.02
"CB4.3C",2025-07-21,9,28.8,8,5.2,17100,10,NA,NA,"MDmain",83.84
"CB4.3C",2025-07-21,10,27.2,7.2,0.2,17900,10.6,NA,NA,"MDmain",80.96
"CB4.3C",2025-07-21,11,26.2,7.2,0.1,20100,12,NA,NA,"MDmain",79.16
"CB4.3C",2025-07-21,12,25.7,7.3,0.1,21300,12.8,NA,NA,"MDmain",78.26
"CB4.3C",2025-07-21,13,25,7.3,0.1,24500,14.9,NA,NA,"MDmain",77
"CB4.3C",2025-07-21,14,24.7,7.3,0.1,25800,15.7,NA,NA,"MDmain",76.46
"CB4.3C",2025-07-21,15,24.7,7.3,0.1,26000,15.9,NA,NA,"MDmain",76.46
"CB4.3C",2025-07-21,16,24.7,7.3,0.1,26200,16,NA,NA,"MDmain",76.46
"CB4.3C",2025-07-21,17,24.4,7.3,0.1,26300,16.1,NA,NA,"MDmain",75.92
"CB4.3C",2025-07-21,18,24.4,7.3,0.1,27300,16.7,NA,NA,"MDmain",75.92
"CB4.3C",2025-07-21,19,24.2,7.3,0.1,28100,17.3,NA,NA,"MDmain",75.56
"CB4.3C",2025-07-21,21,24.2,7.3,0.1,28100,17.3,NA,NA,"MDmain",75.56
"CB4.3C",2025-07-21,23,24.2,7.3,0.1,28300,17.4,NA,NA,"MDmain",75.56
"CB4.3C",2025-07-21,25,24.1,7.3,0.1,28500,17.5,NA,NA,"MDmain",75.38
"CB4.3W",2025-07-21,0.5,28.7,8.3,6.7,15300,8.9,NA,"1.2","MDmain",83.66
"CB4.3W",2025-07-21,1,28.7,8.3,6.7,15300,8.9,NA,NA,"MDmain",83.66
"CB4.3W",2025-07-21,2,28.7,8.3,6.7,15300,8.9,NA,NA,"MDmain",83.66
"CB4.3W",2025-07-21,3,28.7,8.3,6.7,15300,8.9,NA,NA,"MDmain",83.66
"CB4.3W",2025-07-21,4,28.7,8.2,6.4,15300,8.9,NA,NA,"MDmain",83.66
"CB4.3W",2025-07-21,5,28.7,8.1,5.9,15400,9,NA,NA,"MDmain",83.66
"CB4.3W",2025-07-21,6,28.7,8.1,5.5,15500,9,NA,NA,"MDmain",83.66
"CB4.3W",2025-07-21,7,28.6,7.9,4.6,15700,9.2,NA,NA,"MDmain",83.48
"CB4.3W",2025-07-21,8,28.5,7.9,4.5,15800,9.2,NA,NA,"MDmain",83.3
"CB4.2W",2025-07-21,0.5,28.8,8.4,7,14600,8.4,NA,"1.2","MDmain",83.84
"CB4.2W",2025-07-21,1,28.8,8.4,6.9,14600,8.4,NA,NA,"MDmain",83.84
"CB4.2W",2025-07-21,2,28.8,8.4,6.9,14600,8.4,NA,NA,"MDmain",83.84
"CB4.2W",2025-07-21,3,28.8,8.4,7,14600,8.4,NA,NA,"MDmain",83.84
"CB4.2W",2025-07-21,4,28.8,8.4,6.9,14600,8.4,NA,NA,"MDmain",83.84
"CB4.2W",2025-07-21,5,28.8,8.4,6.8,14600,8.4,NA,NA,"MDmain",83.84
"CB4.2W",2025-07-21,6,28.8,8.4,6.7,14600,8.5,NA,NA,"MDmain",83.84
"CB4.2W",2025-07-21,7,28.8,8.3,6.3,14700,8.5,NA,NA,"MDmain",83.84
"CB4.2C",2025-07-21,0.5,28.6,8.2,6.7,15800,9.2,NA,NA,"MDmain",83.48
"CB4.2C",2025-07-21,1,28.6,8.3,6.6,15800,9.2,NA,"1.2","MDmain",83.48
"CB4.2C",2025-07-21,2,28.6,8.2,6.6,15800,9.2,NA,NA,"MDmain",83.48
"CB4.2C",2025-07-21,3,28.6,8.2,6.5,15800,9.2,NA,NA,"MDmain",83.48
"CB4.2C",2025-07-21,4,28.7,8.2,6.3,16300,9.5,NA,NA,"MDmain",83.66
"CB4.2C",2025-07-21,5,28.8,8.1,5.9,16500,9.6,NA,NA,"MDmain",83.84
"CB4.2C",2025-07-21,6,28.6,7.9,4.7,17900,10.5,NA,NA,"MDmain",83.48
"CB4.2C",2025-07-21,7,27.3,7.5,2.3,19500,11.6,NA,NA,"MDmain",81.14
"CB4.2C",2025-07-21,8,26.6,7.4,1.7,20700,12.4,NA,NA,"MDmain",79.88
"CB4.2C",2025-07-21,9,26.3,7.4,1.4,21200,12.7,NA,NA,"MDmain",79.34
"CB4.2C",2025-07-21,10,25.9,7.3,1,21800,13.1,NA,NA,"MDmain",78.62
"CB4.2C",2025-07-21,11,25.2,7.3,0.4,23300,14.1,NA,NA,"MDmain",77.36
"CB4.2C",2025-07-21,12,24.8,7.3,0.1,24100,14.6,NA,NA,"MDmain",76.64
"CB4.2C",2025-07-21,13,24.5,7.3,0.1,25200,15.4,NA,NA,"MDmain",76.1
"CB4.2C",2025-07-21,14,24.2,7.3,0.1,25800,15.8,NA,NA,"MDmain",75.56
"CB4.2C",2025-07-21,15,24.1,7.3,0.1,26300,16.1,NA,NA,"MDmain",75.38
"CB4.2C",2025-07-21,16,24,7.3,0.1,27000,16.6,NA,NA,"MDmain",75.2
"CB4.2C",2025-07-21,17,24,7.3,0.1,27500,16.9,NA,NA,"MDmain",75.2
"CB4.2C",2025-07-21,19,23.9,7.3,0.1,28000,17.2,NA,NA,"MDmain",75.02
"CB4.2C",2025-07-21,21,23.9,7.3,0.1,28200,17.4,NA,NA,"MDmain",75.02
"CB4.2C",2025-07-21,23,23.9,7.3,0.1,28300,17.4,NA,NA,"MDmain",75.02
"CB4.2C",2025-07-21,25,23.9,7.3,0.1,28300,17.4,NA,NA,"MDmain",75.02
"CB4.2E",2025-07-21,0.5,28.5,8.2,6.5,16200,9.4,NA,"1.6","MDmain",83.3
"CB4.2E",2025-07-21,1,28.5,8.2,6.5,16200,9.4,NA,NA,"MDmain",83.3
"CB4.2E",2025-07-21,2,28.6,8.2,6.3,16200,9.4,NA,NA,"MDmain",83.48
"CB4.2E",2025-07-21,3,28.6,8.2,6.3,16300,9.5,NA,NA,"MDmain",83.48
"CB4.2E",2025-07-21,4,28.8,8.1,5.7,17000,9.9,NA,NA,"MDmain",83.84
"CB4.2E",2025-07-21,5,27.2,7.5,2.1,19300,11.4,NA,NA,"MDmain",80.96
"CB4.2E",2025-07-21,6,27.2,7.5,2.4,19700,11.7,NA,NA,"MDmain",80.96
"CB4.2E",2025-07-21,7,27,7.5,2.4,20100,12,NA,NA,"MDmain",80.6
"CB4.2E",2025-07-21,8,26.8,7.5,1.8,20500,12.2,NA,NA,"MDmain",80.24
"CB4.1E",2025-07-21,0.5,28.8,8.5,7.9,14600,8.5,NA,"1","MDmain",83.84
"CB4.1E",2025-07-21,1,28.8,8.5,7.8,14600,8.5,NA,NA,"MDmain",83.84
"CB4.1E",2025-07-21,2,28.7,8.5,7.7,14600,8.5,NA,NA,"MDmain",83.66
"CB4.1E",2025-07-21,3,28.6,8.4,7.1,14700,8.5,NA,NA,"MDmain",83.48
"CB4.1E",2025-07-21,4,28.5,8.3,6.5,14700,8.5,NA,NA,"MDmain",83.3
"CB4.1E",2025-07-21,5,28.3,8.2,5.5,14800,8.6,NA,NA,"MDmain",82.94
"CB4.1E",2025-07-21,6,27.5,7.7,3.1,16100,9.4,NA,NA,"MDmain",81.5
"CB4.1E",2025-07-21,7,25.6,7.3,0.2,20200,12.1,NA,NA,"MDmain",78.08
"CB4.1E",2025-07-21,8,25.4,7.3,0.1,20600,12.3,NA,NA,"MDmain",77.72
"CB4.1E",2025-07-21,9,25.3,7.3,0.1,20800,12.4,NA,NA,"MDmain",77.54
"CB4.1E",2025-07-21,10,25.2,7.3,0.1,20800,12.4,NA,NA,"MDmain",77.36
"CB4.1E",2025-07-21,11,25.2,7.3,0.1,20900,12.5,NA,NA,"MDmain",77.36
"CB4.1E",2025-07-21,12,25.2,7.3,0.1,20900,12.5,NA,NA,"MDmain",77.36
"CB4.1E",2025-07-21,13,25.1,7.3,0.1,21100,12.7,NA,NA,"MDmain",77.18
"CB4.1E",2025-07-21,14,24.6,7.3,0.1,22000,13.2,NA,NA,"MDmain",76.28
"CB4.1E",2025-07-21,15,24.4,7.3,0.1,22400,13.5,NA,NA,"MDmain",75.92
"CB4.1E",2025-07-21,16,24.3,7.3,0.1,22600,13.6,NA,NA,"MDmain",75.74
"CB4.1E",2025-07-21,17,24.2,7.3,0.1,23000,13.9,NA,NA,"MDmain",75.56
"CB4.1E",2025-07-21,19,24,7.3,0.1,23400,14.1,NA,NA,"MDmain",75.2
"CB4.1E",2025-07-21,21,23.7,7.3,0.1,24200,14.7,NA,NA,"MDmain",74.66
"CB4.1E",2025-07-21,22,23.7,7.3,0.1,24500,14.9,NA,NA,"MDmain",74.66
"CB4.1C",2025-07-21,0.5,28.4,8.5,7.8,13900,8,NA,"1","MDmain",83.12
"CB4.1C",2025-07-21,1,28.3,8.4,7.2,13900,8,NA,NA,"MDmain",82.94
"CB4.1C",2025-07-21,2,28.2,8.4,6.8,14100,8.1,NA,NA,"MDmain",82.76
"CB4.1C",2025-07-21,3,28.2,8.3,6.2,14600,8.5,NA,NA,"MDmain",82.76
"CB4.1C",2025-07-21,4,27.5,7.5,2.1,16400,9.6,NA,NA,"MDmain",81.5
"CB4.1C",2025-07-21,5,26.8,7.4,0.9,18400,10.9,NA,NA,"MDmain",80.24
"CB4.1C",2025-07-21,6,26.4,7.3,0.5,18700,11.1,NA,NA,"MDmain",79.52
"CB4.1C",2025-07-21,7,26.3,7.3,0.3,18900,11.2,NA,NA,"MDmain",79.34
"CB4.1C",2025-07-21,8,25.4,7.3,0.1,20700,12.4,NA,NA,"MDmain",77.72
"CB4.1C",2025-07-21,9,25.2,7.3,0.1,20900,12.5,NA,NA,"MDmain",77.36
"CB4.1C",2025-07-21,10,24.5,7.3,0.1,22100,13.3,NA,NA,"MDmain",76.1
"CB4.1C",2025-07-21,11,24.1,7.3,0.1,22800,13.8,NA,NA,"MDmain",75.38
"CB4.1C",2025-07-21,12,23.9,7.3,0.1,23400,14.2,NA,NA,"MDmain",75.02
"CB4.1C",2025-07-21,13,23.8,7.3,0.1,23500,14.2,NA,NA,"MDmain",74.84
"CB4.1C",2025-07-21,15,23.6,7.3,0.1,24100,14.6,NA,NA,"MDmain",74.48
"CB4.1C",2025-07-21,17,23.5,7.3,0.1,24900,15.2,NA,NA,"MDmain",74.3
"CB4.1C",2025-07-21,19,23.4,7.3,0.1,25400,15.5,NA,NA,"MDmain",74.12
"CB4.1C",2025-07-21,21,23.4,7.3,0.1,25800,15.8,NA,NA,"MDmain",74.12
"CB4.1C",2025-07-21,23,23.3,7.3,0.1,26100,16,NA,NA,"MDmain",73.94
"CB4.1C",2025-07-21,25,23.3,7.3,0.1,26800,16.4,NA,NA,"MDmain",73.94
"CB4.1C",2025-07-21,27,23.3,7.3,0.1,26900,16.5,NA,NA,"MDmain",73.94
"CB4.1C",2025-07-21,29,23.4,7.3,0.1,27100,16.7,NA,NA,"MDmain",74.12
"CB4.1C",2025-07-21,30,23.4,7.3,0.1,27200,16.7,NA,NA,"MDmain",74.12
"CB4.1W",2025-07-21,0.5,28.6,8.7,10.9,12000,6.8,NA,"0.5","MDmain",83.48
"CB4.1W",2025-07-21,1,28.6,8.8,11.4,12000,6.8,NA,NA,"MDmain",83.48
"CB4.1W",2025-07-21,2,28.4,8.6,9.4,12000,6.9,NA,NA,"MDmain",83.12
"CB4.1W",2025-07-21,3,28.2,8.5,8,12100,6.9,NA,NA,"MDmain",82.76
"CB4.1W",2025-07-21,4,28.2,8.4,7.6,12100,6.9,NA,NA,"MDmain",82.76
"CB4.1W",2025-07-21,5,28.2,8.4,7.2,12200,7,NA,NA,"MDmain",82.76
"CB4.1W",2025-07-21,6,28.2,8.3,6.7,12400,7.1,NA,NA,"MDmain",82.76
"CB4.1W",2025-07-21,7,28.3,8.2,5.8,12800,7.3,NA,NA,"MDmain",82.94
"CB3.3E",2025-07-21,0.5,28.4,8.3,8.2,8890,4.9,NA,"1","MDmain",83.12
"CB3.3E",2025-07-21,1,28.4,8.2,7,8770,4.9,NA,NA,"MDmain",83.12
"CB3.3E",2025-07-21,2,28.3,8.1,6.7,8800,4.9,NA,NA,"MDmain",82.94
"CB3.3E",2025-07-21,3,28.3,8,6.3,9030,5,NA,NA,"MDmain",82.94
"CB3.3E",2025-07-21,4,28.3,8,5.8,9730,5.4,NA,NA,"MDmain",82.94
"CB3.3E",2025-07-21,5,28.2,7.9,4.8,11300,6.4,NA,NA,"MDmain",82.76
"CB3.3E",2025-07-21,6,28.2,7.9,4.7,11600,6.6,NA,NA,"MDmain",82.76
"CB3.3C",2025-07-21,0.5,28.8,8.3,7.8,8450,4.7,NA,"1","MDmain",83.84
"CB3.3C",2025-07-21,1,28.6,8.2,7.8,8450,4.7,NA,NA,"MDmain",83.48
"CB3.3C",2025-07-21,2,28.4,8.1,6.7,8470,4.7,NA,NA,"MDmain",83.12
"CB3.3C",2025-07-21,3,28.3,8.1,6.5,8620,4.8,NA,NA,"MDmain",82.94
"CB3.3C",2025-07-21,4,28.2,8,5.8,9560,5.4,NA,NA,"MDmain",82.76
"CB3.3C",2025-07-21,5,28.1,7.9,4.7,10900,6.1,NA,NA,"MDmain",82.58
"CB3.3C",2025-07-21,6,27.6,7.6,2.7,13700,7.9,NA,NA,"MDmain",81.68
"CB3.3C",2025-07-21,7,26.4,7.3,0.6,16800,9.8,NA,NA,"MDmain",79.52
"CB3.3C",2025-07-21,8,26,7.3,0.2,17900,10.5,NA,NA,"MDmain",78.8
"CB3.3C",2025-07-21,9,25.3,7.3,0.1,19700,11.7,NA,NA,"MDmain",77.54
"CB3.3C",2025-07-21,10,25,7.3,0.1,20300,12.1,NA,NA,"MDmain",77
"CB3.3C",2025-07-21,11,24.7,7.3,0.1,21100,12.6,NA,NA,"MDmain",76.46
"CB3.3C",2025-07-21,12,24.2,7.3,0.1,21800,13.1,NA,NA,"MDmain",75.56
"CB3.3C",2025-07-21,13,23.9,7.3,0.1,22700,13.7,NA,NA,"MDmain",75.02
"CB3.3C",2025-07-21,15,23.5,7.3,0.1,23300,14.1,NA,NA,"MDmain",74.3
"CB3.3C",2025-07-21,17,23.2,7.3,0.1,24200,14.7,NA,NA,"MDmain",73.76
"CB3.3C",2025-07-21,19,23,7.3,0.1,24900,15.2,NA,NA,"MDmain",73.4
"CB3.3C",2025-07-21,21,22.9,7.3,0.1,25000,15.3,NA,NA,"MDmain",73.22
"CB3.3C",2025-07-21,23,22.9,7.3,0.1,25100,15.3,NA,NA,"MDmain",73.22
"CB3.3W",2025-07-21,0.5,29,8.6,10.3,10700,6,NA,"0.8","MDmain",84.2
"CB3.3W",2025-07-21,1,29,8.6,9.9,10700,6,NA,NA,"MDmain",84.2
"CB3.3W",2025-07-21,2,28.8,8.6,9.5,10800,6.1,NA,NA,"MDmain",83.84
"CB3.3W",2025-07-21,3,28.9,8.5,8.8,11100,6.2,NA,NA,"MDmain",84.02
"CB3.3W",2025-07-21,4,28.3,8.2,6.3,11700,6.7,NA,NA,"MDmain",82.94
"CB3.3W",2025-07-21,5,28,8.1,5.8,11900,6.8,NA,NA,"MDmain",82.4
"CB3.3W",2025-07-21,6,28,8.1,5.8,12000,6.9,NA,NA,"MDmain",82.4
"CB3.3W",2025-07-21,7,27.4,7.9,5,12900,7.4,NA,NA,"MDmain",81.32
"CB3.2",2025-07-22,0.5,27.5,7.8,5.7,8800,4.9,NA,"0.9","MDmain",81.5
"CB3.2",2025-07-22,1,27.5,7.8,5.7,8800,4.9,NA,NA,"MDmain",81.5
"CB3.2",2025-07-22,2,27.5,7.8,5.5,8800,4.9,NA,NA,"MDmain",81.5
"CB3.2",2025-07-22,3,27.5,7.7,4.6,10400,5.6,NA,NA,"MDmain",81.5
"CB3.2",2025-07-22,4,27.6,7.6,3.7,11500,6.6,NA,NA,"MDmain",81.68
"CB3.2",2025-07-22,5,27.6,7.4,2.5,11700,6.6,NA,NA,"MDmain",81.68
"CB3.2",2025-07-22,6,27.3,7.4,1.7,12900,7.4,NA,NA,"MDmain",81.14
"CB3.2",2025-07-22,7,26.9,7.3,0.5,14400,8.3,NA,NA,"MDmain",80.42
"CB3.2",2025-07-22,8,26.6,7.3,0.2,15200,11.1,NA,NA,"MDmain",79.88
"CB3.2",2025-07-22,9,25.4,7.3,0.1,18700,11.1,NA,NA,"MDmain",77.72
"CB3.2",2025-07-22,10,25.4,7.4,0.2,18800,11.1,NA,NA,"MDmain",77.72
"CB3.1",2025-07-22,0.5,28,7.8,6.1,5300,3,NA,"0.8","MDmain",82.4
"CB3.1",2025-07-22,1,28,7.8,6,5500,3,NA,NA,"MDmain",82.4
"CB3.1",2025-07-22,2,28,7.8,5.7,5700,3,NA,NA,"MDmain",82.4
"CB3.1",2025-07-22,3,28,7.8,5.7,6300,3.4,NA,NA,"MDmain",82.4
"CB3.1",2025-07-22,4,27.9,7.8,5,8900,4.9,NA,NA,"MDmain",82.22
"CB3.1",2025-07-22,5,27.9,7.7,4.9,8900,4.9,NA,NA,"MDmain",82.22
"CB3.1",2025-07-22,6,27.8,7.6,3.6,10200,5.6,NA,NA,"MDmain",82.04
"CB3.1",2025-07-22,7,27.8,7.5,3.2,10900,6.1,NA,NA,"MDmain",82.04
"CB3.1",2025-07-22,8,27.6,7.4,2.3,12500,7,NA,NA,"MDmain",81.68
"CB3.1",2025-07-22,9,27.4,7.4,1.5,12300,7,NA,NA,"MDmain",81.32
"CB3.1",2025-07-22,10,27,7.3,0.4,14300,8.3,NA,NA,"MDmain",80.6
"CB3.1",2025-07-22,11,27,7.3,0.4,14200,8.2,NA,NA,"MDmain",80.6
"CB3.1",2025-07-22,12,27,7.4,0.5,14300,8.2,NA,NA,"MDmain",80.6
"CB2.2",2025-07-22,0.5,28.6,7.6,5.9,1920,1,NA,"0.7","MDmain",83.48
"CB2.2",2025-07-22,1,28.6,7.6,5.8,2000,1,NA,NA,"MDmain",83.48
"CB2.2",2025-07-22,2,28.6,7.6,5.8,2000,1,NA,NA,"MDmain",83.48
"CB2.2",2025-07-22,3,28.7,7.6,5.8,2000,1,NA,NA,"MDmain",83.66
"CB2.2",2025-07-22,4,28.7,7.6,5.6,2100,1,NA,NA,"MDmain",83.66
"CB2.2",2025-07-22,5,28.7,7.6,5.6,2100,1.1,NA,NA,"MDmain",83.66
"CB2.2",2025-07-22,6,28.7,7.6,5.5,2200,1.1,NA,NA,"MDmain",83.66
"CB2.2",2025-07-22,7,28.7,7.5,3.9,4700,2.5,NA,NA,"MDmain",83.66
"CB2.2",2025-07-22,8,28.6,7.5,3.9,4900,2.6,NA,NA,"MDmain",83.48
"CB2.2",2025-07-22,9,28.4,7.5,3.1,6800,3.7,NA,NA,"MDmain",83.12
"CB2.1",2025-07-22,0.5,29,7.9,6.8,260,0.1,NA,"0.7","MDmain",84.2
"CB2.1",2025-07-22,1,29,8,6.8,260,0.1,NA,NA,"MDmain",84.2
"CB2.1",2025-07-22,2,28.9,8,6.8,260,0.1,NA,NA,"MDmain",84.02
"CB2.1",2025-07-22,3,28.9,8,6.6,260,0.1,NA,NA,"MDmain",84.02
"CB2.1",2025-07-22,4,28.8,8.1,6.5,260,0.1,NA,NA,"MDmain",83.84
"CB1.1",2025-07-22,0.5,29.9,8,6.9,260,0.1,NA,"1","MDmain",85.82
"CB1.1",2025-07-22,1,29.8,8,6.9,260,0.1,NA,NA,"MDmain",85.64
"CB1.1",2025-07-22,2,29.6,8,6.6,260,0.1,NA,NA,"MDmain",85.28
"CB1.1",2025-07-22,3,29.5,8.2,6.8,260,0.1,NA,NA,"MDmain",85.1
"WT1.1",2025-07-09,0.5,30.2,7.4,5.3,699,0.3,NA,"0.4","MDothers",86.36
"WT1.1",2025-07-09,1,30,7.4,4.9,756,0.4,NA,NA,"MDothers",86
"WT1.1",2025-07-09,2,29.9,7.3,4.3,757,0.4,NA,NA,"MDothers",85.82
"WT2.1",2025-07-09,0.5,30.6,7.4,4.9,1620,0.8,NA,"0.6","MDothers",87.08
"WT2.1",2025-07-09,1,30,7.3,4.2,1640,0.8,NA,NA,"MDothers",86
"WT2.1",2025-07-09,1.4,29.8,7.3,3.4,1690,0.8,NA,NA,"MDothers",85.64
"WT3.1",2025-07-09,0.5,30.2,7.5,5.4,2440,1.2,NA,"0.4","MDothers",86.36
"WT3.1",2025-07-09,1,30.1,7.5,5.3,2440,1.2,NA,NA,"MDothers",86.18
"WT3.1",2025-07-09,2,29.8,7.4,4.8,2440,1.2,NA,NA,"MDothers",85.64
"WT3.1",2025-07-09,3,29.7,7.4,4.1,2440,1.2,NA,NA,"MDothers",85.46
"WT4.1",2025-07-09,0.5,30.7,8.4,7.6,1030,0.5,NA,"0.3","MDothers",87.26
"WT4.1",2025-07-09,1,30.4,8.2,6,1050,0.5,NA,NA,"MDothers",86.72
"WT5.1",2025-07-09,0.5,30,8.6,10.5,6880,3.8,NA,"0.7","MDothers",86
"WT5.1",2025-07-09,1,29.8,8.5,10.4,7190,3.9,NA,NA,"MDothers",85.64
"WT5.1",2025-07-09,2,28.9,8.5,7.4,7910,4.4,NA,NA,"MDothers",84.02
"WT5.1",2025-07-09,3,28.9,8.5,7.2,8300,4.7,NA,NA,"MDothers",84.02
"WT5.1",2025-07-09,4,28.5,8.3,6.4,9200,5.2,NA,NA,"MDothers",83.3
"WT5.1",2025-07-09,5,27.4,7.8,3.4,10600,6,NA,NA,"MDothers",81.32
"WT5.1",2025-07-09,6,27,7.7,2.8,12000,7.7,NA,NA,"MDothers",80.6
"WT5.1",2025-07-09,7,26.4,7.7,1.6,12700,7.2,NA,NA,"MDothers",79.52
"WT5.1",2025-07-09,8,25.4,7.7,0.9,14800,8.6,NA,NA,"MDothers",77.72
"WT5.1",2025-07-09,9,24.6,7.7,0.4,16800,9.9,NA,NA,"MDothers",76.28
"WT5.1",2025-07-09,10,24.2,7.7,0.1,17500,10.3,NA,NA,"MDothers",75.56
"WT5.1",2025-07-09,11,23.7,7.7,0.1,18500,10.9,NA,NA,"MDothers",74.66
"WT5.1",2025-07-09,12,23.6,7.9,0.1,19100,11.4,NA,NA,"MDothers",74.48
"WT5.1",2025-07-09,13,23.4,7.9,0.2,19600,11.7,NA,NA,"MDothers",74.12
"WT5.1",2025-07-09,14,22.9,7.9,0.1,20600,12.3,NA,NA,"MDothers",73.22
"WT5.1",2025-07-09,15.2,22.9,7.9,0.1,20800,12.5,NA,NA,"MDothers",73.22
"WT6.1",2025-07-08,0.5,30.3,8.6,8.1,9020,5,NA,"1.1","MDothers",86.54
"WT6.1",2025-07-08,1,30.2,8.6,8,9020,5,NA,NA,"MDothers",86.36
"WT6.1",2025-07-08,2,30.2,8.3,6.7,9090,5,NA,NA,"MDothers",86.36
"WT6.1",2025-07-08,3,30,8.2,5.8,9100,5,NA,NA,"MDothers",86
"WT6.1",2025-07-08,4,29.8,8,4.4,9140,5.1,NA,NA,"MDothers",85.64
"WT6.1",2025-07-08,5,28.2,7.3,0.4,10100,5.7,NA,NA,"MDothers",82.76
"WT6.1",2025-07-08,5.4,25.2,7.1,0.2,12000,6.9,NA,NA,"MDothers",77.36
"WT7.1",2025-07-08,0.5,30.5,8.6,8.9,12000,6.8,NA,"0.8","MDothers",86.9
"WT7.1",2025-07-08,1,30.5,8.6,8.8,12000,6.8,NA,NA,"MDothers",86.9
"WT7.1",2025-07-08,2,30.4,8.5,8.6,12000,6.8,NA,NA,"MDothers",86.72
"WT7.1",2025-07-08,3,29.5,8.4,6.8,12000,6.8,NA,NA,"MDothers",85.1
"WT7.1",2025-07-08,4,28.9,8.1,5.3,12100,6.9,NA,NA,"MDothers",84.02
"WT7.1",2025-07-08,5,28,7.9,3.8,12100,6.9,NA,NA,"MDothers",82.4
"WT7.1",2025-07-08,6,28.4,7.5,1.8,12300,7,NA,NA,"MDothers",83.12
"WT7.1",2025-07-08,7,28.1,7.3,0.6,12500,7.1,NA,NA,"MDothers",82.58
"WT7.1",2025-07-08,8,26.7,7.3,0,13300,7.7,NA,NA,"MDothers",80.06
"WT7.1",2025-07-08,9,26.7,7.3,0,13300,7.7,NA,NA,"MDothers",80.06
"WT7.1",2025-07-08,10,26.7,7.3,0,13300,7.7,NA,NA,"MDothers",80.06
"WT7.1",2025-07-08,11,26.4,7.3,0,13500,7.7,NA,NA,"MDothers",79.52
"WT7.1",2025-07-08,11.8,26.5,7.3,0,13400,7.7,NA,NA,"MDothers",79.7
"WT8.1",2025-07-08,0.5,30.3,8.1,7.7,11500,6.5,NA,"0.9","MDothers",86.54
"WT8.1",2025-07-08,1,30.3,8.2,7.2,11700,6.6,NA,NA,"MDothers",86.54
"WT8.1",2025-07-08,2,30.1,8.1,7.3,12000,6.8,NA,NA,"MDothers",86.18
"WT8.1",2025-07-08,3,30,7.9,6.8,12200,6.9,NA,NA,"MDothers",86
"WT8.1",2025-07-08,4,29.1,7.2,1.3,12600,7.2,NA,NA,"MDothers",84.38
"WT8.1",2025-07-08,5,28.6,7.2,0.1,12900,7.4,NA,NA,"MDothers",83.48
"WT8.1",2025-07-08,6,28.3,7.2,0.1,13000,7.4,NA,NA,"MDothers",82.94
"WT8.1",2025-07-08,6.5,28.2,7.2,0.1,13000,7.4,NA,NA,"MDothers",82.76
"WT8.2",2025-07-08,0.5,31,8,7.1,12500,7.2,NA,"0.7","MDothers",87.8
"WT8.2",2025-07-08,1,30.1,7.5,4.2,12700,7.2,NA,NA,"MDothers",86.18
"WT8.2",2025-07-08,2,29.9,7.4,3.1,12800,7.3,NA,NA,"MDothers",85.82
"WT8.2",2025-07-08,2.1,29.9,7.3,2.8,12800,7.3,NA,NA,"MDothers",85.82
"WT8.3",2025-07-08,0.5,30.3,7.6,5.6,13200,7.6,NA,"0.6","MDothers",86.54
"WT8.3",2025-07-08,1,30.1,7.5,5.3,13300,7.6,NA,NA,"MDothers",86.18
"WT8.3",2025-07-08,2,29.9,7.4,4,13300,7.6,NA,NA,"MDothers",85.82
"WT8.3",2025-07-08,3,29.5,7.2,3.6,13300,7.6,NA,NA,"MDothers",85.1
"ET1.1",2025-07-10,0.5,30,7.8,5.7,212,0.1,NA,"0.5","MDothers",86
"ET1.1",2025-07-10,1,30,7.7,5.5,212,0.1,NA,NA,"MDothers",86
"ET1.1",2025-07-10,2.2,29.9,7.7,5.4,212,0.1,NA,NA,"MDothers",85.82
"ET2.1",2025-07-10,0.5,29.6,7.5,6.3,602,0.3,NA,"0.4","MDothers",85.28
"ET2.1",2025-07-10,1,29.6,7.5,6.2,603,0.3,NA,NA,"MDothers",85.28
"ET2.1",2025-07-10,2,29.6,7.5,6.2,603,0.3,NA,NA,"MDothers",85.28
"ET2.1",2025-07-10,3,29.6,7.5,6.2,602,0.3,NA,NA,"MDothers",85.28
"ET2.1",2025-07-10,5,29.6,7.5,6.2,603,0.3,NA,NA,"MDothers",85.28
"ET2.1",2025-07-10,7,29.6,7.5,6.2,603,0.3,NA,NA,"MDothers",85.28
"ET2.1",2025-07-10,9,29.6,7.5,6.2,603,0.3,NA,NA,"MDothers",85.28
"ET2.1",2025-07-10,11,29.6,7.5,6.2,603,0.3,NA,NA,"MDothers",85.28
"ET2.1",2025-07-10,13,29.6,7.5,6.2,604,0.3,NA,NA,"MDothers",85.28
"ET2.1",2025-07-10,13.3,29.6,7.5,6.2,604,0.3,NA,NA,"MDothers",85.28
"ET2.2",2025-07-10,0.5,29.9,7.5,5.7,619,0.3,NA,"0.4","MDothers",85.82
"ET2.2",2025-07-10,1,29.9,7.4,5.5,621,0.3,NA,NA,"MDothers",85.82
"ET2.2",2025-07-10,2,29.6,7.4,5,626,0.3,NA,NA,"MDothers",85.28
"ET2.2",2025-07-10,2.8,29.5,7.4,5,626,0.3,NA,NA,"MDothers",85.1
"ET2.3",2025-07-10,0.5,29.8,7.6,6.8,490,0.2,NA,"0.5","MDothers",85.64
"ET2.3",2025-07-10,1,29.8,7.6,6.8,490,0.2,NA,NA,"MDothers",85.64
"ET2.3",2025-07-10,2,29.8,7.6,6.8,490,0.2,NA,NA,"MDothers",85.64
"ET2.3",2025-07-10,3,29.8,7.6,6.8,491,0.2,NA,NA,"MDothers",85.64
"ET2.3",2025-07-10,5,29.8,7.6,6.7,494,0.2,NA,NA,"MDothers",85.64
"ET2.3",2025-07-10,7,29.8,7.6,6.7,496,0.2,NA,NA,"MDothers",85.64
"ET2.3",2025-07-10,9,29.8,7.6,6.7,520,0.2,NA,NA,"MDothers",85.64
"ET2.3",2025-07-10,11,29.8,7.6,6.7,530,0.2,NA,NA,"MDothers",85.64
"ET2.3",2025-07-10,12,29.8,7.5,6.6,531,0.2,NA,NA,"MDothers",85.64
"ET3.1",2025-07-07,0.5,30.3,7.3,5.3,700,0.3,NA,"0.5","MDothers",86.54
"ET3.1",2025-07-07,1,30.2,7.3,4.9,703,0.3,NA,NA,"MDothers",86.36
"ET3.1",2025-07-07,2,30.2,7.2,4.8,702,0.3,NA,NA,"MDothers",86.36
"ET3.1",2025-07-07,3,30.1,7.2,4.8,704,0.3,NA,NA,"MDothers",86.18
"ET3.1",2025-07-07,4,30.1,7.2,4.8,705,0.3,NA,NA,"MDothers",86.18
"ET3.1",2025-07-07,5,30.1,7.2,4.8,708,0.3,NA,NA,"MDothers",86.18
"ET3.1",2025-07-07,6,30,7.2,4.6,709,0.3,NA,NA,"MDothers",86
"ET3.1",2025-07-07,6.6,30,7.2,4.6,709,0.3,NA,NA,"MDothers",86
"ET4.1",2025-07-07,0.5,30.2,6.9,6.1,1760,0.9,NA,"0.3","MDothers",86.36
"ET4.1",2025-07-07,1,30.2,6.9,6.1,1800,0.9,NA,NA,"MDothers",86.36
"ET4.1",2025-07-07,2,30.1,6.9,6.1,1800,0.9,NA,NA,"MDothers",86.18
"ET4.1",2025-07-07,3,30,6.9,6,1810,0.9,NA,NA,"MDothers",86
"ET4.1",2025-07-07,4,30,6.9,6,1820,0.9,NA,NA,"MDothers",86
"ET4.1",2025-07-07,5,30,6.9,6,1830,0.9,NA,NA,"MDothers",86
"ET4.1",2025-07-07,5.3,30.1,6.9,6,1850,0.9,NA,NA,"MDothers",86.18
"ET4.2",2025-07-08,0.5,28.7,8.5,9.1,12600,7.2,NA,"0.7","MDothers",83.66
"ET4.2",2025-07-08,1,28.6,8.4,8.4,12700,7.2,NA,NA,"MDothers",83.48
"ET4.2",2025-07-08,2,28.6,8.5,8.4,12700,7.2,NA,NA,"MDothers",83.48
"ET4.2",2025-07-08,3,28.5,8.4,7.3,12800,7.8,NA,NA,"MDothers",83.3
"ET4.2",2025-07-08,4,28.5,8.3,7.2,12800,7.3,NA,NA,"MDothers",83.3
"ET4.2",2025-07-08,5,28.4,8.1,6.1,12900,7.4,NA,NA,"MDothers",83.12
"ET4.2",2025-07-08,6,28.1,8,5.2,13100,7.5,NA,NA,"MDothers",82.58
"ET4.2",2025-07-08,7,25.6,7.2,0.7,16400,9.5,NA,NA,"MDothers",78.08
"ET4.2",2025-07-08,8,24.2,7.1,0.3,17800,10.6,NA,NA,"MDothers",75.56
"ET4.2",2025-07-08,9,23.9,7.1,0.3,18500,11,NA,NA,"MDothers",75.02
"ET4.2",2025-07-08,9.9,23.6,7.1,0.3,19100,11.3,NA,NA,"MDothers",74.48
"ET5.1",2025-07-09,0.5,29.6,7.8,4.8,2210,1.1,NA,"0.2","MDothers",85.28
"ET5.1",2025-07-09,1,29.8,7.8,4.4,2400,1.2,NA,NA,"MDothers",85.64
"ET5.1",2025-07-09,2,29.8,7.8,4.4,2500,1.3,NA,NA,"MDothers",85.64
"ET5.1",2025-07-09,3,29.8,7.8,4.4,2610,1.3,NA,NA,"MDothers",85.64
"ET5.1",2025-07-09,4,29.8,7.8,4.4,2640,1.4,NA,NA,"MDothers",85.64
"ET5.1",2025-07-09,5.2,29.8,7.7,4.4,2610,1.3,NA,NA,"MDothers",85.64
"ET5.2",2025-07-09,0.5,29.1,7.8,6.3,16900,9.8,NA,"0.6","MDothers",84.38
"ET5.2",2025-07-09,1,29.1,7.8,6.2,16900,9.8,NA,NA,"MDothers",84.38
"ET5.2",2025-07-09,2,29.1,7.8,6.1,16900,9.9,NA,NA,"MDothers",84.38
"ET5.2",2025-07-09,3,29.1,7.8,6.1,16900,9.9,NA,NA,"MDothers",84.38
"ET5.2",2025-07-09,4,29.2,7.8,6.1,16900,9.9,NA,NA,"MDothers",84.56
"ET5.2",2025-07-09,5,29.2,7.8,6,16900,9.9,NA,NA,"MDothers",84.56
"ET5.2",2025-07-09,6,29.2,7.7,5.8,17000,9.9,NA,NA,"MDothers",84.56
"ET5.2",2025-07-09,7,29.1,7.7,5.6,17000,9.9,NA,NA,"MDothers",84.38
"ET5.2",2025-07-09,8,29.1,7.7,5.3,17100,10,NA,NA,"MDothers",84.38
"ET5.2",2025-07-09,9,29.1,7.6,5.2,17100,10,NA,NA,"MDothers",84.38
"ET5.2",2025-07-09,10,29.1,7.6,5.1,17100,10,NA,NA,"MDothers",84.38
"ET5.2",2025-07-09,10.6,29.1,7.6,5.1,17100,10,NA,NA,"MDothers",84.38
"ET6.1",2025-07-14,0.5,29.7,6.6,6.9,1047,0.5,NA,"0.3","MDothers",85.46
"ET6.1",2025-07-14,1,29.6,6.7,6.8,1043,0.5,NA,NA,"MDothers",85.28
"ET6.1",2025-07-14,2,29.6,6.7,6.8,1040,0.5,NA,NA,"MDothers",85.28
"ET6.1",2025-07-14,3,29.6,6.7,6.8,1040,0.5,NA,NA,"MDothers",85.28
"ET6.1",2025-07-14,4,29.6,6.7,6.8,1040,0.5,NA,NA,"MDothers",85.28
"ET6.1",2025-07-14,4.6,29.6,6.7,6.8,1040,0.5,NA,NA,"MDothers",85.28
"ET6.2",2025-07-09,0.5,29.5,7.4,6.8,12300,7,NA,"0.3","MDothers",85.1
"ET6.2",2025-07-09,1,29.5,7.3,6.6,12300,7,NA,NA,"MDothers",85.1
"ET6.2",2025-07-09,2,29.4,7.3,6.3,12300,7,NA,NA,"MDothers",84.92
"ET6.2",2025-07-09,3.1,29.2,7.2,5.9,12400,7.1,NA,NA,"MDothers",84.56
"ET7.1",2025-07-09,0.5,30,7.2,6.1,16600,9.6,NA,"0.5","MDothers",86
"ET7.1",2025-07-09,1,29.7,7.19,5.8,16700,9.8,NA,NA,"MDothers",85.46
"ET7.1",2025-07-09,2,29.6,7.17,5.6,17000,9.9,NA,NA,"MDothers",85.28
"ET7.1",2025-07-09,3,29.5,7.17,5.6,17000,9.9,NA,NA,"MDothers",85.1
"ET7.1",2025-07-09,4,29.5,7.17,5.5,17000,10,NA,NA,"MDothers",85.1
"ET7.1",2025-07-09,5,29.5,7.16,5.6,17000,9.9,NA,NA,"MDothers",85.1
"ET7.1",2025-07-09,6,29.6,7.16,5.7,16750,9.8,NA,NA,"MDothers",85.28
"ET8.1",2025-07-08,0.5,29.5,7.9,6.4,25300,15.3,NA,"0.5","MDothers",85.1
"ET8.1",2025-07-08,1,29.3,7.9,6.4,25300,15.3,NA,NA,"MDothers",84.74
"ET8.1",2025-07-08,2,28.9,7.9,6.2,25300,15.3,NA,NA,"MDothers",84.02
"ET8.1",2025-07-08,3,28.9,7.9,6.2,25300,15.3,NA,NA,"MDothers",84.02
"ET8.1",2025-07-08,4,28.9,7.9,6,25300,15.3,NA,NA,"MDothers",84.02
"ET8.1",2025-07-08,5,28.8,7.9,5.8,25300,15.3,NA,NA,"MDothers",83.84
"ET8.1",2025-07-08,5.3,28.8,7.9,5.6,25300,15.3,NA,NA,"MDothers",83.84
"ET9.1",2025-07-08,0.5,29.8,8,7.2,25700,15.6,NA,"0.6","MDothers",85.64
"ET9.1",2025-07-08,1,29.8,8,7.2,25800,15.6,NA,NA,"MDothers",85.64
"ET9.1",2025-07-08,2,29.3,8,6.9,26100,15.9,NA,NA,"MDothers",84.74
"ET9.1",2025-07-08,3,29.3,8,6.9,26200,15.9,NA,NA,"MDothers",84.74
"ET9.1",2025-07-08,4,29.3,8,6.6,26300,15.9,NA,NA,"MDothers",84.74
"ET9.1",2025-07-08,5,29.2,8,6.4,26200,15.9,NA,NA,"MDothers",84.56
"ET10.1",2025-07-08,0.5,29.1,6.5,3.7,173,0.1,NA,"0.3","MDothers",84.38
"ET10.1",2025-07-08,1,29,6.5,3.6,172,0.1,NA,NA,"MDothers",84.2
"ET10.1",2025-07-08,2,29,6.5,3.6,173,0.1,NA,NA,"MDothers",84.2
"ET10.1",2025-07-08,3,29,6.5,3.6,174,0.1,NA,NA,"MDothers",84.2
"ET10.1",2025-07-08,4,29,6.5,3.6,175,0.1,NA,NA,"MDothers",84.2
"ET10.1",2025-07-08,5,29,6.5,3.6,175,0.1,NA,NA,"MDothers",84.2
"ET10.1",2025-07-08,5.5,29,6.5,3.6,175,0.1,NA,NA,"MDothers",84.2
"EE1.1",2025-07-08,0.5,29,8.4,8.1,15900,9.3,NA,"1.2","MDothers",84.2
"EE1.1",2025-07-08,1,29,8.4,8,15900,9.3,NA,NA,"MDothers",84.2
"EE1.1",2025-07-08,2,28.9,8.4,7.9,15900,9.3,NA,NA,"MDothers",84.02
"EE1.1",2025-07-08,3,28.9,8.4,7.7,16000,9.3,NA,NA,"MDothers",84.02
"EE1.1",2025-07-08,4,28.8,8.4,7.4,16000,9.3,NA,NA,"MDothers",83.84
"EE1.1",2025-07-08,5,28.7,8.3,7,16100,9.4,NA,NA,"MDothers",83.66
"EE1.1",2025-07-08,6,28.6,8.3,6.7,16200,9.4,NA,NA,"MDothers",83.48
"EE1.1",2025-07-08,7,28.8,8.2,6.4,16500,9.8,NA,NA,"MDothers",83.84
"EE1.1",2025-07-08,8,27.4,7.4,1.7,18500,10.9,NA,NA,"MDothers",81.32
"EE1.1",2025-07-08,9,26.4,7.2,0.6,19300,11.5,NA,NA,"MDothers",79.52
"EE1.1",2025-07-08,10,24.6,7.2,0.2,21300,12.8,NA,NA,"MDothers",76.28
"EE1.1",2025-07-08,11,24,7.2,0.2,22500,13.6,NA,NA,"MDothers",75.2
"EE1.1",2025-07-08,12,23.4,7.1,0.2,23100,13.9,NA,NA,"MDothers",74.12
"EE2.1",2025-07-08,0.5,28.8,8.1,7.3,17500,10.2,NA,"0.8","MDothers",83.84
"EE2.1",2025-07-08,1,28.7,8.1,7.3,17500,10.2,NA,NA,"MDothers",83.66
"EE2.1",2025-07-08,2,28.5,8.1,7.1,17500,10.3,NA,NA,"MDothers",83.3
"EE2.1",2025-07-08,3,28.4,8.1,6.8,17600,10.3,NA,NA,"MDothers",83.12
"EE2.1",2025-07-08,4,28.4,8,6.6,17600,10.3,NA,NA,"MDothers",83.12
"EE2.1",2025-07-08,5,28.4,8,6.4,17600,10.4,NA,NA,"MDothers",83.12
"EE2.1",2025-07-08,6,28.4,7.8,5.4,17900,10.5,NA,NA,"MDothers",83.12
"EE2.1",2025-07-08,7,28.5,7.6,4.2,18100,10.6,NA,NA,"MDothers",83.3
"EE2.2",2025-07-08,0.5,29.2,8.1,7.3,18000,10.6,NA,"1","MDothers",84.56
"EE2.2",2025-07-08,1,29.1,8.1,7.3,18000,10.6,NA,NA,"MDothers",84.38
"EE2.2",2025-07-08,2,29,8.1,7.2,18000,10.6,NA,NA,"MDothers",84.2
"EE2.2",2025-07-08,3,29,8.1,7.1,18000,10.6,NA,NA,"MDothers",84.2
"EE2.2",2025-07-08,4,29,8.1,7,18000,10.6,NA,NA,"MDothers",84.2
"EE2.2",2025-07-08,5,28.9,8,6.6,18000,10.6,NA,NA,"MDothers",84.02
"EE2.2",2025-07-08,6,27.4,7.4,2.3,19200,11.4,NA,NA,"MDothers",81.32
"EE2.2",2025-07-08,7,26.4,7.2,0.2,20200,12.1,NA,NA,"MDothers",79.52
"EE2.2",2025-07-08,8,25.3,7.2,0.1,21500,12.9,NA,NA,"MDothers",77.54
"EE2.2",2025-07-08,9,24.9,7.2,0.1,21900,13.2,NA,NA,"MDothers",76.82
"EE2.2",2025-07-08,9.9,24.7,7.2,0.1,22000,13.3,NA,NA,"MDothers",76.46
"EE3.0",2025-07-09,0.5,29.6,7.7,6.7,22900,13.7,NA,"0.7","MDothers",85.28
"EE3.0",2025-07-09,1,29.6,7.7,6.6,22900,13.7,NA,NA,"MDothers",85.28
"EE3.0",2025-07-09,2,29.4,7.7,6.5,23000,13.8,NA,NA,"MDothers",84.92
"EE3.0",2025-07-09,3,29.4,7.7,6.5,23000,13.8,NA,NA,"MDothers",84.92
"EE3.0",2025-07-09,3.8,29.3,7.7,6.5,23000,13.8,NA,NA,"MDothers",84.74
"EE3.1",2025-07-09,0.5,29.2,7.8,6.8,21900,13.1,NA,"0.7","MDothers",84.56
"EE3.1",2025-07-09,1,29.2,7.8,6.8,21900,13.1,NA,NA,"MDothers",84.56
"EE3.1",2025-07-09,2,29.1,7.8,6.6,22100,13.2,NA,NA,"MDothers",84.38
"EE3.1",2025-07-09,3,29.2,7.8,6.5,22300,13.4,NA,NA,"MDothers",84.56
"EE3.1",2025-07-09,4,29.2,7.8,6.6,22400,13.4,NA,NA,"MDothers",84.56
"EE3.1",2025-07-09,5,29.2,7.8,6.6,22400,13.4,NA,NA,"MDothers",84.56
"EE3.1",2025-07-09,6,29.2,7.8,6.6,22500,13.5,NA,NA,"MDothers",84.56
"EE3.1",2025-07-09,7,29.2,7.8,6.6,22500,13.5,NA,NA,"MDothers",84.56
"EE3.1",2025-07-09,8,29.2,7.8,6.6,22500,13.5,NA,NA,"MDothers",84.56
"EE3.1",2025-07-09,9,29.2,7.8,6.7,22600,13.5,NA,NA,"MDothers",84.56
"EE3.1",2025-07-09,10,29.2,7.8,6.7,22600,13.6,NA,NA,"MDothers",84.56
"EE3.1",2025-07-09,11,29.2,7.8,6.6,22700,13.6,NA,NA,"MDothers",84.56
"EE3.2",2025-07-08,0.5,29,8,7.5,24600,14.9,NA,"1.1","MDothers",84.2
"EE3.2",2025-07-08,1,29,8,7.4,24600,14.9,NA,NA,"MDothers",84.2
"EE3.2",2025-07-08,2,28.9,8,7.3,24700,14.9,NA,NA,"MDothers",84.02
"EE3.2",2025-07-08,3,28.8,8,7.1,24700,14.9,NA,NA,"MDothers",83.84
"EE3.2",2025-07-08,5,28.7,7.9,6.6,24800,15,NA,NA,"MDothers",83.66
"EE3.2",2025-07-08,7,28.7,7.9,6.6,24800,15,NA,NA,"MDothers",83.66
"EE3.2",2025-07-08,9,28.6,7.9,6.7,24900,15,NA,NA,"MDothers",83.48
"EE3.2",2025-07-08,11,28.6,7.9,6.5,25000,15.2,NA,NA,"MDothers",83.48
"EE3.2",2025-07-08,13,28.6,7.9,6.3,25000,15.2,NA,NA,"MDothers",83.48
"EE3.2",2025-07-08,15,28.6,7.8,6.1,25200,15.3,NA,NA,"MDothers",83.48
"EE3.2",2025-07-08,17,28.6,7.8,5.8,25300,15.4,NA,NA,"MDothers",83.48
"EE3.2",2025-07-08,18,28.6,7.8,5.8,25300,15.4,NA,NA,"MDothers",83.48
"EE3.2",2025-07-08,19,28.6,7.8,5.6,25400,15.4,NA,NA,"MDothers",83.48
"EE3.2",2025-07-08,21,28.6,7.8,5.5,25400,15.4,NA,NA,"MDothers",83.48
"EE3.2",2025-07-08,23,28.6,7.8,5.4,25500,15.5,NA,NA,"MDothers",83.48
"EE3.2",2025-07-08,25,28.6,7.8,5.4,25500,15.5,NA,NA,"MDothers",83.48
"EE3.2",2025-07-08,26.9,28.6,7.8,5.4,25500,15.5,NA,NA,"MDothers",83.48
"EE3.3",2025-07-08,0.5,28.7,8,6.5,27700,17,NA,"0.5","MDothers",83.66
"EE3.3",2025-07-08,1,28.7,7.9,6.5,27700,17,NA,NA,"MDothers",83.66
"EE3.3",2025-07-08,2,28.7,7.9,6.5,27700,17,NA,NA,"MDothers",83.66
"EE3.3",2025-07-08,3.2,28.7,7.9,6.4,27700,17,NA,NA,"MDothers",83.66
"LE2.2",2025-07-07,0.5,28,8.1,6.7,15100,8.8,NA,"1.4","MDothers",82.4
"LE2.2",2025-07-07,1,27.9,8,5.7,15700,9.1,NA,NA,"MDothers",82.22
"LE2.2",2025-07-07,2,27.8,7.9,5,16100,9.4,NA,NA,"MDothers",82.04
"LE2.2",2025-07-07,3,27.8,7.9,4.9,16600,9.7,NA,NA,"MDothers",82.04
"LE2.2",2025-07-07,4,27.7,7.8,4.5,16800,9.8,NA,NA,"MDothers",81.86
"LE2.2",2025-07-07,5,27.5,7.6,3.7,17500,10.3,NA,NA,"MDothers",81.5
"LE2.2",2025-07-07,6,26.9,7.4,2.6,17900,10.6,NA,NA,"MDothers",80.42
"LE2.2",2025-07-07,7,26.8,7.4,2.3,18300,10.8,NA,NA,"MDothers",80.24
"LE2.2",2025-07-07,8,26.7,7.4,1.9,18300,10.8,NA,NA,"MDothers",80.06
"LE2.2",2025-07-07,9,26.5,7.3,1.5,18600,11,NA,NA,"MDothers",79.7
"LE2.2",2025-07-07,10,25.4,7.2,0.3,20400,12.2,NA,NA,"MDothers",77.72
"LE2.2",2025-07-07,11,24.2,7.2,0,22600,13.6,NA,NA,"MDothers",75.56
"LE2.2",2025-07-07,11.5,24.2,7.1,0,23000,13.9,NA,NA,"MDothers",75.56
"CCM0069",2025-07-14,0,30,7.1,5.1,2200,1.1,NA,"0.3","MDothers",86
"TRQ0088",2025-07-14,0,29.2,6.9,4.9,17300,10.1,NA,"0.5","MDothers",84.56
"TRQ0146",2025-07-14,0,29.4,7.5,6.5,1060,0.5,NA,"0.2","MDothers",84.92
"XDJ9007",2025-07-14,0,29.6,7.1,6.6,6340,3.4,NA,"0.3","MDothers",85.28
"WIW0141",2025-07-14,0,30.6,7.2,7.2,2370,1.2,NA,"0.3","MDothers",87.08
"XCI4078",2025-07-09,0.5,29.7,7.7,7,20700,12.3,NA,"0.6","MDothers",85.46
"XCI4078",2025-07-09,1,29.6,7.7,7,20700,12.3,NA,NA,"MDothers",85.28
"XCI4078",2025-07-09,2,29.4,7.7,7,21100,12.5,NA,NA,"MDothers",84.92
"XCI4078",2025-07-09,2.4,29.2,7.8,6.9,21100,12.6,NA,NA,"MDothers",84.56
"BXK0031",2025-07-08,0,30.6,7,5.2,23543,14.1,NA,"0.6","MDothers",87.08
"POK0087",2025-07-08,0,32.1,6.8,5.8,4050,2.1,NA,"0.4","MDothers",89.78
"MNK0146",2025-07-08,0,30.1,7.1,5.6,12500,7.1,NA,"0.4","MDothers",86.18
"XAK7810",2025-07-08,0.5,29.2,7.2,5.4,16700,9.7,NA,"0.5","MDothers",84.56
"XAK7810",2025-07-08,1,29.1,7.2,5.2,17000,9.9,NA,NA,"MDothers",84.38
"XAK7810",2025-07-08,2.1,29,7.2,6.2,17700,10.4,NA,NA,"MDothers",84.2
"XGG8251",2025-07-07,0,28.3,8.1,6.8,12300,7,NA,"0.5","MDothers",82.94
"CB5.1W",2025-07-01,0.5,27.4,8.1,6.2,18800,11.1,NA,"1.3","MDothers",81.32
"CB5.1W",2025-07-01,1,27.4,8.1,6.1,18800,11.1,NA,NA,"MDothers",81.32
"CB5.1W",2025-07-01,2,27.3,8.1,5.9,18900,11.2,NA,NA,"MDothers",81.14
"CB5.1W",2025-07-01,3,26.8,7.9,5,19400,11.5,NA,NA,"MDothers",80.24
"CB5.1W",2025-07-01,6,25,7.4,2.1,21700,13.1,NA,NA,"MDothers",77
"CB5.1W",2025-07-01,8,23.8,7.2,0.7,26400,16.5,NA,NA,"MDothers",74.84
"LE1.4",2025-07-01,0.5,28.3,8.2,6.6,18500,10.9,NA,"1.3","MDothers",82.94
"LE1.4",2025-07-01,1,28.3,8.2,6.6,18500,10.9,NA,NA,"MDothers",82.94
"LE1.4",2025-07-01,2,28.3,8.1,6.5,18500,10.9,NA,NA,"MDothers",82.94
"LE1.4",2025-07-01,3,28.3,8.1,6.4,18500,10.9,NA,NA,"MDothers",82.94
"LE1.4",2025-07-01,6,28.2,8.1,6.1,18500,10.9,NA,NA,"MDothers",82.76
"LE1.4",2025-07-01,9,25.4,7.4,1.8,21300,12.5,NA,NA,"MDothers",77.72
"LE1.4",2025-07-01,12,23.7,7.2,0.6,24300,14.8,NA,NA,"MDothers",74.66
"LE1.4",2025-07-01,14,22.6,7.2,0.4,26100,15.9,NA,NA,"MDothers",72.68
"LE1.3",2025-07-01,0.5,28.4,7.9,5.7,18900,11.2,NA,"1.3","MDothers",83.12
"LE1.3",2025-07-01,1,28.4,7.9,5.6,18900,11.2,NA,NA,"MDothers",83.12
"LE1.3",2025-07-01,2,28.4,7.9,5.6,18900,11.2,NA,NA,"MDothers",83.12
"LE1.3",2025-07-01,3,28.3,7.9,5.5,18900,11.2,NA,NA,"MDothers",82.94
"LE1.3",2025-07-01,6,28,7.8,5,19200,11.3,NA,NA,"MDothers",82.4
"LE1.3",2025-07-01,9,27.2,7.6,3.4,19800,11.8,NA,NA,"MDothers",80.96
"LE1.3",2025-07-01,12,26.7,7.5,2.8,20300,12.1,NA,NA,"MDothers",80.06
"LE1.3",2025-07-01,15,25.8,7.4,2.1,21300,12.8,NA,NA,"MDothers",78.44
"LE1.3",2025-07-01,18,25.4,7.4,1.8,21700,13,NA,NA,"MDothers",77.72
"LE1.3",2025-07-01,21,25.2,7.4,1.6,22100,13.3,NA,NA,"MDothers",77.36
"LE1.3",2025-07-01,23,25,7.3,1.5,22400,13.4,NA,NA,"MDothers",77
"LE1.2",2025-07-01,0.5,29.5,8.1,7.8,18400,10.8,NA,"1.3","MDothers",85.1
"LE1.2",2025-07-01,1,29.4,8.1,7.7,18400,10.8,NA,NA,"MDothers",84.92
"LE1.2",2025-07-01,2,29.4,8.1,7.5,18400,10.8,NA,NA,"MDothers",84.92
"LE1.2",2025-07-01,3,29.3,8.1,7.2,18400,10.8,NA,NA,"MDothers",84.74
"LE1.2",2025-07-01,6,27.8,7.3,2.4,18900,11.2,NA,NA,"MDothers",82.04
"LE1.2",2025-07-01,9,27.7,7.3,2.2,19000,11.3,NA,NA,"MDothers",81.86
"LE1.2",2025-07-01,12,26.5,7.4,2.2,24000,12.2,NA,NA,"MDothers",79.7
"LE1.2",2025-07-01,15,25.7,7.3,1.8,21500,12.9,NA,NA,"MDothers",78.26
"LE1.2",2025-07-01,16,25.6,7.3,1.8,21600,13,NA,NA,"MDothers",78.08
"LE1.1",2025-07-02,0.5,29.1,7.6,5.8,16500,9.6,NA,"0.7","MDothers",84.38
"LE1.1",2025-07-02,1,29.1,7.6,5.9,16500,9.6,NA,NA,"MDothers",84.38
"LE1.1",2025-07-02,2,29,7.4,4.9,16700,9.7,NA,NA,"MDothers",84.2
"LE1.1",2025-07-02,3,28.7,7.3,4.6,17100,10,NA,NA,"MDothers",83.66
"LE1.1",2025-07-02,6,27.9,7.1,0.9,18700,11.1,NA,NA,"MDothers",82.22
"LE1.1",2025-07-02,9,27.1,7.2,0.8,19900,11.8,NA,NA,"MDothers",80.78
"LE1.1",2025-07-02,11,25.9,7.2,0.9,21600,12.9,NA,NA,"MDothers",78.62
"RET1.1",2025-07-02,0.5,29,7.3,5,13500,7.8,NA,"0.6","MDothers",84.2
"RET1.1",2025-07-02,1,29.1,7.3,4.9,13500,7.8,NA,NA,"MDothers",84.38
"RET1.1",2025-07-02,2,29.1,7.3,4.6,13600,7.8,NA,NA,"MDothers",84.38
"RET1.1",2025-07-02,3,29.1,7.3,4.4,14100,8.1,NA,NA,"MDothers",84.38
"RET1.1",2025-07-02,6,28.2,7.1,0.7,17700,10.4,NA,NA,"MDothers",82.76
"RET1.1",2025-07-02,9,28,7.1,0.6,17900,10.5,NA,NA,"MDothers",82.4
"RET1.1",2025-07-02,11,28,7.1,0.6,17900,10.5,NA,NA,"MDothers",82.4
"TF1.7",2025-07-02,0.5,29.1,7.3,5.7,4890,2.6,NA,"0.3","MDothers",84.38
"TF1.7",2025-07-02,1,29.5,7.3,4.9,6300,3.4,NA,NA,"MDothers",85.1
"TF1.7",2025-07-02,2,29.7,7.2,4.5,7720,4.2,NA,NA,"MDothers",85.46
"TF1.6",2025-07-02,0.5,29.7,7,4.3,671,0.3,NA,"0.3","MDothers",85.46
"TF1.6",2025-07-02,1,29.7,7,4.3,673,0.3,NA,NA,"MDothers",85.46
"TF1.6",2025-07-02,2,29.7,7,4.3,663,0.3,NA,NA,"MDothers",85.46
"TF1.6",2025-07-02,3,29.7,7,4.3,678,0.3,NA,NA,"MDothers",85.46
"TF1.5",2025-07-02,0.5,29.5,6.9,5.2,273,0.1,NA,"0.3","MDothers",85.1
"TF1.5",2025-07-02,1,29.4,6.9,4.8,273,0.1,NA,NA,"MDothers",84.92
"TF1.5",2025-07-02,2,29.4,6.9,4.8,273,0.1,NA,NA,"MDothers",84.92
"TF1.5",2025-07-02,3,29.4,6.9,4.7,273,0.1,NA,NA,"MDothers",84.92
"TF1.5",2025-07-02,6,29.3,7,4.8,274,0.1,NA,NA,"MDothers",84.74
"TF1.5",2025-07-02,9,29.3,7,4.8,274,0.1,NA,NA,"MDothers",84.74
"TF1.4",2025-07-01,0,29.1,6.9,5,258,0.1,NA,"0.3","MDothers",84.38
"TF1.3",2025-07-01,0,29.2,6.9,5.2,308,0.1,NA,"0.3","MDothers",84.56
"TF1.2",2025-07-01,0,25.7,7.2,6.8,281,0.1,NA,NA,"MDothers",78.26
"TF1.0",2025-07-01,0,26.9,7.4,6.9,417,0.2,NA,NA,"MDothers",80.42
"WXT0001",2025-07-01,0,28.4,6.9,4.7,274,0.1,NA,"0.3","MDothers",83.12
"RET2.4",2025-07-07,0.5,28.2,8,7.1,9810,5.5,NA,"0.7","MDothers",82.76
"RET2.4",2025-07-07,1,28.2,8,6.8,9900,5.6,NA,NA,"MDothers",82.76
"RET2.4",2025-07-07,2,28.2,8,6.6,10200,5.7,NA,NA,"MDothers",82.76
"RET2.4",2025-07-07,3,28.1,7.9,6.2,10700,6,NA,NA,"MDothers",82.58
"RET2.4",2025-07-07,4,27.8,7.7,5.3,11500,6.5,NA,NA,"MDothers",82.04
"RET2.4",2025-07-07,5,27.8,7.7,5.1,11700,6.7,NA,NA,"MDothers",82.04
"RET2.4",2025-07-07,6,27.4,7.3,4.2,11900,6.7,NA,NA,"MDothers",81.32
"RET2.4",2025-07-07,7,26.9,7.2,2.4,13400,7.6,NA,NA,"MDothers",80.42
"RET2.4",2025-07-07,8,26.5,7.1,1.5,14200,8.2,NA,NA,"MDothers",79.7
"RET2.4",2025-07-07,9,26.3,7.1,1.1,14800,8.4,NA,NA,"MDothers",79.34
"RET2.4",2025-07-07,10,26.3,7.1,0.9,15300,9.8,NA,NA,"MDothers",79.34
"RET2.4",2025-07-07,11,26,7.1,0.5,15700,9.1,NA,NA,"MDothers",78.8
"RET2.4",2025-07-07,12,26,7.1,0.6,15700,9.2,NA,NA,"MDothers",78.8
"RET2.4",2025-07-07,13,25.7,7.1,0.3,16600,9.7,NA,NA,"MDothers",78.26
"RET2.4",2025-07-07,14,25.8,7.1,0.3,16600,9.7,NA,NA,"MDothers",78.44
"RET2.4",2025-07-07,15,25.7,7.1,0.3,16700,9.8,NA,NA,"MDothers",78.26
"RET2.4",2025-07-07,16,25.7,7.1,0.3,16800,9.9,NA,NA,"MDothers",78.26
"RET2.2",2025-07-07,0.5,28.6,7.4,5.4,4040,2.1,NA,"0.5","MDothers",83.48
"RET2.2",2025-07-07,2.3,28.5,7.4,5.2,4600,2.4,NA,NA,"MDothers",83.3
"RET2.2",2025-07-07,4.6,28.5,7.4,5.1,4730,2.5,NA,NA,"MDothers",83.3
"RET2.2",2025-07-07,6.9,28.4,7.3,4.6,5280,2.8,NA,NA,"MDothers",83.12
"RET2.2",2025-07-07,8.7,28.3,7.3,4.3,5580,3,NA,NA,"MDothers",82.94
"RET2.1",2025-07-07,0.5,29.5,7.7,7.3,264,0.1,NA,"0.7","MDothers",85.1
"RET2.1",2025-07-07,4.6,29.4,7.7,7.1,284,0.1,NA,NA,"MDothers",84.92
"RET2.1",2025-07-07,5.8,29.4,7.7,7,298,0.1,NA,NA,"MDothers",84.92
"TF2.4",2025-07-07,0.5,29.7,7.7,7.4,240,0.1,NA,"0.5","MDothers",85.46
"TF2.4",2025-07-07,4.8,29.6,7.6,7.2,240,0.1,NA,NA,"MDothers",85.28
"TF2.4",2025-07-07,7.8,29.6,7.6,7.1,241,0.1,NA,NA,"MDothers",85.28
"MAT0016",2025-07-07,0.5,30.3,7.8,7.1,225,0.1,NA,"0.5","MDothers",86.54
"MAT0016",2025-07-07,1,30.2,7.8,7,225,0.1,NA,NA,"MDothers",86.36
"MAT0016",2025-07-07,2,30.1,7.8,6.9,225,0.1,NA,NA,"MDothers",86.18
"MAT0016",2025-07-07,3,30.1,7.9,7.1,228,0.1,NA,NA,"MDothers",86.18
"MAT0016",2025-07-07,4,30,7.9,7.2,229,0.1,NA,NA,"MDothers",86
"TF2.3",2025-07-07,0.5,29.9,7.6,6.4,295,0.1,NA,"0.7","MDothers",85.82
"TF2.3",2025-07-07,2.3,29.7,7.6,6.3,295,0.1,NA,NA,"MDothers",85.46
"TF2.3",2025-07-07,4.6,29.7,7.6,6.2,295,0.1,NA,NA,"MDothers",85.46
"TF2.3",2025-07-07,6.9,29.7,7.6,6.2,295,0.1,NA,NA,"MDothers",85.46
"TF2.3",2025-07-07,9.1,29.7,7.6,6.2,295,0.1,NA,NA,"MDothers",85.46
"TF2.3",2025-07-07,12,29.7,7.6,6.1,295,0.1,NA,NA,"MDothers",85.46
"TF2.2",2025-07-07,0.5,29.6,7.8,7.1,313,0.2,NA,"0.6","MDothers",85.28
"TF2.2",2025-07-07,4.6,29.1,7.7,6.4,319,0.2,NA,NA,"MDothers",84.38
"TF2.2",2025-07-07,6.7,29.1,7.7,6.3,319,0.2,NA,NA,"MDothers",84.38
"TF2.1",2025-07-07,0.5,29.2,7.8,7.2,321,0.2,NA,"0.5","MDothers",84.56
"TF2.1",2025-07-07,4.6,29.1,7.8,7.1,322,0.2,NA,NA,"MDothers",84.38
"TF2.1",2025-07-07,9.1,29,7.8,7.1,324,0.2,NA,NA,"MDothers",84.2
"TF2.1",2025-07-07,13.7,29,7.8,7.1,327,0.2,NA,NA,"MDothers",84.2
"TF2.1",2025-07-07,16.7,29,7.8,7.1,327,0.2,NA,NA,"MDothers",84.2
"XFB1986",2025-07-07,0.5,30.2,7.8,7.7,273,0.1,NA,"0.4","MDothers",86.36
"PIS0033",2025-07-07,0,25,7.1,6.7,288,0.2,NA,NA,"MDothers",77
"MAT0078",2025-07-07,0,25.2,6.8,5.7,168,0.1,NA,NA,"MDothers",77.36
"",NA,NA,NA,NA,NA,NA,NA,NA,NA,"MDothers",NA
"CB5.4",2025-07-22,1,29.161,8.2,7.61,21782,13.02,"BAY893","","VAmain",84.4898
"CB5.4",2025-07-22,2,28.997,8.23,7.62,21747,13,"BAY893","","VAmain",84.1946
"CB5.4",2025-07-22,3,28.764,8.22,7.45,21816,13.05,"BAY893","","VAmain",83.7752
"CB5.4",2025-07-22,4,28.568,8.18,7.06,21967,13.15,"BAY893","","VAmain",83.4224
"CB5.4",2025-07-22,5,28.655,8.11,6.46,22552,13.53,"BAY893","","VAmain",83.579
"CB5.4",2025-07-22,6,28.895,8.11,6.25,23629,14.23,"BAY893","","VAmain",84.011
"CB5.4",2025-07-22,7,28.903,8.11,6.14,23694,14.28,"BAY893","","VAmain",84.0254
"CB5.4",2025-07-22,8,28.941,8.03,5.36,25112,15.21,"BAY893","","VAmain",84.0938
"CB5.4",2025-07-22,9,28.735,7.95,4.56,26567,16.19,"BAY893","","VAmain",83.723
"CB5.4",2025-07-22,10,28.64,7.89,4.02,27481,16.8,"BAY893","","VAmain",83.552
"CB5.4",2025-07-22,11,28.553,7.84,3.74,27853,17.05,"BAY893","","VAmain",83.3954
"CB5.4",2025-07-22,12,28.368,7.75,3.19,28241,17.32,"BAY893","","VAmain",83.0624
"CB5.4",2025-07-22,13,27.935,7.57,2.07,30012,18.52,"BAY893","","VAmain",82.283
"CB5.4",2025-07-22,14,27.97,7.62,2.12,30373,18.77,"BAY893","","VAmain",82.346
"CB5.4",2025-07-22,15,27.806,7.53,1.67,30696,18.99,"BAY893","","VAmain",82.0508
"CB5.4",2025-07-22,16,27.631,7.44,1.22,31026,19.22,"BAY893","","VAmain",81.7358
"CB5.4",2025-07-22,17,27.563,7.42,1.07,31254,19.38,"BAY893","","VAmain",81.6134
"CB5.4",2025-07-22,18,27.525,7.4,0.94,31314,19.42,"BAY893","","VAmain",81.545
"CB5.4",2025-07-22,19,27.4,7.43,1.01,32227,20.05,"BAY893","","VAmain",81.32
"CB5.4",2025-07-22,20,27.428,7.48,1.23,32347,20.13,"BAY893","","VAmain",81.3704
"CB5.4",2025-07-22,21,27.417,7.47,1.16,32400,20.16,"BAY893","","VAmain",81.3506
"CB5.4",2025-07-22,22,27.405,7.46,1.08,32401,20.17,"BAY893","","VAmain",81.329
"CB5.4",2025-07-22,23,27.396,7.45,1.06,32428,20.18,"BAY893","","VAmain",81.3128
"CB5.4",2025-07-22,24,27.389,7.46,1.08,32549,20.27,"BAY893","","VAmain",81.3002
"CB5.4",2025-07-22,25,27.379,7.45,1.01,32635,20.33,"BAY893","","VAmain",81.2822
"CB5.4",2025-07-22,26,27.369,7.45,1.01,32708,20.38,"BAY893","","VAmain",81.2642
"CB5.4",2025-07-22,27,27.34,7.44,0.93,32784,20.43,"BAY893","","VAmain",81.212
"CB5.4",2025-07-22,28,27.333,7.43,0.92,32799,20.44,"BAY893","","VAmain",81.1994
"CB5.4",2025-07-22,29,27.328,7.43,0.92,32808,20.45,"BAY893","","VAmain",81.1904
"CB5.4",2025-07-22,30,27.328,7.43,0.93,32810,20.45,"BAY893","","VAmain",81.1904
"CB5.4",2025-07-22,31,27.328,7.43,0.98,32810,20.45,"BAY893","","VAmain",81.1904
"CB5.4W",2025-07-22,1,29.187,8.25,7.93,21781,13.02,"BAY893","","VAmain",84.5366
"CB5.4W",2025-07-22,2,29.015,8.3,8.32,21841,13.06,"BAY893","","VAmain",84.227
"CB5.4W",2025-07-22,3,29.113,8.28,7.96,22451,13.45,"BAY893","","VAmain",84.4034
"CB5.4W",2025-07-22,4,29.231,8.22,7.44,22604,13.55,"BAY893","","VAmain",84.6158
"CB5.5",2025-07-22,1,29.012,8.22,7.52,23756,14.32,"BAY893","","VAmain",84.2216
"CB5.5",2025-07-22,2,28.96,8.25,7.57,24069,14.52,"BAY893","","VAmain",84.128
"CB5.5",2025-07-22,3,28.957,8.27,7.56,24569,14.85,"BAY893","","VAmain",84.1226
"CB5.5",2025-07-22,4,28.977,8.27,7.57,24888,15.06,"BAY893","","VAmain",84.1586
"CB5.5",2025-07-22,5,29.028,8.26,7.42,25150,15.24,"BAY893","","VAmain",84.2504
"CB5.5",2025-07-22,6,29.063,8.25,7.32,25260,15.31,"BAY893","","VAmain",84.3134
"CB5.5",2025-07-22,7,29.056,8.24,7.26,25272,15.32,"BAY893","","VAmain",84.3008
"CB5.5",2025-07-22,8,29.056,8.23,7.09,25310,15.34,"BAY893","","VAmain",84.3008
"CB5.5",2025-07-22,9,28.835,7.92,4.76,25581,15.53,"BAY893","","VAmain",83.903
"CB5.5",2025-07-22,10,28.359,7.38,1.6,26213,15.96,"BAY893","","VAmain",83.0462
"CB5.5",2025-07-22,11,28.408,7.49,2.05,26796,16.35,"BAY893","","VAmain",83.1344
"CB5.5",2025-07-22,12,27.966,7.29,0.62,28065,17.21,"BAY893","","VAmain",82.3388
"CB5.5",2025-07-22,13,27.76,7.43,1.32,30290,18.72,"BAY893","","VAmain",81.968
"CB5.5",2025-07-22,14,27.333,7.44,1.24,32241,20.06,"BAY893","","VAmain",81.1994
"CB5.5",2025-07-22,15,27.313,7.44,1.28,32344,20.13,"BAY893","","VAmain",81.1634
"CB6.1",2025-07-22,1,29.279,8.25,7.77,26250,15.97,"BAY893","","VAmain",84.7022
"CB6.1",2025-07-22,2,29.311,8.26,7.77,26215,15.94,"BAY893","","VAmain",84.7598
"CB6.1",2025-07-22,3,28.973,8.27,7.58,26594,16.2,"BAY893","","VAmain",84.1514
"CB6.1",2025-07-22,4,29.215,8.28,7.21,27298,16.67,"BAY893","","VAmain",84.587
"CB6.1",2025-07-22,5,29.38,8.27,7,27651,16.9,"BAY893","","VAmain",84.884
"CB6.1",2025-07-22,6,29.016,8.13,5.78,27935,17.1,"BAY893","","VAmain",84.2288
"CB6.1",2025-07-22,7,28.671,7.97,4.63,28284,17.34,"BAY893","","VAmain",83.6078
"CB6.1",2025-07-22,8,27.765,7.53,2,30554,18.9,"BAY893","","VAmain",81.977
"CB6.1",2025-07-22,9,27.115,7.55,2.07,32886,20.51,"BAY893","","VAmain",80.807
"CB6.1",2025-07-22,10,27.006,7.57,2.2,33298,20.79,"BAY893","","VAmain",80.6108
"CB6.1",2025-07-22,11,26.994,7.57,2.23,33341,20.82,"BAY893","","VAmain",80.5892
"CB6.2",2025-07-22,1,28.79,8.26,7.18,26609,16.21,"BAY893","","VAmain",83.822
"CB6.2",2025-07-22,2,28.79,8.25,7.13,26769,16.32,"BAY893","","VAmain",83.822
"CB6.2",2025-07-22,3,28.77,8.25,7.04,26838,16.37,"BAY893","","VAmain",83.786
"CB6.2",2025-07-22,4,28.732,8.22,6.83,26858,16.38,"BAY893","","VAmain",83.7176
"CB6.2",2025-07-22,5,28.695,8.21,6.66,26887,16.4,"BAY893","","VAmain",83.651
"CB6.2",2025-07-22,6,28.313,7.89,4.51,28200,17.29,"BAY893","","VAmain",82.9634
"CB6.2",2025-07-22,7,27.42,7.69,3.27,31596,19.62,"BAY893","","VAmain",81.356
"CB6.2",2025-07-22,8,26.806,7.74,3.69,34190,21.41,"BAY893","","VAmain",80.2508
"CB6.2",2025-07-22,9,25.935,7.77,3.99,36937,23.34,"BAY893","","VAmain",78.683
"CB6.3",2025-07-22,1,29.793,8.27,7.91,26954,16.43,"BAY893","","VAmain",85.6274
"CB6.3",2025-07-22,2,29.63,8.28,7.94,26856,16.36,"BAY893","","VAmain",85.334
"CB6.3",2025-07-22,3,29.55,8.29,7.95,26923,16.41,"BAY893","","VAmain",85.19
"CB6.3",2025-07-22,4,28.883,8.27,7.67,26971,16.45,"BAY893","","VAmain",83.9894
"CB6.3",2025-07-22,5,28.624,8.17,6.72,27049,16.51,"BAY893","","VAmain",83.5232
"CB6.3",2025-07-22,6,28.245,7.9,4.82,28395,17.42,"BAY893","","VAmain",82.841
"CB6.3",2025-07-22,7,27.57,7.84,4.5,30964,19.18,"BAY893","","VAmain",81.626
"CB6.3",2025-07-22,8,26.506,7.74,3.9,34891,21.91,"BAY893","","VAmain",79.7108
"CB6.3",2025-07-22,9,26.316,7.73,3.8,35601,22.4,"BAY893","","VAmain",79.3688
"CB6.3",2025-07-22,10,26.207,7.72,3.77,35979,22.67,"BAY893","","VAmain",79.1726
"CB6.3",2025-07-22,11,26.115,7.71,3.81,36292,22.89,"BAY893","","VAmain",79.007
"CB6.4",2025-07-22,1,28.209,8.12,6.89,30250,18.68,"BAY893","","VAmain",82.7762
"CB6.4",2025-07-22,2,28.166,8.13,6.79,30239,18.68,"BAY893","","VAmain",82.6988
"CB6.4",2025-07-22,3,28.169,8.13,6.78,30248,18.68,"BAY893","","VAmain",82.7042
"CB6.4",2025-07-22,4,28.151,8.12,6.61,30309,18.72,"BAY893","","VAmain",82.6718
"CB6.4",2025-07-22,5,28.036,7.99,5.85,31140,19.29,"BAY893","","VAmain",82.4648
"CB6.4",2025-07-22,6,27.282,7.81,4.43,33504,20.93,"BAY893","","VAmain",81.1076
"CB6.4",2025-07-22,7,25.125,7.71,3.81,38196,24.24,"BAY893","","VAmain",77.225
"CB6.4",2025-07-22,8,24.254,7.7,3.92,39591,25.25,"BAY893","","VAmain",75.6572
"CB6.4",2025-07-22,9,23.774,7.69,4.01,40488,25.89,"BAY893","","VAmain",74.7932
"LE3.6",2025-07-22,1,28.932,8.22,7.67,23774,14.33,"BAY893","","VAmain",84.0776
"LE3.6",2025-07-22,2,28.909,8.19,7.44,23918,14.42,"BAY893","","VAmain",84.0362
"LE3.6",2025-07-22,3,28.831,8.17,7.22,24023,14.49,"BAY893","","VAmain",83.8958
"LE3.6",2025-07-22,4,28.739,8.13,6.92,24101,14.55,"BAY893","","VAmain",83.7302
"LE3.6",2025-07-22,5,28.735,8.11,6.72,24135,14.57,"BAY893","","VAmain",83.723
"LE3.6",2025-07-22,6,28.765,8.09,6.52,24198,14.61,"BAY893","","VAmain",83.777
"LE3.6",2025-07-22,7,28.803,8.06,6.29,24295,14.67,"BAY893","","VAmain",83.8454
"LE3.6",2025-07-22,8,28.857,7.88,5.2,24867,15.05,"BAY893","","VAmain",83.9426
"LE3.7",2025-07-22,1,29.016,8.16,7.32,24914,15.08,"BAY893","","VAmain",84.2288
"LE3.7",2025-07-22,2,28.85,8.14,7.1,24929,15.09,"BAY893","","VAmain",83.93
"LE3.7",2025-07-22,3,28.829,8.1,6.78,25020,15.15,"BAY893","","VAmain",83.8922
"LE3.7",2025-07-22,4,28.821,8.1,6.74,25117,15.22,"BAY893","","VAmain",83.8778
"LE3.7",2025-07-22,5,28.818,8.09,6.61,25181,15.26,"BAY893","","VAmain",83.8724
"LE3.7",2025-07-22,6,28.838,8.03,6.25,25309,15.35,"BAY893","","VAmain",83.9084
"CB7.1",2025-07-23,1,28.683,8.2,7.23,26330,16.03,"BAY893","","VAmain",83.6294
"CB7.1",2025-07-23,2,28.691,8.2,7.3,26337,16.03,"BAY893","","VAmain",83.6438
"CB7.1",2025-07-23,3,28.639,8.21,7.27,26338,16.04,"BAY893","","VAmain",83.5502
"CB7.1",2025-07-23,4,28.582,8.2,7.19,26352,16.05,"BAY893","","VAmain",83.4476
"CB7.1",2025-07-23,5,28.547,8.2,7.07,26399,16.08,"BAY893","","VAmain",83.3846
"CB7.1",2025-07-23,6,28.544,8.17,6.65,26586,16.2,"BAY893","","VAmain",83.3792
"CB7.1",2025-07-23,7,28.419,7.97,4.93,28465,17.47,"BAY893","","VAmain",83.1542
"CB7.1",2025-07-23,8,27.805,7.85,3.91,31364,19.45,"BAY893","","VAmain",82.049
"CB7.1",2025-07-23,9,27.445,7.81,3.59,33003,20.58,"BAY893","","VAmain",81.401
"CB7.1",2025-07-23,10,27.285,7.79,3.49,33484,20.92,"BAY893","","VAmain",81.113
"CB7.1",2025-07-23,11,27.026,7.76,3.28,34220,21.43,"BAY893","","VAmain",80.6468
"CB7.1",2025-07-23,12,26.948,7.75,3.23,34434,21.58,"BAY893","","VAmain",80.5064
"CB7.1",2025-07-23,13,26.911,7.74,3.2,34535,21.65,"BAY893","","VAmain",80.4398
"CB7.1",2025-07-23,14,26.894,7.74,3.19,34581,21.68,"BAY893","","VAmain",80.4092
"CB7.1",2025-07-23,15,26.892,7.73,3.19,34590,21.69,"BAY893","","VAmain",80.4056
"CB7.1",2025-07-23,16,26.871,7.73,3.18,34646,21.73,"BAY893","","VAmain",80.3678
"CB7.1",2025-07-23,17,26.862,7.73,3.18,34668,21.74,"BAY893","","VAmain",80.3516
"CB7.1N",2025-07-23,1,28.742,8.17,7.35,24785,15,"BAY893","","VAmain",83.7356
"CB7.1N",2025-07-23,2,28.842,8.15,7.26,25137,15.23,"BAY893","","VAmain",83.9156
"CB7.1N",2025-07-23,3,28.809,8.12,7.07,25329,15.36,"BAY893","","VAmain",83.8562
"CB7.1N",2025-07-23,4,28.687,8.07,6.59,25664,15.59,"BAY893","","VAmain",83.6366
"CB7.1N",2025-07-23,5,28.694,8.07,6.59,25686,15.6,"BAY893","","VAmain",83.6492
"CB7.1N",2025-07-23,6,28.673,8.07,6.53,25949,15.78,"BAY893","","VAmain",83.6114
"CB7.1N",2025-07-23,7,28.691,8.08,6.6,26059,15.85,"BAY893","","VAmain",83.6438
"CB7.1N",2025-07-23,8,28.676,8.05,6.29,26264,15.98,"BAY893","","VAmain",83.6168
"CB7.1N",2025-07-23,9,28.637,8.03,6.07,26333,16.03,"BAY893","","VAmain",83.5466
"CB7.1N",2025-07-23,10,28.548,7.97,5.21,26910,16.42,"BAY893","","VAmain",83.3864
"CB7.1N",2025-07-23,11,28.428,7.86,4.38,27603,16.89,"BAY893","","VAmain",83.1704
"CB7.1N",2025-07-23,12,28.352,7.82,3.97,28040,17.18,"BAY893","","VAmain",83.0336
"CB7.1N",2025-07-23,13,28.347,7.82,3.93,28085,17.21,"BAY893","","VAmain",83.0246
"CB7.1N",2025-07-23,14,28.334,7.81,3.89,28172,17.27,"BAY893","","VAmain",83.0012
"CB7.1N",2025-07-23,15,28.339,7.81,3.87,28153,17.26,"BAY893","","VAmain",83.0102
"CB7.1N",2025-07-23,16,28.332,7.8,3.83,28219,17.3,"BAY893","","VAmain",82.9976
"CB7.1N",2025-07-23,17,28.332,7.81,3.85,28195,17.29,"BAY893","","VAmain",82.9976
"CB7.1N",2025-07-23,18,28.315,7.8,3.82,28312,17.36,"BAY893","","VAmain",82.967
"CB7.1N",2025-07-23,19,28.34,7.81,3.81,28139,17.25,"BAY893","","VAmain",83.012
"CB7.1N",2025-07-23,20,28.248,7.76,3.39,28788,17.69,"BAY893","","VAmain",82.8464
"CB7.1N",2025-07-23,21,28.253,7.77,3.42,28736,17.65,"BAY893","","VAmain",82.8554
"CB7.1N",2025-07-23,22,28.129,7.69,2.77,29600,18.24,"BAY893","","VAmain",82.6322
"CB7.1N",2025-07-23,23,28.092,7.67,2.58,29852,18.41,"BAY893","","VAmain",82.5656
"CB7.1N",2025-07-23,24,28.085,7.66,2.59,29902,18.44,"BAY893","","VAmain",82.553
"CB7.1S",2025-07-23,1,29.17,8.29,7.72,27860,17.05,"BAY893","","VAmain",84.506
"CB7.1S",2025-07-23,2,29.149,8.32,7.78,27747,16.97,"BAY893","","VAmain",84.4682
"CB7.1S",2025-07-23,3,29.098,8.32,7.74,27821,17.02,"BAY893","","VAmain",84.3764
"CB7.1S",2025-07-23,4,28.954,8.31,7.7,27894,17.07,"BAY893","","VAmain",84.1172
"CB7.1S",2025-07-23,5,28.778,8.29,7.53,28490,17.48,"BAY893","","VAmain",83.8004
"CB7.1S",2025-07-23,6,28.604,8.27,7.3,29146,17.92,"BAY893","","VAmain",83.4872
"CB7.1S",2025-07-23,7,27.419,7.85,4.2,32672,20.35,"BAY893","","VAmain",81.3542
"CB7.1S",2025-07-23,8,26.138,7.78,4.15,36936,23.34,"BAY893","","VAmain",79.0484
"CB7.1S",2025-07-23,9,25.901,7.78,4.2,37489,23.73,"BAY893","","VAmain",78.6218
"CB7.1S",2025-07-23,10,25.882,7.78,4.24,37517,23.75,"BAY893","","VAmain",78.5876
"CB7.1S",2025-07-23,11,25.877,7.78,4.27,37519,23.75,"BAY893","","VAmain",78.5786
"CB7.1S",2025-07-23,12,25.852,7.78,4.3,37564,23.78,"BAY893","","VAmain",78.5336
"CB7.1S",2025-07-23,13,25.839,7.78,4.32,37588,23.8,"BAY893","","VAmain",78.5102
"CB7.1S",2025-07-23,14,25.832,7.78,4.34,37608,23.81,"BAY893","","VAmain",78.4976
"CB7.1S",2025-07-23,15,25.817,7.77,4.36,37663,23.85,"BAY893","","VAmain",78.4706
"CB7.2",2025-07-23,1,28.131,8.24,7.11,30425,18.8,"BAY893","","VAmain",82.6358
"CB7.2",2025-07-23,2,28.149,8.23,7.08,30584,18.91,"BAY893","","VAmain",82.6682
"CB7.2",2025-07-23,3,28.069,8.21,7,30840,19.09,"BAY893","","VAmain",82.5242
"CB7.2",2025-07-23,4,27.932,8.19,6.9,31319,19.42,"BAY893","","VAmain",82.2776
"CB7.2",2025-07-23,5,27.818,8.17,6.77,31769,19.73,"BAY893","","VAmain",82.0724
"CB7.2",2025-07-23,6,27.664,8.13,6.6,32695,20.37,"BAY893","","VAmain",81.7952
"CB7.2",2025-07-23,7,25.973,7.87,5,37126,23.48,"BAY893","","VAmain",78.7514
"CB7.2",2025-07-23,8,25.481,7.85,4.91,38005,24.1,"BAY893","","VAmain",77.8658
"CB7.2",2025-07-23,9,24.904,7.87,5.23,39125,24.9,"BAY893","","VAmain",76.8272
"CB7.2",2025-07-23,10,24.41,7.88,5.48,40427,25.83,"BAY893","","VAmain",75.938
"CB7.2",2025-07-23,11,24.341,7.88,5.45,40569,25.94,"BAY893","","VAmain",75.8138
"CB7.2",2025-07-23,12,24.306,7.87,5.42,40644,25.99,"BAY893","","VAmain",75.7508
"CB7.2",2025-07-23,13,24.271,7.87,5.4,40724,26.05,"BAY893","","VAmain",75.6878
"CB7.2",2025-07-23,14,24.242,7.87,5.38,40788,26.09,"BAY893","","VAmain",75.6356
"CB7.2",2025-07-23,15,24.204,7.86,5.33,40881,26.16,"BAY893","","VAmain",75.5672
"CB7.2",2025-07-23,16,24.066,7.85,5.3,41186,26.38,"BAY893","","VAmain",75.3188
"CB7.2",2025-07-23,17,23.916,7.85,5.3,41530,26.63,"BAY893","","VAmain",75.0488
"CB7.2",2025-07-23,18,23.842,7.85,5.31,41725,26.77,"BAY893","","VAmain",74.9156
"CB7.2",2025-07-23,19,23.842,7.85,5.31,41728,26.77,"BAY893","","VAmain",74.9156
"CB7.2",2025-07-23,20,23.845,7.85,5.32,41726,26.77,"BAY893","","VAmain",74.921
"CB7.2",2025-07-23,21,23.851,7.85,5.34,41717,26.76,"BAY893","","VAmain",74.9318
"CB7.2E",2025-07-23,1,27.298,8.03,6.86,35555,22.35,"BAY893","","VAmain",81.1364
"CB7.2E",2025-07-23,2,27.381,8.07,7.07,35346,22.2,"BAY893","","VAmain",81.2858
"CB7.2E",2025-07-23,3,27.264,8.06,7.05,35699,22.45,"BAY893","","VAmain",81.0752
"CB7.2E",2025-07-23,4,26.806,8.03,6.79,36462,22.99,"BAY893","","VAmain",80.2508
"CB7.2E",2025-07-23,5,26.639,8.01,6.61,36648,23.13,"BAY893","","VAmain",79.9502
"CB7.2E",2025-07-23,6,26.022,7.96,6.15,37769,23.93,"BAY893","","VAmain",78.8396
"CB7.2E",2025-07-23,7,25.819,7.94,5.98,38198,24.23,"BAY893","","VAmain",78.4742
"CB7.2E",2025-07-23,8,25.685,7.91,5.79,38494,24.44,"BAY893","","VAmain",78.233
"CB7.2E",2025-07-23,9,25.604,7.9,5.71,38659,24.56,"BAY893","","VAmain",78.0872
"CB7.2E",2025-07-23,10,25.573,7.9,5.68,38728,24.61,"BAY893","","VAmain",78.0314
"CB7.2E",2025-07-23,11,25.557,7.89,5.67,38766,24.64,"BAY893","","VAmain",78.0026
"CB7.2E",2025-07-23,12,25.563,7.89,5.68,38764,24.63,"BAY893","","VAmain",78.0134
"CB7.3",2025-07-23,1,26.625,8.07,6.8,35316,22.2,"BAY893","","VAmain",79.925
"CB7.3",2025-07-23,2,26.562,8.07,6.76,35437,22.29,"BAY893","","VAmain",79.8116
"CB7.3",2025-07-23,3,26.24,8.04,6.7,36145,22.79,"BAY893","","VAmain",79.232
"CB7.3",2025-07-23,4,24.79,7.98,6.59,40009,25.53,"BAY893","","VAmain",76.622
"CB7.3",2025-07-23,5,24.664,7.99,6.73,40547,25.92,"BAY893","","VAmain",76.3952
"CB7.3",2025-07-23,6,24.472,7.99,6.86,41433,26.55,"BAY893","","VAmain",76.0496
"CB7.3",2025-07-23,7,23.708,7.98,6.84,42791,27.53,"BAY893","","VAmain",74.6744
"CB7.3",2025-07-23,8,23.248,7.97,6.77,43004,27.69,"BAY893","","VAmain",73.8464
"CB7.3",2025-07-23,9,23.026,7.97,6.95,43557,28.09,"BAY893","","VAmain",73.4468
"CB7.3",2025-07-23,10,22.312,7.96,6.9,44215,28.58,"BAY893","","VAmain",72.1616
"CB7.3",2025-07-23,11,22.373,7.95,6.92,44115,28.5,"BAY893","","VAmain",72.2714
"CB7.3",2025-07-23,12,21.951,7.94,6.91,44816,29.01,"BAY893","","VAmain",71.5118
"CB7.3",2025-07-23,13,21.86,7.94,6.9,44983,29.14,"BAY893","","VAmain",71.348
"CB7.3E",2025-07-23,1,25.641,7.97,6.69,39537,25.18,"BAY893","","VAmain",78.1538
"CB7.3E",2025-07-23,3,25.447,7.98,6.62,39613,25.24,"BAY893","","VAmain",77.8046
"CB7.3E",2025-07-23,4,25.388,7.98,6.6,39647,25.26,"BAY893","","VAmain",77.6984
"CB7.3E",2025-07-23,5,25.354,7.98,6.57,39669,25.28,"BAY893","","VAmain",77.6372
"CB7.3E",2025-07-23,6,25.32,7.98,6.56,39698,25.3,"BAY893","","VAmain",77.576
"CB7.3E",2025-07-23,7,25.22,7.98,6.51,39783,25.36,"BAY893","","VAmain",77.396
"CB7.3E",2025-07-23,8,24.476,7.93,6.22,40826,26.12,"BAY893","","VAmain",76.0568
"CB7.3E",2025-07-23,9,24.477,7.93,6.24,41072,26.29,"BAY893","","VAmain",76.0586
"CB7.3E",2025-07-23,10,24.481,7.94,6.29,41359,26.5,"BAY893","","VAmain",76.0658
"CB7.3E",2025-07-23,11,24.507,7.93,6.27,41816,26.82,"BAY893","","VAmain",76.1126
"CB7.3E",2025-07-23,12,24.48,7.93,6.26,41867,26.86,"BAY893","","VAmain",76.064
"CB7.3E",2025-07-23,13,24.353,7.92,6.24,42240,27.13,"BAY893","","VAmain",75.8354
"CB7.3E",2025-07-23,14,24.325,7.92,6.25,42583,27.37,"BAY893","","VAmain",75.785
"CB7.3E",2025-07-23,15,24.359,7.92,6.29,42846,27.56,"BAY893","","VAmain",75.8462
"CB7.3E",2025-07-23,16,24.402,7.92,6.32,43007,27.67,"BAY893","","VAmain",75.9236
"CB7.3E",2025-07-23,17,24.379,7.92,6.35,43552,28.06,"BAY893","","VAmain",75.8822
"CB7.3E",2025-07-23,18,24.304,7.91,6.36,44116,28.47,"BAY893","","VAmain",75.7472
"CB7.3E",2025-07-23,19,24.231,7.9,6.38,44769,28.94,"BAY893","","VAmain",75.6158
"CB7.3N",2025-07-23,1,26.108,8.04,6.7,38037,24.11,"BAY893","","VAmain",78.9944
"CB7.3N",2025-07-23,27,24.066,7.94,6.48,43557,28.07,"BAY893","","VAmain",75.3188
"CB7.3N",2025-07-23,28,24.054,7.94,6.53,43931,28.34,"BAY893","","VAmain",75.2972
"CB7.3N",2025-07-23,29,24.054,7.94,6.57,44166,28.51,"BAY893","","VAmain",75.2972
"CB7.3N",2025-07-23,30,24.051,7.94,6.61,44480,28.73,"BAY893","","VAmain",75.2918
"CB7.3N",2025-07-23,31,24.073,7.94,6.66,44733,28.92,"BAY893","","VAmain",75.3314
"CB7.3N",2025-07-23,32,24.098,7.94,6.67,44960,29.08,"BAY893","","VAmain",75.3764
"CB7.3N",2025-07-23,33,24.123,7.94,6.69,45058,29.15,"BAY893","","VAmain",75.4214
"CB7.3N",2025-07-23,34,24.142,7.94,6.7,45221,29.27,"BAY893","","VAmain",75.4556
"CB7.3N",2025-07-23,35,24.147,7.94,6.7,45221,29.26,"BAY893","","VAmain",75.4646
"CB7.3N",2025-07-23,36,24.15,7.93,6.65,45265,29.3,"BAY893","","VAmain",75.47
"EE3.4",2025-07-23,1,28.973,8.04,7,25980,15.79,"BAY893","","VAmain",84.1514
"EE3.4",2025-07-23,2,28.864,8.03,6.83,25977,15.79,"BAY893","","VAmain",83.9552
"EE3.4",2025-07-23,3,28.706,7.99,6.51,25984,15.8,"BAY893","","VAmain",83.6708
"EE3.4",2025-07-23,4,28.664,7.98,6.42,25994,15.81,"BAY893","","VAmain",83.5952
"EE3.5",2025-07-23,1,28.668,8.02,6.6,26685,16.27,"BAY893","","VAmain",83.6024
"EE3.5",2025-07-23,2,28.656,8.05,6.6,26661,16.25,"BAY893","","VAmain",83.5808
"EE3.5",2025-07-23,3,28.486,7.94,5.58,27375,16.73,"BAY893","","VAmain",83.2748
"EE3.5",2025-07-23,4,28.432,7.86,4.71,27961,17.13,"BAY893","","VAmain",83.1776
"EE3.5",2025-07-23,5,28.428,7.85,4.66,28024,17.17,"BAY893","","VAmain",83.1704
"EE3.5",2025-07-23,6,28.42,7.84,4.57,28134,17.24,"BAY893","","VAmain",83.156
"EE3.5",2025-07-23,7,28.418,7.84,4.55,28149,17.25,"BAY893","","VAmain",83.1524
"EE3.5",2025-07-23,8,28.412,7.84,4.45,28225,17.31,"BAY893","","VAmain",83.1416
"EE3.5",2025-07-23,9,28.402,7.83,4.33,28325,17.37,"BAY893","","VAmain",83.1236
"EE3.5",2025-07-23,10,28.389,7.81,4.12,28458,17.46,"BAY893","","VAmain",83.1002
"EE3.5",2025-07-23,11,28.372,7.79,3.91,28617,17.57,"BAY893","","VAmain",83.0696
"EE3.5",2025-07-23,12,28.344,7.77,3.72,28807,17.7,"BAY893","","VAmain",83.0192
"EE3.5",2025-07-23,13,28.321,7.76,3.6,28962,17.8,"BAY893","","VAmain",82.9778
"EE3.5",2025-07-23,14,28.201,7.71,3.06,29700,18.31,"BAY893","","VAmain",82.7618
"EE3.5",2025-07-23,15,28.193,7.71,3.02,29740,18.33,"BAY893","","VAmain",82.7474
"EE3.5",2025-07-23,16,28.123,7.68,2.82,30084,18.57,"BAY893","","VAmain",82.6214
"EE3.5",2025-07-23,17,28.12,7.69,2.85,30084,18.57,"BAY893","","VAmain",82.616
"EE3.5",2025-07-23,18,28.116,7.69,2.85,30096,18.58,"BAY893","","VAmain",82.6088
"EE3.5",2025-07-23,19,28.079,7.68,2.71,30268,18.69,"BAY893","","VAmain",82.5422
"EE3.5",2025-07-23,20,28.044,7.67,2.61,30432,18.81,"BAY893","","VAmain",82.4792
"EE3.5",2025-07-23,21,27.992,7.65,2.53,30667,18.97,"BAY893","","VAmain",82.3856
"EE3.5",2025-07-23,22,27.967,7.65,2.48,30803,19.06,"BAY893","","VAmain",82.3406
"EE3.5",2025-07-23,23,27.953,7.65,2.48,30872,19.11,"BAY893","","VAmain",82.3154
"EE3.5",2025-07-23,24,27.944,7.65,2.49,30910,19.13,"BAY893","","VAmain",82.2992
"EE3.5",2025-07-23,25,27.942,7.64,2.52,30922,19.14,"BAY893","","VAmain",82.2956
"CB7.4",2025-07-24,1,24.159,7.99,7.29,43718,28.19,"BAY893","","VAmain",75.4862
"CB7.4",2025-07-24,2,24.056,8,7.3,43925,28.34,"BAY893","","VAmain",75.3008
"CB7.4",2025-07-24,3,24.019,8,7.29,44227,28.56,"BAY893","","VAmain",75.2342
"CB7.4",2025-07-24,4,24.007,8,7.28,44371,28.66,"BAY893","","VAmain",75.2126
"CB7.4",2025-07-24,5,23.989,7.99,7.25,45122,29.2,"BAY893","","VAmain",75.1802
"CB7.4",2025-07-24,6,23.994,7.99,7.23,45374,29.39,"BAY893","","VAmain",75.1892
"CB7.4",2025-07-24,7,23.999,7.99,7.21,45452,29.44,"BAY893","","VAmain",75.1982
"CB7.4",2025-07-24,8,23.998,7.99,7.19,45525,29.5,"BAY893","","VAmain",75.1964
"CB7.4",2025-07-24,9,23.986,7.98,7.17,45614,29.56,"BAY893","","VAmain",75.1748
"CB7.4",2025-07-24,10,23.96,7.98,7.14,45681,29.61,"BAY893","","VAmain",75.128
"CB7.4",2025-07-24,11,23.794,7.98,7.1,45710,29.63,"BAY893","","VAmain",74.8292
"CB7.4",2025-07-24,12,23.482,7.97,7.06,45667,29.61,"BAY893","","VAmain",74.2676
"CB7.4",2025-07-24,13,22.898,7.96,7.01,45584,29.55,"BAY893","","VAmain",73.2164
"CB7.4",2025-07-24,14,22.72,7.95,7.01,45575,29.55,"BAY893","","VAmain",72.896
"CB7.4N",2025-07-24,1,25.181,7.98,7.21,46126,29.91,"BAY893","","VAmain",77.3258
"CB7.4N",2025-07-24,2,25.166,7.99,7.24,46093,29.88,"BAY893","","VAmain",77.2988
"CB7.4N",2025-07-24,3,25.092,7.99,7.2,46221,29.98,"BAY893","","VAmain",77.1656
"CB7.4N",2025-07-24,4,25.081,7.99,7.17,46266,30.01,"BAY893","","VAmain",77.1458
"CB7.4N",2025-07-24,5,25.073,7.98,7.15,46527,30.2,"BAY893","","VAmain",77.1314
"CB7.4N",2025-07-24,6,25.073,7.97,7.12,46651,30.29,"BAY893","","VAmain",77.1314
"CB7.4N",2025-07-24,7,25.074,7.97,7.11,46695,30.32,"BAY893","","VAmain",77.1332
"CB7.4N",2025-07-24,8,25.074,7.97,7.1,46720,30.34,"BAY893","","VAmain",77.1332
"CB7.4N",2025-07-24,9,25.074,7.97,7.09,46721,30.34,"BAY893","","VAmain",77.1332
"CB7.4N",2025-07-24,10,25.074,7.96,7.09,46737,30.35,"BAY893","","VAmain",77.1332
"CB8.1",2025-07-24,1,27.608,8.1,6.84,31744,19.71,"BAY893","","VAmain",81.6944
"CB8.1",2025-07-24,2,27.572,8.08,6.77,32065,19.94,"BAY893","","VAmain",81.6296
"CB8.1",2025-07-24,3,27.498,8.06,6.61,32674,20.35,"BAY893","","VAmain",81.4964
"CB8.1",2025-07-24,4,27.441,8.04,6.47,33316,20.8,"BAY893","","VAmain",81.3938
"CB8.1",2025-07-24,5,27.185,8.03,6.44,33808,21.14,"BAY893","","VAmain",80.933
"CB8.1",2025-07-24,6,26.581,7.98,6.24,34744,21.8,"BAY893","","VAmain",79.8458
"CB8.1",2025-07-24,7,26.261,7.96,6.24,35202,22.13,"BAY893","","VAmain",79.2698
"CB8.1",2025-07-24,8,24.691,7.91,6.12,37724,23.92,"BAY893","","VAmain",76.4438
"CB8.1E",2025-07-24,1,26.482,8.01,6.94,35013,21.99,"BAY893","","VAmain",79.6676
"CB8.1E",2025-07-24,2,26.444,8.02,6.89,35062,22.03,"BAY893","","VAmain",79.5992
"CB8.1E",2025-07-24,3,25.479,7.97,6.53,36802,23.26,"BAY893","","VAmain",77.8622
"CB8.1E",2025-07-24,4,24.905,7.95,6.41,37987,24.1,"BAY893","","VAmain",76.829
"CB8.1E",2025-07-24,5,24.361,7.98,6.76,40017,25.55,"BAY893","","VAmain",75.8498
"CB8.1E",2025-07-24,6,23.542,7.97,6.9,42467,27.3,"BAY893","","VAmain",74.3756
"CB8.1E",2025-07-24,7,22.769,7.95,6.8,43044,27.73,"BAY893","","VAmain",72.9842
"CB8.1E",2025-07-24,8,21.455,7.93,6.7,44221,28.59,"BAY893","","VAmain",70.619
"CB8.1E",2025-07-24,9,20.486,7.91,6.62,45237,29.33,"BAY893","","VAmain",68.8748
"CB8.1E",2025-07-24,10,20.018,7.9,6.57,45725,29.69,"BAY893","","VAmain",68.0324
"CB8.1E",2025-07-24,11,19.436,7.88,6.49,46146,30,"BAY893","","VAmain",66.9848
"CB8.1E",2025-07-24,12,19.139,7.87,6.47,46384,30.17,"BAY893","","VAmain",66.4502
"CB8.1E",2025-07-24,13,19.001,7.87,6.46,46512,30.26,"BAY893","","VAmain",66.2018
"CB8.1E",2025-07-24,14,19.033,7.87,6.46,46499,30.25,"BAY893","","VAmain",66.2594
"LE5.5-W",2025-07-24,1,28.015,8,7.36,33220,20.72,"BAY893","","VAmain",82.427
"LE5.5-W",2025-07-24,2,27.968,8,7.32,33233,20.73,"BAY893","","VAmain",82.3424
"LE5.5-W",2025-07-24,3,27.857,8,7.25,33308,20.78,"BAY893","","VAmain",82.1426
"LE5.5-W",2025-07-24,4,27.825,7.99,7.22,33326,20.8,"BAY893","","VAmain",82.085
"LE5.5-W",2025-07-24,5,27.686,7.99,7.17,33386,20.84,"BAY893","","VAmain",81.8348
"LE5.5-W",2025-07-24,6,27.716,7.99,7.14,33379,20.83,"BAY893","","VAmain",81.8888
"LE5.5-W",2025-07-24,7,27.427,7.98,7.06,33532,20.95,"BAY893","","VAmain",81.3686
"WE4.1",2025-07-24,1,29.066,8.07,6.76,30554,18.87,"BAY893","","VAmain",84.3188
"WE4.1",2025-07-24,2,28.771,8.09,6.84,30749,19.01,"BAY893","","VAmain",83.7878
"WE4.1",2025-07-24,3,28.513,8.08,6.71,30784,19.04,"BAY893","","VAmain",83.3234
"WE4.1",2025-07-24,4,28.457,8.06,6.45,30832,19.07,"BAY893","","VAmain",83.2226
"WE4.1",2025-07-24,5,28.537,7.76,4.08,31653,19.63,"BAY893","","VAmain",83.3666
"WE4.2",2025-07-24,1,28.745,8.09,7.07,30134,18.59,"BAY893","","VAmain",83.741
"WE4.2",2025-07-24,2,28.608,8.12,7.29,30299,18.71,"BAY893","","VAmain",83.4944
"WE4.2",2025-07-24,3,28.497,8.1,7.05,30296,18.71,"BAY893","","VAmain",83.2946
"WE4.2",2025-07-24,4,28.465,8.09,6.98,30311,18.72,"BAY893","","VAmain",83.237
"WE4.2",2025-07-24,5,28.429,8.07,6.72,30366,18.76,"BAY893","","VAmain",83.1722
"WE4.2",2025-07-24,6,28.414,8.06,6.56,30407,18.78,"BAY893","","VAmain",83.1452
"WE4.2",2025-07-24,7,28.256,7.97,5.77,30490,18.84,"BAY893","","VAmain",82.8608
"WE4.2",2025-07-24,8,28.299,7.94,5.53,30698,18.98,"BAY893","","VAmain",82.9382
"WE4.2",2025-07-24,9,28.375,7.88,5.16,31290,19.39,"BAY893","","VAmain",83.075
"WE4.2",2025-07-24,10,28.326,7.88,5.11,31334,19.42,"BAY893","","VAmain",82.9868
"WE4.2",2025-07-24,11,28.227,7.84,4.81,31513,19.54,"BAY893","","VAmain",82.8086
"WE4.3",2025-07-24,1,29.582,8.09,7.47,31983,19.83,"BAY893","","VAmain",85.2476
"WE4.3",2025-07-24,2,29.289,8.09,7.44,32055,19.89,"BAY893","","VAmain",84.7202
"WE4.3",2025-07-24,3,28.939,8.05,7.05,32220,20.01,"BAY893","","VAmain",84.0902
"WE4.3",2025-07-24,4,28.761,7.98,6.22,32242,20.03,"BAY893","","VAmain",83.7698
"WE4.4",2025-07-24,1,29.35,7.96,6.76,31680,19.63,"BAY893","","VAmain",84.83
"WE4.4",2025-07-24,2,29.268,7.96,6.71,31625,19.6,"BAY893","","VAmain",84.6824
"WE4.4",2025-07-24,3,29.285,7.95,6.68,31681,19.63,"BAY893","","VAmain",84.713
"WE4.4",2025-07-24,4,29.289,7.95,6.66,31692,19.64,"BAY893","","VAmain",84.7202
"WE4.4",2025-07-24,5,29.287,7.95,6.65,31695,19.64,"BAY893","","VAmain",84.7166
"WE4.4",2025-07-24,6,29.282,7.94,6.63,31709,19.65,"BAY893","","VAmain",84.7076
"EBB01",2025-07-16,1,28.32,7.23,3.43,26500,16.11,"BAY893","","VAtrib",82.976
"EBB01",2025-07-16,2,28.69,7.26,3.19,28996,17.73,"BAY893","","VAtrib",83.642
"EBB01",2025-07-16,3,28.69,7.31,3.23,29790,18.35,"BAY893","","VAtrib",83.642
"EBB01",2025-07-16,4,28.68,7.36,3.34,30419,18.76,"BAY893","","VAtrib",83.624
"EBE1",2025-07-16,1,28.33,7.32,3.9,32285,20.06,"BAY893","","VAtrib",82.994
"EBE1",2025-07-16,2,28.3,7.32,3.91,32444,20.19,"BAY893","","VAtrib",82.94
"EBE1",2025-07-16,3,28.26,7.33,3.89,32825,20.46,"BAY893","","VAtrib",82.868
"EBE1",2025-07-16,4,28.16,7.34,3.91,33035,20.61,"BAY893","","VAtrib",82.688
"EBE1",2025-07-16,5,28.1,7.37,3.93,33481,20.91,"BAY893","","VAtrib",82.58
"EBE1",2025-07-16,6,28.08,7.4,3.95,33541,20.94,"BAY893","","VAtrib",82.544
"EBE1",2025-07-16,7,27.93,7.43,3.96,38863,21.16,"BAY893","","VAtrib",82.274
"ELE01",2025-07-16,1,28.02,7.41,4.58,33746,21.08,"BAY893","","VAtrib",82.436
"ELE01",2025-07-16,2,28.03,7.41,4.55,33861,21.36,"BAY893","","VAtrib",82.454
"ELE01",2025-07-16,3,28.03,7.41,4.5,33841,21.15,"BAY893","","VAtrib",82.454
"ELE01",2025-07-16,4,28.01,7.41,4.36,33931,21.2,"BAY893","","VAtrib",82.418
"ELE01",2025-07-16,5,27.99,7.4,4.28,34201,21.39,"BAY893","","VAtrib",82.382
"ELE01",2025-07-16,6,27.99,7.41,4.26,34220,21.41,"BAY893","","VAtrib",82.382
"ELE01",2025-07-16,7,27.99,7.41,4.22,34241,21.42,"BAY893","","VAtrib",82.382
"ELE01",2025-07-16,8,27.95,7.41,4.19,34333,21.48,"BAY893","","VAtrib",82.31
"ELE01",2025-07-16,9,27.94,7.42,4.18,34373,21.52,"BAY893","","VAtrib",82.292
"ELE01",2025-07-16,10,27.89,7.43,4.05,34391,21.52,"BAY893","","VAtrib",82.202
"ELE01",2025-07-16,11,27.29,7.42,3.86,35452,22.28,"BAY893","","VAtrib",81.122
"LE3.1",2025-07-14,1,29.63,7.8,5.77,18333,10.78,"BAY893","","VAtrib",85.334
"LE3.1",2025-07-14,2,29.13,7.64,4.92,18454,10.86,"BAY893","","VAtrib",84.434
"LE3.1",2025-07-14,3,29.06,7.54,4.32,18607,10.96,"BAY893","","VAtrib",84.308
"LE3.1",2025-07-14,4,29.05,7.55,4.23,18919,11.17,"BAY893","","VAtrib",84.29
"LE3.1",2025-07-14,5,29.02,7.53,3.97,19256,11.38,"BAY893","","VAtrib",84.236
"LE3.1",2025-07-14,6,28.87,7.44,3.19,19806,11.78,"BAY893","","VAtrib",83.966
"LE3.1",2025-07-14,7,28.6,7.36,2.2,21904,13.1,"BAY893","","VAtrib",83.48
"LE3.2",2025-07-14,1,29.37,7.99,6.45,21777,13,"BAY893","","VAtrib",84.866
"LE3.2",2025-07-14,2,29.28,8,6.44,21755,13,"BAY893","","VAtrib",84.704
"LE3.2",2025-07-14,3,29.2,8,6.33,21752,13,"BAY893","","VAtrib",84.56
"LE3.2",2025-07-14,4,29.03,7.94,5.88,21751,13,"BAY893","","VAtrib",84.254
"LE3.2",2025-07-14,5,28.9,7.92,5.68,21884,13.07,"BAY893","","VAtrib",84.02
"LE3.2",2025-07-14,6,28.87,7.92,5.47,21949,13.13,"BAY893","","VAtrib",83.966
"LE3.2",2025-07-14,7,28.73,7.71,3.82,22402,13.91,"BAY893","","VAtrib",83.714
"LE3.2",2025-07-14,8,28.34,7.38,1.51,23552,14.17,"BAY893","","VAtrib",83.012
"LE3.2",2025-07-14,9,27.65,7.24,0.05,25284,15.35,"BAY893","","VAtrib",81.77
"LE3.2",2025-07-14,10,27.63,7.24,0.04,25342,15.38,"BAY893","","VAtrib",81.734
"LE3.2",2025-07-14,11,27.56,7.24,0.03,25505,15.5,"BAY893","","VAtrib",81.608
"LE3.2",2025-07-14,12,27.55,7.24,0.03,25568,15.54,"BAY893","","VAtrib",81.59
"LE3.2",2025-07-14,13,27.5,7.24,0.04,25701,15.63,"BAY893","","VAtrib",81.5
"LE3.2",2025-07-14,14,27.46,7.24,0.06,25797,15.72,"BAY893","","VAtrib",81.428
"LE3.2",2025-07-14,15,27.39,7.25,0.1,26084,15.89,"BAY893","","VAtrib",81.302
"LE3.3",2025-07-14,1,30.02,8.2,7.22,22030,13.17,"BAY893","","VAtrib",86.036
"LE3.3",2025-07-14,2,29.78,8.17,6.93,22088,13.21,"BAY893","","VAtrib",85.604
"LE3.3",2025-07-14,3,29.73,8.17,6.82,22141,13.25,"BAY893","","VAtrib",85.514
"LE3.3",2025-07-14,4,29.66,8.12,6.32,22212,13.29,"BAY893","","VAtrib",85.388
"LE3.3",2025-07-14,5,29.6,7.99,5.31,22418,13.43,"BAY893","","VAtrib",85.28
"LE3.4",2025-07-14,1,29.4,8.31,8.22,23037,13.84,"BAY893","","VAtrib",84.92
"LE3.4",2025-07-14,2,29.22,8.24,7.74,23456,14.1,"BAY893","","VAtrib",84.596
"LE3.4",2025-07-14,3,29.28,8.23,7.66,23543,14.17,"BAY893","","VAtrib",84.704
"LE3.4",2025-07-14,4,29.29,8.23,7.49,23644,14.24,"BAY893","","VAtrib",84.722
"LE3.4",2025-07-14,5,29.17,8.18,7.09,23627,14.23,"BAY893","","VAtrib",84.506
"LE3.4",2025-07-14,6,29.05,8.06,6.52,23657,14.24,"BAY893","","VAtrib",84.29
"LE3.4",2025-07-14,7,28.82,7.64,3.25,24458,14.75,"BAY893","","VAtrib",83.876
"LE3.4",2025-07-14,8,28.45,7.4,1.46,24750,14.98,"BAY893","","VAtrib",83.21
"LE3.4",2025-07-14,9,27.98,7.26,0.39,25413,15.48,"BAY893","","VAtrib",82.364
"LE3.4",2025-07-14,10,27.62,7.24,0.07,26378,16.08,"BAY893","","VAtrib",81.716
"LE3.4",2025-07-14,11,27.45,7.23,0.04,26834,16.4,"BAY893","","VAtrib",81.41
"LE3.4",2025-07-14,12,27.39,7.23,0.04,27036,16.53,"BAY893","","VAtrib",81.302
"LE3.4",2025-07-14,13,27.31,7.23,0.04,27308,16.7,"BAY893","","VAtrib",81.158
"LE3.4",2025-07-14,14,27.28,7.23,0.05,27354,16.74,"BAY893","","VAtrib",81.104
"LE3.4",2025-07-14,15,27.29,7.23,0.09,27360,16.74,"BAY893","","VAtrib",81.122
"RET3.1",2025-07-14,1,30.34,7.56,7.09,3477,1.81,"BAY893","","VAtrib",86.612
"RET3.1",2025-07-14,2,30.06,7.39,6.35,3645,1.9,"BAY893","","VAtrib",86.108
"RET3.1",2025-07-14,3,30.15,7.43,6.57,4232,2.22,"BAY893","","VAtrib",86.27
"RET3.1",2025-07-14,4,30.21,7.48,6.72,4392,2.33,"BAY893","","VAtrib",86.378
"RET3.1",2025-07-14,5,30.44,7.59,7.18,4761,2.57,"BAY893","","VAtrib",86.792
"RET3.2",2025-07-14,1,29.36,7.45,4.88,13655,7.83,"BAY893","","VAtrib",84.848
"RET3.2",2025-07-14,2,29.32,7.4,4.52,14123,8.12,"BAY893","","VAtrib",84.776
"RET3.2",2025-07-14,3,29.3,7.38,4.32,14286,8.23,"BAY893","","VAtrib",84.74
"RET3.2",2025-07-14,4,29.29,7.39,4.07,14911,8.62,"BAY893","","VAtrib",84.722
"RET3.2",2025-07-14,5,29.29,7.39,3.81,16212,9.43,"BAY893","","VAtrib",84.722
"RET4.2",2025-07-15,1,29.5,6.44,3.4,343.4,0.16,"BAY893","","VAtrib",85.1
"RET4.2",2025-07-15,2,29.48,6.4,3.37,350.9,0.17,"BAY893","","VAtrib",85.064
"RET4.2",2025-07-15,3,29.47,6.43,3.36,343.8,0.16,"BAY893","","VAtrib",85.046
"RET4.2",2025-07-15,4,29.46,6.42,3.33,353.3,0.17,"BAY893","","VAtrib",85.028
"RET4.2",2025-07-15,5,29.45,6.41,3.36,343.4,0.16,"BAY893","","VAtrib",85.01
"RET4.2",2025-07-15,6,29.46,6.44,3.36,349.9,0.16,"BAY893","","VAtrib",85.028
"RET4.2",2025-07-15,7,29.47,6.43,3.34,358.8,0.17,"BAY893","","VAtrib",85.046
"RET4.2",2025-07-15,8,29.48,6.44,3.34,378.6,0.18,"BAY893","","VAtrib",85.064
"RET4.2",2025-07-15,9,29.48,6.43,3.34,425.2,0.2,"BAY893","","VAtrib",85.064
"RET4.2",2025-07-15,10,29.47,6.45,3.35,382.1,0.18,"BAY893","","VAtrib",85.046
"SBE2",2025-07-16,1,28.02,7.29,3.97,34363,21.49,"BAY893","","VAtrib",82.436
"SBE2",2025-07-16,2,28.02,7.29,3.94,34405,21.53,"BAY893","","VAtrib",82.436
"SBE2",2025-07-16,3,28.01,7.3,3.92,34441,21.56,"BAY893","","VAtrib",82.418
"SBE2",2025-07-16,4,28.01,7.3,3.92,34478,21.59,"BAY893","","VAtrib",82.418
"SBE2",2025-07-16,5,27.97,7.31,3.87,34545,21.63,"BAY893","","VAtrib",82.346
"SBE2",2025-07-16,6,27.97,7.34,3.87,34576,21.66,"BAY893","","VAtrib",82.346
"SBE2",2025-07-16,7,27.94,7.34,3.87,34605,21.67,"BAY893","","VAtrib",82.292
"SBE2",2025-07-16,8,27.85,7.39,3.96,34782,21.8,"BAY893","","VAtrib",82.13
"SBE5",2025-07-16,1,28.64,7.15,3.81,32085,19.93,"BAY893","","VAtrib",83.552
"SBE5",2025-07-16,2,28.63,7.16,3.79,32240,20.03,"BAY893","","VAtrib",83.534
"SBE5",2025-07-16,3,28.62,7.16,3.71,32366,20.12,"BAY893","","VAtrib",83.516
"SBE5",2025-07-16,4,28.6,7.17,3.61,32684,20.35,"BAY893","","VAtrib",83.48
"SBE5",2025-07-16,5,28.59,7.18,3.55,32830,20.45,"BAY893","","VAtrib",83.462
"SBE5",2025-07-16,6,38.57,7.2,3.54,32962,20.53,"BAY893","","VAtrib",101.426
"TF3.1B",2025-07-07,1,27.6,6.76,5.46,91,0.04,"BAY893","","VAtrib",81.68
"TF3.1B",2025-07-07,2,27.59,6.76,5.43,91,0.04,"BAY893","","VAtrib",81.662
"TF3.1B",2025-07-07,3,27.58,6.74,5.42,91,0.04,"BAY893","","VAtrib",81.644
"TF3.1E",2025-07-07,1,27.77,7.07,6.92,94,0.04,"BAY893","","VAtrib",81.986
"TF3.1E",2025-07-07,2,27.67,7.04,6.83,95,0.04,"BAY893","","VAtrib",81.806
"TF3.1E",2025-07-07,3,27.57,6.99,6.68,96,0.04,"BAY893","","VAtrib",81.626
"TF3.1F",2025-07-07,1,27.43,7.22,7.41,93,0.04,"BAY893","","VAtrib",81.374
"TF3.1F",2025-07-07,2,27.34,7.26,7.39,93,0.04,"BAY893","","VAtrib",81.212
"TF3.1F",2025-07-07,3,27.35,7.24,7.39,93,0.04,"BAY893","","VAtrib",81.23
"TF3.2",2025-07-07,1,27.62,6.58,3.87,79,0.04,"BAY893","","VAtrib",81.716
"TF3.2",2025-07-07,2,27.59,6.49,3.82,80,0.04,"BAY893","","VAtrib",81.662
"TF3.2",2025-07-07,3,27.63,6.51,3.81,80,0.04,"BAY893","","VAtrib",81.734
"TF3.2",2025-07-07,4,27.59,6.49,3.79,80,0.04,"BAY893","","VAtrib",81.662
"TF3.2",2025-07-07,5,27.58,6.48,3.78,80,0.04,"BAY893","","VAtrib",81.644
"TF3.2",2025-07-07,6,27.57,6.47,3.76,80,0.04,"BAY893","","VAtrib",81.626
"TF3.2",2025-07-07,7,27.58,6.46,3.77,80,0.04,"BAY893","","VAtrib",81.644
"TF3.2",2025-07-07,8,27.58,6.45,3.78,79,0.04,"BAY893","","VAtrib",81.644
"TF3.2A",2025-07-07,1,29.98,7.39,8.31,103,0.05,"BAY893","","VAtrib",85.964
"TF3.2A",2025-07-07,2,29.98,7.41,8.28,103,0.05,"BAY893","","VAtrib",85.964
"TF3.2A",2025-07-07,3,29.99,7.34,8.25,103,0.05,"BAY893","","VAtrib",85.982
"TF3.2A",2025-07-07,4,29.97,7.33,8.24,103,0.05,"BAY893","","VAtrib",85.946
"TF3.2A",2025-07-07,5,29.98,7.27,8.22,103,0.05,"BAY893","","VAtrib",85.964
"TF3.3",2025-07-14,1,30.85,7.29,6.73,153,0.07,"BAY893","","VAtrib",87.53
"TF3.3",2025-07-14,2,30.29,7.16,5.96,157,0.07,"BAY893","","VAtrib",86.522
"TF3.3",2025-07-14,3,30.24,7.14,5.81,161,0.07,"BAY893","","VAtrib",86.432
"TF3.3",2025-07-14,4,30.21,7.14,5.75,162,0.08,"BAY893","","VAtrib",86.378
"TF3.3",2025-07-14,5,30.18,7.14,5.69,164,0.08,"BAY893","","VAtrib",86.324
"TF3.3",2025-07-14,6,30.16,7.16,5.65,165,0.08,"BAY893","","VAtrib",86.288
"TF3.3",2025-07-14,7,30.15,7.18,5.62,165,0.08,"BAY893","","VAtrib",86.27
"TF4.2",2025-07-15,1,27.75,6.52,4.53,84.8,0.04,"BAY893","","VAtrib",81.95
"TF4.2",2025-07-15,2,27.71,6.54,4.51,84.8,0.04,"BAY893","","VAtrib",81.878
"TF4.2",2025-07-15,3,27.69,6.54,4.52,84.9,0.04,"BAY893","","VAtrib",81.842
"TF4.2",2025-07-15,4,27.67,6.55,4.53,85,0.04,"BAY893","","VAtrib",81.806
"TF4.2",2025-07-15,5,27.66,6.55,4.53,85,0.04,"BAY893","","VAtrib",81.788
"TF4.2",2025-07-15,6,27.66,6.56,4.55,84.9,0.04,"BAY893","","VAtrib",81.788
"TF4.2",2025-07-15,7,27.67,6.58,4.56,84.9,0.04,"BAY893","","VAtrib",81.806
"TF4.4",2025-07-15,1,28.22,6.31,4.74,64.3,0.03,"BAY893","","VAtrib",82.796
"TF4.4",2025-07-15,2,28.21,6.3,4.73,65,0.03,"BAY893","","VAtrib",82.778
"TF4.4",2025-07-15,3,28.21,6.33,4.73,64.8,0.03,"BAY893","","VAtrib",82.778
