"Station","Date","Sdepth","Wtemp","Ph","DO","Spcond","Salinity","tempF"
"CB5.3",2022-07-26,NA,NA,NA,NA,NA,NA,NA
"LE2.3",2022-07-26,0.5,81.68,7.9,6.2,21200,12.7,81.68
"LE2.3",2022-07-26,1,81.68,7.9,6.2,21200,12.7,81.68
"LE2.3",2022-07-26,2,81.68,7.9,6.1,21300,12.7,81.68
"LE2.3",2022-07-26,3,81.68,7.9,5.7,21400,12.8,81.68
"LE2.3",2022-07-26,4,81.5,7.6,3.3,23900,14.4,81.5
"LE2.3",2022-07-26,5,80.6,7.4,2.2,25300,15.4,80.6
"LE2.3",2022-07-26,7,80.42,7.4,1.9,25300,15.4,80.42
"LE2.3",2022-07-26,8,80.06,7.3,1.2,25600,15.6,80.06
"LE2.3",2022-07-26,9,79.34,7.3,0.8,26300,16.1,79.34
"LE2.3",2022-07-26,10,78.98,7.3,0.6,27300,16.8,78.98
"LE2.3",2022-07-26,11,78.26,7.3,0.3,27900,17.1,78.26
"LE2.3",2022-07-26,12,77.9,7.3,0.4,28800,17.8,77.9
"LE2.3",2022-07-26,13,77.9,7.3,0.4,29000,17.9,77.9
"LE2.3",2022-07-26,14,78.08,7.3,0.4,29000,18.3,78.08
"LE2.3",2022-07-26,15,78.26,7.3,0.4,30100,18.6,78.26
"LE2.3",2022-07-26,17,78.08,7.3,0.4,30300,18.8,78.08
"LE2.3",2022-07-26,18,78.08,7.3,0.4,30300,18.8,78.08
"CB5.2",2022-07-26,0.5,83.66,8.1,7.1,24000,14.5,83.66
"CB5.2",2022-07-26,1,83.66,8.1,7.1,24000,14.5,83.66
"CB5.2",2022-07-26,2,83.66,8.1,7,24000,14.5,83.66
"CB5.2",2022-07-26,3,83.66,8.1,6.9,24000,14.5,83.66
"CB5.2",2022-07-26,5,83.48,8.1,6.7,24100,14.5,83.48
"CB5.2",2022-07-26,7,83.3,8.1,6.5,24200,14.6,83.3
"CB5.2",2022-07-26,8,83.3,8.1,6.4,24200,14.6,83.3
"CB5.2",2022-07-26,9,81.5,7.8,4.1,24400,14.8,81.5
"CB5.2",2022-07-26,10,79.34,7.4,1.4,29000,17.9,79.34
"CB5.2",2022-07-26,11,77.9,7.3,0.4,29600,18.3,77.9
"CB5.2",2022-07-26,12,77.54,7.3,0.4,31000,19.2,77.54
"CB5.2",2022-07-26,13,77.18,7.3,0.3,31700,19.7,77.18
"CB5.2",2022-07-26,14,76.82,7.3,0.4,32600,20.3,76.82
"CB5.2",2022-07-26,15,76.64,7.3,0.4,33000,20.6,76.64
"CB5.2",2022-07-26,16,76.64,7.3,0.5,33800,21.2,76.64
"CB5.2",2022-07-26,17,76.46,7.3,0.5,34100,21.4,76.46
"CB5.2",2022-07-26,19,76.1,7.3,0.6,34700,21.8,76.1
"CB5.2",2022-07-26,21,76.1,7.3,0.6,34800,21.9,76.1
"CB5.2",2022-07-26,23,76.1,7.3,0.7,34900,22,76.1
"CB5.2",2022-07-26,25,76.1,7.3,0.7,35000,22,76.1
"CB5.2",2022-07-26,27,76.1,7.3,0.7,35000,22,76.1
"CB5.2",2022-07-26,29,76.1,7.3,0.7,35000,22,76.1
"CB5.2",2022-07-26,30,76.1,7.3,0.7,35000,22,76.1
"CB5.1",2022-07-26,0.5,83.48,8.1,6.8,22100,13.2,83.48
"CB5.1",2022-07-26,1,83.48,8.1,6.8,22100,13.2,83.48
"CB5.1",2022-07-26,2,83.48,8.1,6.8,22100,13.2,83.48
"CB5.1",2022-07-26,3,83.48,8.1,6.7,22100,13.2,83.48
"CB5.1",2022-07-26,5,83.48,8.1,6.6,22100,13.2,83.48
"CB5.1",2022-07-26,6,83.48,8.1,6.4,22100,13.2,83.48
"CB5.1",2022-07-26,7,83.48,8.1,6.3,22100,13.2,83.48
"CB5.1",2022-07-26,8,83.3,8,6,22300,13.3,83.3
"CB5.1",2022-07-26,9,82.4,7.9,4.7,23800,14,82.4
"CB5.1",2022-07-26,10,80.96,7.6,2.8,26600,16.2,80.96
"CB5.1",2022-07-26,11,77.72,7.3,1.4,30100,18.6,77.72
"CB5.1",2022-07-26,12,76.28,7.3,1.3,31900,19.9,76.28
"CB5.1",2022-07-26,13,76.28,7.3,0.1,32100,20,76.28
"CB5.1",2022-07-26,14,76.28,7.3,0.11,32200,20.1,76.28
"CB5.1",2022-07-26,15,76.28,7.3,0.11,32300,20.1,76.28
"CB5.1",2022-07-26,16,76.28,7.3,0.14,32600,20.4,76.28
"CB5.1",2022-07-26,17,76.1,7.3,0.2,33500,21,76.1
"CB5.1",2022-07-26,18,75.92,7.3,0.24,33900,21.2,75.92
"CB5.1",2022-07-26,19,75.92,7.3,0.28,34100,21.4,75.92
"CB5.1",2022-07-26,21,75.92,7.3,0.31,34200,21.5,75.92
"CB5.1",2022-07-26,23,75.92,7.3,0.37,34400,21.6,75.92
"CB5.1",2022-07-26,25,75.92,7.3,0.37,34400,21.6,75.92
"CB5.1",2022-07-26,27,75.92,7.3,0.39,34400,21.6,75.92
"CB5.1",2022-07-26,29,75.92,7.3,0.4,34500,21.7,75.92
"CB5.1",2022-07-26,31,75.92,7.3,0.41,34500,21.7,75.92
"CB5.1",2022-07-26,33,75.92,7.3,0.45,34500,21.7,75.92
"CB5.1",2022-07-26,34,75.92,7.3,0.5,34600,21.8,75.92
"CB4.4",2022-07-26,0.5,83.3,8.2,7.6,21700,13,83.3
"CB4.4",2022-07-26,1,83.3,8.2,7.5,21700,13,83.3
"CB4.4",2022-07-26,2,83.3,8.2,7.4,21700,13,83.3
"CB4.4",2022-07-26,3,83.3,8.2,7.3,21700,13,83.3
"CB4.4",2022-07-26,5,82.76,8.1,6.1,21800,13,82.76
"CB4.4",2022-07-26,6,81.68,7.7,4.7,22000,13.2,81.68
"CB4.4",2022-07-26,7,81.68,7.7,4.6,22200,13.3,81.68
"CB4.4",2022-07-26,8,81.32,7.5,3.5,22500,13.5,81.32
"CB4.4",2022-07-26,9,80.42,7.3,1.7,23500,14.2,80.42
"CB4.4",2022-07-26,10,78.98,7.3,1.2,25300,15.4,78.98
"CB4.4",2022-07-26,11,77.18,7.3,0.1,28100,17.3,77.18
"CB4.4",2022-07-26,12,76.82,7.3,0.11,29300,18.1,76.82
"CB4.4",2022-07-26,13,76.64,7.3,0.11,29600,18.3,76.64
"CB4.4",2022-07-26,14,76.64,7.3,0.11,29900,18.5,76.64
"CB4.4",2022-07-26,15,76.64,7.3,0.11,31500,19.6,76.64
"CB4.4",2022-07-26,16,76.46,7.3,0.11,31600,19.7,76.46
"CB4.4",2022-07-26,17,76.28,7.3,0.11,32100,20,76.28
"CB4.4",2022-07-26,18,75.92,7.3,0.13,33200,20.8,75.92
"CB4.4",2022-07-26,19,75.92,7.3,0.15,33400,20.9,75.92
"CB4.4",2022-07-26,21,75.92,7.3,0.22,34000,21.3,75.92
"CB4.4",2022-07-26,23,75.92,7.3,0.27,34300,21.5,75.92
"CB4.4",2022-07-26,25,75.92,7.3,0.29,34300,21.5,75.92
"CB4.4",2022-07-26,27,75.92,7.3,0.3,34300,21.5,75.92
"CB4.4",2022-07-26,29,75.92,7.3,0.33,34400,21.6,75.92
"CB4.4",2022-07-26,30,75.92,7.3,0.36,34400,21.6,75.92
"CB4.3E",2022-07-26,NA,NA,NA,NA,NA,NA,NA
"CB4.3C",2022-07-26,0.5,82.76,8.2,7.4,21200,12.7,82.76
"CB4.3C",2022-07-26,1,82.76,8.2,7.3,21200,12.7,82.76
"CB4.3C",2022-07-26,2,82.76,8.2,7.3,21200,12.7,82.76
"CB4.3C",2022-07-26,3,82.76,8.2,7,21200,12.7,82.76
"CB4.3C",2022-07-26,5,82.76,8.1,6.7,21200,12.7,82.76
"CB4.3C",2022-07-26,6,82.58,8.1,6.5,21300,12.7,82.58
"CB4.3C",2022-07-26,7,82.58,8,6,21300,12.7,82.58
"CB4.3C",2022-07-26,8,81.32,7.8,4.2,22100,13.3,81.32
"CB4.3C",2022-07-26,9,79.7,7.4,2,23800,14.4,79.7
"CB4.3C",2022-07-26,10,77.72,7.3,0.29,25500,15.6,77.72
"CB4.3C",2022-07-26,11,77.72,7.3,0.24,25600,15.6,77.72
"CB4.3C",2022-07-26,12,77.54,7.3,0.23,25700,15.6,77.54
"CB4.3C",2022-07-26,13,77.54,7.3,0.22,25700,15.7,77.54
"CB4.3C",2022-07-26,14,76.82,7.3,0.1,26600,16.3,76.82
"CB4.3C",2022-07-26,15,76.64,7.3,0.11,26700,16.3,76.64
"CB4.3C",2022-07-26,16,76.64,7.3,0.15,27300,16.8,76.64
"CB4.3C",2022-07-26,17,76.1,7.3,0.12,29500,18.2,76.1
"CB4.3C",2022-07-26,18,75.92,7.3,0.13,30400,18.8,75.92
"CB4.3C",2022-07-26,19,75.92,7.3,0.14,31300,19.4,75.92
"CB4.3C",2022-07-26,20,75.92,7.3,0.13,31700,19.7,75.92
"CB4.3C",2022-07-26,21,75.74,7.3,0.15,32300,20.2,75.74
"CB4.3C",2022-07-26,23,75.74,7.3,0.16,32700,20.5,75.74
"CB4.3C",2022-07-26,25,75.74,7.3,0.16,32800,20.5,75.74
"CB4.3W",2022-07-26,NA,NA,NA,NA,NA,NA,NA
"CB4.2W",2022-07-26,NA,NA,NA,NA,NA,NA,NA
"CB4.2C",2022-07-26,0.5,83.48,8.2,7.1,21000,12.5,83.48
"CB4.2C",2022-07-26,1,83.48,8.2,7.1,21000,12.5,83.48
"CB4.2C",2022-07-26,2,83.48,8.2,7.1,21000,12.5,83.48
"CB4.2C",2022-07-26,3,83.3,8.2,7,21000,12.5,83.3
"CB4.2C",2022-07-26,5,83.3,8.1,6.8,21000,12.5,83.3
"CB4.2C",2022-07-26,7,83.3,8.1,6.5,21000,12.5,83.3
"CB4.2C",2022-07-26,8,83.12,8,5.9,21200,12.6,83.12
"CB4.2C",2022-07-26,9,80.06,7.5,3.4,23000,13.9,80.06
"CB4.2C",2022-07-26,10,77.18,7.2,0.17,24600,14.9,77.18
"CB4.2C",2022-07-26,11,77.18,7.2,0.13,24700,15,77.18
"CB4.2C",2022-07-26,12,77,7.3,0.11,25000,15.2,77
"CB4.2C",2022-07-26,13,76.28,7.3,0.1,26400,16.1,76.28
"CB4.2C",2022-07-26,14,76.1,7.3,0.11,26700,16.4,76.1
"CB4.2C",2022-07-26,15,75.92,7.3,0.11,27600,17,75.92
"CB4.2C",2022-07-26,16,75.92,7.3,0.11,28700,17.7,75.92
"CB4.2C",2022-07-26,17,75.74,7.3,0.11,29800,18.5,75.74
"CB4.2C",2022-07-26,18,75.74,7.3,0.11,29800,18.5,75.74
"CB4.2C",2022-07-26,19,75.74,7.3,0.12,29900,18.6,75.74
"CB4.2C",2022-07-26,20,75.74,7.3,0.12,30700,19,75.74
"CB4.2C",2022-07-26,21,75.74,7.3,0.13,30700,19.1,75.74
"CB4.2C",2022-07-26,22,75.74,7.3,0.13,31200,19.4,75.74
"CB4.2C",2022-07-26,23,75.74,7.3,0.16,32000,20,75.74
"CB4.2C",2022-07-26,24,75.74,7.3,0.15,32500,20.3,75.74
"CB4.2C",2022-07-26,25,75.74,7.3,0.17,33100,20.7,75.74
"CB4.2C",2022-07-26,27,75.74,7.3,0.21,33100,20.7,75.74
"CB4.2E",2022-07-26,NA,NA,NA,NA,NA,NA,NA
"CB4.1E",2022-07-26,0.5,82.94,8.1,7.4,19600,11.6,82.94
"CB4.1E",2022-07-26,1,82.76,8.1,7.3,19600,11.6,82.76
"CB4.1E",2022-07-26,2,82.94,8.1,7,19700,11.7,82.94
"CB4.1E",2022-07-26,3,82.76,8.1,6.7,19800,11.7,82.76
"CB4.1E",2022-07-26,4,82.76,8,6.4,19800,11.8,82.76
"CB4.1E",2022-07-26,5,82.58,8,6.1,19900,11.8,82.58
"CB4.1E",2022-07-26,6,82.58,8,5.7,20000,11.8,82.58
"CB4.1E",2022-07-26,7,82.4,7.9,5.1,20400,12.1,82.4
"CB4.1E",2022-07-26,8,81.86,7.7,4.4,20800,12.4,81.86
"CB4.1E",2022-07-26,9,80.6,7.5,2.9,21500,12.9,80.6
"CB4.1E",2022-07-26,10,80.06,7.4,2.3,21700,13,80.06
"CB4.1E",2022-07-26,11,79.7,7.4,2,21900,13.1,79.7
"CB4.1E",2022-07-26,12,78.62,7.3,1.2,23000,13.8,78.62
"CB4.1E",2022-07-26,13,77.18,7.3,0.4,25100,15.3,77.18
"CB4.1E",2022-07-26,14,76.82,7.3,0.14,25900,15.8,76.82
"CB4.1E",2022-07-26,15,76.46,7.3,0.15,26200,16,76.46
"CB4.1E",2022-07-26,16,76.28,7.3,0.15,27200,16.7,76.28
"CB4.1E",2022-07-26,17,76.28,7.3,0.16,27300,16.7,76.28
"CB4.1E",2022-07-26,19,76.28,7.3,0.17,27600,17,76.28
"CB4.1E",2022-07-26,21,76.1,7.3,0.2,28100,17.3,76.1
"CB4.1C",2022-07-26,0.5,82.4,8.1,7.1,19600,11.6,82.4
"CB4.1C",2022-07-26,1,82.4,8.1,6.9,19600,11.6,82.4
"CB4.1C",2022-07-26,2,82.4,8.1,6.8,19600,11.6,82.4
"CB4.1C",2022-07-26,3,82.4,8.1,6.6,19700,11.7,82.4
"CB4.1C",2022-07-26,4,82.4,8,6.1,19700,11.7,82.4
"CB4.1C",2022-07-26,5,81.86,7.8,4.7,20100,11.9,81.86
"CB4.1C",2022-07-26,6,80.42,7.5,2.5,21000,12.5,80.42
"CB4.1C",2022-07-26,7,80.24,7.4,2.2,21000,12.5,80.24
"CB4.1C",2022-07-26,8,80.06,7.4,2.1,21000,12.5,80.06
"CB4.1C",2022-07-26,9,79.88,7.4,1.8,21200,12.7,79.88
"CB4.1C",2022-07-26,10,79.7,7.4,1.8,21600,12.9,79.7
"CB4.1C",2022-07-26,11,79.88,7.5,1.4,22200,13.3,79.88
"CB4.1C",2022-07-26,12,78.44,7.3,1.3,23900,14.5,78.44
"CB4.1C",2022-07-26,13,76.28,7.3,0.13,27000,16.3,76.28
"CB4.1C",2022-07-26,14,75.92,7.3,0.11,28000,17.2,75.92
"CB4.1C",2022-07-26,15,75.92,7.3,0.11,28400,17.5,75.92
"CB4.1C",2022-07-26,16,75.74,7.3,0.11,29300,18.1,75.74
"CB4.1C",2022-07-26,17,75.74,7.3,0.11,30000,18.6,75.74
"CB4.1C",2022-07-26,18,75.74,7.3,0.11,30400,18.9,75.74
"CB4.1C",2022-07-26,19,75.74,7.3,0.11,30900,19.2,75.74
"CB4.1C",2022-07-26,21,75.74,7.3,0.13,31400,19.6,75.74
"CB4.1C",2022-07-26,23,75.74,7.3,0.13,32100,20,75.74
"CB4.1C",2022-07-26,25,75.74,7.3,0.14,32400,20.2,75.74
"CB4.1C",2022-07-26,27,75.74,7.3,0.16,32500,20.3,75.74
"CB4.1C",2022-07-26,29,75.74,7.3,0.18,32500,20.3,75.74
"CB4.1C",2022-07-26,31,75.74,7.3,0.2,32500,20.3,75.74
"CB4.1W",2022-07-26,0.5,82.58,8.2,7.8,19100,11.3,82.58
"CB4.1W",2022-07-26,1,82.58,8.2,7.7,19100,11.3,82.58
"CB4.1W",2022-07-26,2,82.58,8.2,7.5,19100,11.3,82.58
"CB4.1W",2022-07-26,3,82.22,8,6.2,19200,11.4,82.22
"CB4.1W",2022-07-26,4,82.04,7.9,5.9,19300,11.4,82.04
"CB4.1W",2022-07-26,5,82.04,7.9,5.6,19300,11.4,82.04
"CB4.1W",2022-07-26,6,82.04,7.9,5.6,19300,11.4,82.04
"CB4.1W",2022-07-26,7,81.68,7.9,5.2,19500,11.4,81.68
"CB3.3E",2022-07-27,0.5,81.68,8,6,17900,10.6,81.68
"CB3.3E",2022-07-27,1,81.68,8,6.1,17900,10.6,81.68
"CB3.3E",2022-07-27,2,81.68,8,5.7,18000,10.6,81.68
"CB3.3E",2022-07-27,3,81.68,7.9,4.9,18600,11,81.68
"CB3.3E",2022-07-27,4,81.5,7.8,4.4,19000,11.2,81.5
"CB3.3E",2022-07-27,5,81.32,7.7,3.6,19500,11.6,81.32
"CB3.3E",2022-07-27,6,80.42,7.5,2.6,20400,12.2,80.42
"CB3.3E",2022-07-27,7,80.06,7.4,2.2,20800,12.4,80.06
"CB3.3E",2022-07-27,8,79.52,7.4,2,21600,12.9,79.52
"CB3.3C",2022-07-27,0.5,81.5,7.9,5.8,17500,10.3,81.5
"CB3.3C",2022-07-27,1,81.32,7.9,5.8,17600,10.3,81.32
"CB3.3C",2022-07-27,2,81.68,7.9,5.5,18300,10.8,81.68
"CB3.3C",2022-07-27,3,81.68,7.9,5.3,18600,11,81.68
"CB3.3C",2022-07-27,5,81.68,7.8,4.4,19200,11.4,81.68
"CB3.3C",2022-07-27,7,80.96,7.6,3,20000,11.9,80.96
"CB3.3C",2022-07-27,9,78.8,7.4,1.3,23000,13.8,78.8
"CB3.3C",2022-07-27,11,77.9,7.3,0.4,25900,15.8,77.9
"CB3.3C",2022-07-27,13,75.74,7.3,0.11,29600,18.3,75.74
"CB3.3C",2022-07-27,15,75.74,7.3,0.12,29900,18.5,75.74
"CB3.3C",2022-07-27,17,75.74,7.3,0.13,30500,18.9,75.74
"CB3.3C",2022-07-27,19,75.56,7.3,0.15,30500,18.9,75.56
"CB3.3C",2022-07-27,21,75.56,7.3,0.23,30600,19,75.56
"CB3.3W",2022-07-27,0.5,81.32,7.9,5.8,16900,9.9,81.32
"CB3.3W",2022-07-27,1,81.32,7.9,5.8,16900,9.9,81.32
"CB3.3W",2022-07-27,2,81.32,7.8,5.4,17100,10,81.32
"CB3.3W",2022-07-27,3,81.32,7.8,5.3,17300,10.2,81.32
"CB3.3W",2022-07-27,4,81.32,7.8,5.1,17300,10.2,81.32
"CB3.3W",2022-07-27,5,81.32,7.7,5,17500,10.3,81.32
"CB3.3W",2022-07-27,6,81.14,7.6,4.4,18200,10.8,81.14
"CB3.3W",2022-07-27,7,80.96,7.6,3.9,18800,11.1,80.96
"CB3.3W",2022-07-27,8,78.26,7.4,0.9,23600,14.3,78.26
"CB3.2",2022-07-27,0.5,82.58,8.1,7.1,14000,8.1,82.58
"CB3.2",2022-07-27,1,82.4,8.1,6.9,14000,8.1,82.4
"CB3.2",2022-07-27,2,82.22,7.9,6.1,14200,8.2,82.22
"CB3.2",2022-07-27,3,82.22,7.9,5.5,15200,8.8,82.22
"CB3.2",2022-07-27,4,81.86,7.9,5.5,15500,9,81.86
"CB3.2",2022-07-27,5,81.86,7.9,5.4,15700,9.1,81.86
"CB3.2",2022-07-27,6,81.86,7.9,5.3,15700,9.2,81.86
"CB3.2",2022-07-27,7,81.86,7.9,5.3,15700,9.2,81.86
"CB3.2",2022-07-27,8,81.86,7.8,5.1,15800,9.2,81.86
"CB3.2",2022-07-27,9,81.86,7.8,5,15900,9.2,81.86
"CB3.2",2022-07-27,10,81.68,7.7,4.2,16300,9.5,81.68
"CB3.1",2022-07-27,0.5,83.12,7.9,7,10300,5.8,83.12
"CB3.1",2022-07-27,1,83.12,7.9,6.9,10300,5.8,83.12
"CB3.1",2022-07-27,2,82.58,7.8,6.3,10300,5.8,82.58
"CB3.1",2022-07-27,3,82.58,7.7,5.7,10900,6.2,82.58
"CB3.1",2022-07-27,4,82.58,7.8,5.7,11200,6.3,82.58
"CB3.1",2022-07-27,5,82.58,7.8,5.4,12300,7,82.58
"CB3.1",2022-07-27,6,82.58,7.8,5.3,12700,7.2,82.58
"CB3.1",2022-07-27,7,82.58,7.8,5.1,13400,7.7,82.58
"CB3.1",2022-07-27,8,82.58,7.7,5,13800,8,82.58
"CB3.1",2022-07-27,9,82.4,7.7,4.7,14300,8.3,82.4
"CB3.1",2022-07-27,10,82.4,7.7,4.6,14400,8.3,82.4
"CB3.1",2022-07-27,11,82.4,7.7,4.4,14500,8.4,82.4
"CB3.1",2022-07-27,12,82.4,7.6,4.4,14600,8.5,82.4
"CB2.2",2022-07-27,0.5,83.3,7.6,6,6560,3.6,83.3
"CB2.2",2022-07-27,1,82.94,7.6,5.9,6670,3.6,82.94
"CB2.2",2022-07-27,2,82.94,7.6,5.8,7210,3.9,82.94
"CB2.2",2022-07-27,3,82.94,7.6,5.7,7300,4,82.94
"CB2.2",2022-07-27,4,82.94,7.6,5.7,7420,4.1,82.94
"CB2.2",2022-07-27,5,82.94,7.6,5.7,7470,4.1,82.94
"CB2.2",2022-07-27,6,82.94,7.6,5.7,7530,4.1,82.94
"CB2.2",2022-07-27,7,82.94,7.6,5.8,7590,4.2,82.94
"CB2.2",2022-07-27,8,82.94,7.6,5.8,7670,4.2,82.94
"CB2.2",2022-07-27,9,83.12,7.5,5.3,8670,4.8,83.12
"CB2.1",2022-07-27,0.5,84.74,7.7,5.9,1290,0.6,84.74
"CB2.1",2022-07-27,1,84.38,7.7,5.8,1290,0.6,84.38
"CB2.1",2022-07-27,2,83.84,7.7,5.7,1420,0.7,83.84
"CB2.1",2022-07-27,3,83.84,7.7,5.6,1490,0.7,83.84
"CB2.1",2022-07-27,4,83.66,7.7,5.7,1590,0.8,83.66
"CB1.1",2022-07-27,0.5,86.72,7.6,6.2,330,0.2,86.72
"CB1.1",2022-07-27,1,86.36,7.6,6,329,0.2,86.36
"CB1.1",2022-07-27,2,86,7.6,5.7,328,0.2,86
"CB1.1",2022-07-27,3,85.82,7.5,5.5,328,0.2,85.82
"CB1.1",2022-07-27,4,85.82,7.6,5.4,328,0.2,85.82
"CB1.1",2022-07-27,5,85.28,7.6,5.4,324,0.2,85.28
"CB5.1W",2022-07-18,0.5,80.6,8,6.9,22300,13.4,80.6
"CB5.1W",2022-07-18,1,80.42,8,6.8,22300,13.4,80.42
"CB5.1W",2022-07-18,2,80.24,8,6.6,22400,13.5,80.24
"CB5.1W",2022-07-18,3,79.52,7.9,6,22800,13.8,79.52
"CB5.1W",2022-07-18,6,78.62,7.5,3.1,23700,14.4,78.62
"CB5.1W",2022-07-18,8,76.28,7.2,0.8,27700,17,76.28
"LE1.4",2022-07-18,0.5,81.32,8,6.9,21500,12.9,81.32
"LE1.4",2022-07-18,1,81.32,8,6.8,21500,12.9,81.32
"LE1.4",2022-07-18,2,80.96,8,6.5,21600,12.9,80.96
"LE1.4",2022-07-18,3,80.78,7.9,6,21600,12.9,80.78
"LE1.4",2022-07-18,6,80.6,7.8,5.6,21600,12.9,80.6
"LE1.4",2022-07-18,9,79.52,7.6,4.2,22500,13.5,79.52
"LE1.4",2022-07-18,12,78.26,7.4,2.4,24100,14.6,78.26
"LE1.4",2022-07-18,15,78.26,7.4,2.3,24300,14.7,78.26
"LE1.3",2022-07-18,0.5,82.58,8.1,7.9,19600,11.6,82.58
"LE1.3",2022-07-18,1,82.4,8.1,7.8,19600,11.6,82.4
"LE1.3",2022-07-18,2,82.04,8.1,7.6,19600,11.6,82.04
"LE1.3",2022-07-18,3,81.86,8,6.8,20000,11.9,81.86
"LE1.3",2022-07-18,6,80.78,7.6,4.3,20900,12.5,80.78
"LE1.3",2022-07-18,6,80.42,7.6,4,21000,12.5,80.42
"LE1.3",2022-07-18,12,80.42,7.6,4,21500,12.8,80.42
"LE1.3",2022-07-18,15,80.24,7.6,3.9,21700,13,80.24
"LE1.3",2022-07-18,18,80.24,7.6,3.9,21700,13,80.24
"LE1.3",2022-07-18,21,80.06,7.6,3.8,21700,13,80.06
"LE1.3",2022-07-18,24,79.88,7.5,3.4,22000,13.2,79.88
"LE1.2",2022-07-18,0.5,82.94,8,7.4,19100,11.3,82.94
"LE1.2",2022-07-18,1,82.94,8,7.4,19100,11.3,82.94
"LE1.2",2022-07-18,2,82.58,8,7.3,19100,11.3,82.58
"LE1.2",2022-07-18,3,82.22,8,6.7,19200,11.4,82.22
"LE1.2",2022-07-18,6,80.6,7.4,2.9,20600,12.3,80.6
"LE1.2",2022-07-18,9,80.42,7.4,3.2,21000,12.5,80.42
"LE1.2",2022-07-18,12,80.06,7.5,3.3,21400,12.8,80.06
"LE1.2",2022-07-18,15,80.06,7.5,3.2,21600,12.9,80.06
"LE1.2",2022-07-18,16,79.88,7.4,3,21700,13,79.88
"LE1.1",2022-07-18,0.5,82.58,7.9,6.6,17600,10.3,82.58
"LE1.1",2022-07-18,1,82.58,7.9,6.3,17700,10.4,82.58
"LE1.1",2022-07-18,2,82.4,7.8,5.5,18400,10.8,82.4
"LE1.1",2022-07-18,3,82.22,7.6,4.4,18400,10.8,82.22
"LE1.1",2022-07-18,6,80.6,7.3,1.9,19500,11.6,80.6
"LE1.1",2022-07-18,9,80.24,7.3,1.9,20100,11.9,80.24
"LE1.1",2022-07-18,10,80.24,7.3,1.9,20200,12,80.24
"RET1.1",2022-07-18,0.5,82.94,7.4,4.7,15500,9,82.94
"RET1.1",2022-07-18,1,82.94,7.4,4.6,15500,9,82.94
"RET1.1",2022-07-18,2,82.58,7.4,4.3,15800,9.2,82.58
"RET1.1",2022-07-18,3,82.4,7.3,3,16600,9.7,82.4
"RET1.1",2022-07-18,6,81.68,7.3,1.5,17700,10.5,81.68
"RET1.1",2022-07-18,9,81.5,7.2,1.3,17900,10.6,81.5
"RET1.1",2022-07-18,10,81.5,7.2,1.3,17900,10.6,81.5
"TF1.7",2022-07-18,0.5,83.66,7.5,5.9,10300,5.8,83.66
"TF1.7",2022-07-18,1,83.66,7.4,5.4,10500,5.8,83.66
"TF1.7",2022-07-18,2,83.48,7.2,3.6,11700,6.6,83.48
"TF1.6",2022-07-18,0.5,84.02,7.3,5.6,1500,0.8,84.02
"TF1.6",2022-07-18,1,84.02,7.3,5.5,1600,0.8,84.02
"TF1.6",2022-07-18,2,83.84,7.2,5.4,1600,0.8,83.84
"TF1.6",2022-07-18,3,83.66,7.2,4.8,1900,1,83.66
"TF1.6",2022-07-18,7,83.66,7.2,4.6,2400,1.2,83.66
"TF1.5",2022-07-18,0.5,83.84,7.3,5.8,481,0.2,83.84
"TF1.5",2022-07-18,1,83.66,7.2,5.7,485,0.2,83.66
"TF1.5",2022-07-18,2,83.3,7.2,5.2,471,0.2,83.3
"TF1.5",2022-07-18,3,83.3,7.2,5,473,0.2,83.3
"TF1.5",2022-07-18,6,83.12,7.2,5,465,0.2,83.12
"TF1.5",2022-07-18,9,83.3,7.2,4.9,467,0.2,83.3
"TF1.4",2022-07-18,0,78.26,6.9,4.8,197,0.1,78.26
"TF1.3",2022-07-18,0,78.44,6.8,5.3,164,0.1,78.44
"TF1.2",2022-07-18,0,75.38,7.1,6.8,198,0.1,75.38
"TF1.0",2022-07-18,0,74.84,7.2,6.7,277,0.1,74.84
"WXT0001",2022-07-18,0,76.64,6.8,4.5,174,0.1,76.64
"BXK0031",2022-07-13,0,84.2,6.9,5.1,23300,14,84.2
"POK0087",2022-07-13,0,83.84,6.7,5.7,3470,1.8,83.84
"MNK0146",2022-07-13,0,82.76,7,5.4,13800,7.9,82.76
"XAK7810",2022-07-13,0,79.88,6.9,5.5,15600,9.1,79.88
"XAK7810",2022-07-13,1,79.88,6.9,5.4,15900,9.3,79.88
"XAK7810",2022-07-13,1.9,79.7,6.9,5.3,17300,10.1,79.7
"XGG8251",2022-07-13,0,76.82,7.3,6.6,15700,9.1,76.82
"WT1.1",2022-07-14,0.5,82.76,8.1,7.7,1180,0.6,82.76
"WT1.1",2022-07-14,1,82.22,8,7.4,1200,0.6,82.22
"WT1.1",2022-07-14,1.7,81.86,8,7.6,1320,0.6,81.86
"WT2.1",2022-07-14,0.5,82.4,7.9,7.3,2180,1.1,82.4
"WT2.1",2022-07-14,1,82.04,7.8,7,2260,1.2,82.04
"WT2.1",2022-07-14,1.5,81.14,7.5,5.8,2600,1.3,81.14
"WT3.1",2022-07-14,0.5,82.04,7.5,6.6,5020,2.7,82.04
"WT3.1",2022-07-14,1,81.86,7.5,6.6,5030,2.7,81.86
"WT3.1",2022-07-14,2,81.5,7.5,6.6,5420,2.9,81.5
"WT3.1",2022-07-14,3,81.32,7.5,6.4,5460,2.9,81.32
"WT4.1",2022-07-14,0.5,82.04,8.6,8.4,4000,2.1,82.04
"WT4.1",2022-07-14,1,81.5,8.5,7.5,4520,2.4,81.5
"WT4.1",2022-07-14,1.7,81.5,8.4,7.2,4630,2.5,81.5
"WT5.1",2022-07-12,0.5,78.8,8,8.2,11700,6.6,78.8
"WT5.1",2022-07-12,1,78.8,8,8.1,11700,6.6,78.8
"WT5.1",2022-07-12,2,78.62,7.9,7.2,12100,6.9,78.62
"WT5.1",2022-07-12,3,78.44,7.8,6.8,12200,7,78.44
"WT5.1",2022-07-12,4,78.62,7.6,6,12600,7.2,78.62
"WT5.1",2022-07-12,5,78.26,7.2,3.2,13200,7.6,78.26
"WT5.1",2022-07-12,6,77.9,7.1,1.8,14200,8.2,77.9
"WT5.1",2022-07-12,7,77.36,7.1,1.1,15300,8.9,77.36
"WT5.1",2022-07-12,8,76.28,7.1,1.3,16700,9.8,76.28
"WT5.1",2022-07-12,9,75.56,7,0.6,18200,10.7,75.56
"WT5.1",2022-07-12,10,74.84,7,0.3,19600,11.7,74.84
"WT5.1",2022-07-12,11,74.66,7,0.3,20200,12,74.66
"WT5.1",2022-07-12,12,74.3,7.1,0.2,20900,12.4,74.3
"WT5.1",2022-07-12,13,73.94,7.1,0.2,21100,12.6,73.94
"WT5.1",2022-07-12,14,73.94,7.1,0.2,21300,12.7,73.94
"WT5.1",2022-07-12,15,73.94,7.1,0.2,21400,12.7,73.94
"WT5.1",2022-07-12,15.5,73.94,7.1,0.2,21600,12.8,73.94
"WT6.1",2022-07-12,0.5,82.58,8.2,8.5,12400,7.1,82.58
"WT6.1",2022-07-12,1,81.68,8.3,8.5,12400,7.1,81.68
"WT6.1",2022-07-12,2,80.42,8,6.6,13000,7.4,80.42
"WT6.1",2022-07-12,3,79.7,7.8,5.8,13100,7.5,79.7
"WT6.1",2022-07-12,4,78.98,7.2,2.5,13400,7.7,78.98
"WT6.1",2022-07-12,4.8,78.44,7.2,0.5,13700,7.9,78.44
"WT7.1",2022-07-12,0.5,81.14,8.2,8.2,15000,8.7,81.14
"WT7.1",2022-07-12,1,80.6,8.2,7.8,15000,8.7,80.6
"WT7.1",2022-07-12,2,80.24,8.1,7.1,15100,8.8,80.24
"WT7.1",2022-07-12,3,80.06,7.9,6.1,15200,8.8,80.06
"WT7.1",2022-07-12,4,79.7,7.7,5,15400,8.9,79.7
"WT7.1",2022-07-12,5,79.7,7.4,3.7,15500,9,79.7
"WT7.1",2022-07-12,6,79.34,7.3,2.5,15700,9.1,79.34
"WT7.1",2022-07-12,7,78.8,7.1,1,16100,9.4,78.8
"WT7.1",2022-07-12,8,78.26,7.1,0.4,16300,9.6,78.26
"WT7.1",2022-07-12,9,78.26,7.1,0.4,16400,9.6,78.26
"WT8.1",2022-07-12,0.5,81.14,8,7.7,13800,7.9,81.14
"WT8.1",2022-07-12,1,80.96,7.8,6.2,14700,8.5,80.96
"WT8.1",2022-07-12,2,80.78,7.7,5.5,15500,9,80.78
"WT8.1",2022-07-12,3,80.6,7.4,3.7,15700,9.2,80.6
"WT8.1",2022-07-12,4,80.24,7.2,1.5,16200,9.5,80.24
"WT8.1",2022-07-12,5,79.7,7.1,0.3,16700,9.8,79.7
"WT8.1",2022-07-12,6,79.52,7.1,0.2,16900,9.9,79.52
"WT8.1",2022-07-12,7,79.34,7.1,0.2,17000,10,79.34
"WT8.1",2022-07-12,7.3,79.34,7.1,0.2,17000,10,79.34
"WT8.2",2022-07-12,0.5,80.96,7.7,6.5,15600,9.1,80.96
"WT8.2",2022-07-12,1,80.96,7.6,6.1,15600,9.1,80.96
"WT8.2",2022-07-12,1.7,80.78,7.3,6.4,16200,9.5,80.78
"WT8.3",2022-07-12,0.5,79.88,7.6,6.2,16500,9.6,79.88
"WT8.3",2022-07-12,1,79.88,7.6,6.1,16500,9.6,79.88
"WT8.3",2022-07-12,2,79.7,7.5,5.8,16500,9.7,79.7
"WT8.3",2022-07-12,2.6,79.7,7.4,4.5,16800,9.8,79.7
"ET1.1",2022-07-13,0.5,84.56,9.5,12.5,228,0.1,84.56
"ET1.1",2022-07-13,1,83.12,9.2,11,228,0.1,83.12
"ET1.1",2022-07-13,1.5,80.42,8.8,7.2,235,0.1,80.42
"ET2.1",2022-07-14,0.5,82.4,8,7.1,645,0.3,82.4
"ET2.1",2022-07-14,1,82.22,8,7,639,0.3,82.22
"ET2.1",2022-07-14,2,82.04,7.9,6.9,640,0.3,82.04
"ET2.1",2022-07-14,3,81.86,7.9,6.8,640,0.3,81.86
"ET2.1",2022-07-14,5,81.86,7.9,6.8,631,0.3,81.86
"ET2.1",2022-07-14,7,81.68,7.9,6.8,630,0.3,81.68
"ET2.1",2022-07-14,9,81.68,7.9,6.8,628,0.3,81.68
"ET2.1",2022-07-14,11,81.68,7.9,6.8,626,0.3,81.68
"ET2.1",2022-07-14,12.3,81.68,7.9,6.8,624,0.3,81.68
"ET2.2",2022-07-14,0.5,84.2,8.9,9.5,785,0.4,84.2
"ET2.2",2022-07-14,1,83.84,8.8,9.3,784,0.4,83.84
"ET2.2",2022-07-14,2.2,83.3,8.6,8,798,0.4,83.3
"ET2.3",2022-07-14,0.5,83.3,8.3,8.5,578,0.3,83.3
"ET2.3",2022-07-14,1,82.76,8.3,8.3,571,0.3,82.76
"ET2.3",2022-07-14,2,82.22,8.2,7.6,575,0.3,82.22
"ET2.3",2022-07-14,3,82.04,8.2,7.4,573,0.3,82.04
"ET2.3",2022-07-14,5,82.04,8.2,7.4,575,0.3,82.04
"ET2.3",2022-07-14,7,82.04,8.2,7.4,576,0.3,82.04
"ET2.3",2022-07-14,9,82.04,8.2,7.4,576,0.3,82.04
"ET2.3",2022-07-14,11,82.04,8.2,7.3,576,0.3,82.04
"ET2.3",2022-07-14,11.8,82.04,8.2,7.3,576,0.3,82.04
"ET3.1",2022-07-11,0.5,82.4,8.2,8.7,807,0.4,82.4
"ET3.1",2022-07-11,1,81.32,7.5,7.6,807,0.4,81.32
"ET3.1",2022-07-11,2,80.96,7.4,6.4,799,0.4,80.96
"ET3.1",2022-07-11,3,80.96,7.4,6.3,796,0.4,80.96
"ET3.1",2022-07-11,4,80.96,7.4,6.3,797,0.4,80.96
"ET3.1",2022-07-11,5,80.96,7.4,6.2,798,0.4,80.96
"ET3.1",2022-07-11,6,80.96,7.4,6.2,797,0.4,80.96
"ET4.1",2022-07-11,0.5,78.62,6.8,4.3,1280,0.6,78.62
"ET4.1",2022-07-11,1,78.62,6.7,4.3,1290,0.6,78.62
"ET4.1",2022-07-11,2,78.62,6.8,4.3,1300,0.6,78.62
"ET4.1",2022-07-11,3,78.44,6.7,4.2,1350,0.7,78.44
"ET4.1",2022-07-11,4,78.62,6.7,4.2,1370,0.7,78.62
"ET4.1",2022-07-11,4.8,78.44,6.7,4.3,1390,0.7,78.44
"ET4.2",2022-07-12,0.5,78.44,7.7,6.5,16100,9.4,78.44
"ET4.2",2022-07-12,1,78.44,7.7,6.4,16100,9.4,78.44
"ET4.2",2022-07-12,2,78.44,7.7,6.2,16100,9.4,78.44
"ET4.2",2022-07-12,3,78.26,7.6,5.9,16200,9.5,78.26
"ET4.2",2022-07-12,4,78.26,7.6,5.7,16300,9.5,78.26
"ET4.2",2022-07-12,5,78.08,7.6,5.2,16300,9.5,78.08
"ET4.2",2022-07-12,6,77.9,7.5,4.8,16500,9.7,77.9
"ET4.2",2022-07-12,7,77.9,7.5,4.6,16600,9.7,77.9
"ET4.2",2022-07-12,8,77.72,7.5,4.5,16600,9.8,77.72
"ET4.2",2022-07-12,9,77.72,7.5,4,16700,9.8,77.72
"ET4.2",2022-07-12,10,77.36,7.3,3,17200,10.1,77.36
"ET4.2",2022-07-12,11,76.64,7.2,1.6,17800,10.5,76.64
"ET5.1",2022-07-12,0.5,81.14,7.3,7.8,1480,0.8,81.14
"ET5.1",2022-07-12,1,81.14,7.3,7.5,1490,0.8,81.14
"ET5.1",2022-07-12,2,80.96,7.3,7.4,1500,0.8,80.96
"ET5.1",2022-07-12,3,80.96,7.3,7.3,1500,0.8,80.96
"ET5.1",2022-07-12,4,80.96,7.3,7.2,1510,0.8,80.96
"ET5.1",2022-07-12,4.8,80.96,7.3,7.1,1550,0.8,80.96
"ET5.2",2022-07-12,0.5,79.88,7.6,6.3,16400,9.6,79.88
"ET5.2",2022-07-12,1,79.88,7.5,6.3,16400,9.6,79.88
"ET5.2",2022-07-12,2,79.52,7.4,5.9,16500,9.6,79.52
"ET5.2",2022-07-12,3,79.34,7.4,5.8,16600,9.8,79.34
"ET5.2",2022-07-12,4,79.16,7.4,5.3,16900,9.9,79.16
"ET5.2",2022-07-12,5,79.16,7.3,5.1,17200,10.1,79.16
"ET5.2",2022-07-12,6,78.98,7.3,5,17300,10.2,78.98
"ET5.2",2022-07-12,7,78.98,7.3,4.9,17400,10.2,78.98
"ET5.2",2022-07-12,8,78.98,7.3,4.9,17600,10.4,78.98
"ET5.2",2022-07-12,9,78.98,7.3,4.8,17600,10.4,78.98
"ET5.2",2022-07-12,10,78.98,7.3,4.8,17600,10.4,78.98
"ET5.2",2022-07-12,10.6,78.98,7.3,4.7,17600,10.4,78.98
"ET6.1",2022-07-11,0.5,79.88,7.2,7.6,1130,0.6,79.88
"ET6.1",2022-07-11,1,79.88,7.2,7.6,1170,0.6,79.88
"ET6.1",2022-07-11,2,79.88,7.2,7.6,1230,0.6,79.88
"ET6.1",2022-07-11,3,79.88,7.2,7.6,1220,0.6,79.88
"ET6.1",2022-07-11,4,79.88,7.1,7.6,1202,0.6,79.88
"ET6.1",2022-07-11,4.5,79.7,7,7.4,1210,0.6,79.7
"ET6.2",2022-07-14,0.5,83.12,7.5,8,13200,7.6,83.12
"ET6.2",2022-07-14,1,81.68,7.3,7,13400,7.7,81.68
"ET6.2",2022-07-14,2,81.5,7.3,6.6,13600,7.9,81.5
"ET6.2",2022-07-14,3,81.5,7.3,6.5,13600,7.9,81.5
"ET6.2",2022-07-14,3.3,81.5,7.3,6.6,13600,7.8,81.5
"ET7.1",2022-07-14,0.5,83.3,7.2,6.6,13700,7.9,83.3
"ET7.1",2022-07-14,1,83.12,7.2,6.5,13700,7.9,83.12
"ET7.1",2022-07-14,2,82.76,7.2,6,14200,8.3,82.76
"ET7.1",2022-07-14,3,82.4,7.1,5.5,14200,8.2,82.4
"ET7.1",2022-07-14,4,82.22,7.1,5.4,14200,8.2,82.22
"ET7.1",2022-07-14,5,82.22,7.1,5.4,14300,8.2,82.22
"ET7.1",2022-07-14,5.4,82.22,7.1,5.4,14300,8.3,82.22
"ET8.1",2022-07-13,0.5,81.5,7.6,7.1,25100,15.2,81.5
"ET8.1",2022-07-13,1,80.6,7.6,7,25100,15.2,80.6
"ET8.1",2022-07-13,2,80.6,7.6,6.8,25100,15.2,80.6
"ET8.1",2022-07-13,3,80.6,7.6,6.8,25100,15.2,80.6
"ET8.1",2022-07-13,3.5,80.78,7.6,6.8,25100,15.2,80.78
"ET9.1",2022-07-13,0.5,81.86,7.9,8,26000,15.8,81.86
"ET9.1",2022-07-13,1,81.68,7.9,7.9,26000,15.8,81.68
"ET9.1",2022-07-13,2,80.96,7.9,7.7,26000,15.8,80.96
"ET9.1",2022-07-13,3,80.6,7.9,7.6,26000,15.8,80.6
"ET9.1",2022-07-13,4,80.6,7.9,7.4,26000,15.8,80.6
"ET9.1",2022-07-13,4.8,80.6,7.9,7.4,26000,15.8,80.6
"ET10.1",2022-07-13,0.5,80.42,6.4,4.7,143,0.1,80.42
"ET10.1",2022-07-13,1,80.24,6.4,4.7,143,0.1,80.24
"ET10.1",2022-07-13,2,80.24,6.4,4.7,143,0.1,80.24
"ET10.1",2022-07-13,3,80.24,6.4,4.7,143,0.1,80.24
"ET10.1",2022-07-13,4,80.24,6.4,4.7,144,0.1,80.24
"ET10.1",2022-07-13,5,80.24,6.4,4.7,144,0.1,80.24
"ET10.1",2022-07-13,5.8,80.24,6.4,4.7,144,0.1,80.24
"EE1.1",2022-07-12,0.5,78.62,7.9,7,19400,11.5,78.62
"EE1.1",2022-07-12,1,78.62,7.9,7,19400,11.5,78.62
"EE1.1",2022-07-12,2,78.62,7.9,6.9,19400,11.5,78.62
"EE1.1",2022-07-12,3,78.62,7.9,6.7,19400,11.5,78.62
"EE1.1",2022-07-12,4,78.62,7.8,6.4,19500,11.6,78.62
"EE1.1",2022-07-12,5,78.26,7.8,6.3,19600,11.6,78.26
"EE1.1",2022-07-12,6,78.08,7.8,6.5,19500,11.6,78.08
"EE1.1",2022-07-12,7,78.26,7.8,6.4,19600,11.6,78.26
"EE1.1",2022-07-12,8,78.08,7.8,6.5,19600,11.6,78.08
"EE1.1",2022-07-12,9,77.9,7.7,5.4,19600,11.6,77.9
"EE1.1",2022-07-12,10,77.36,7.3,2,20700,12.2,77.36
"EE1.1",2022-07-12,11,76.46,7.2,1.5,21200,12.7,76.46
"EE1.1",2022-07-12,12,75.74,7.2,1,21500,12.9,75.74
"EE2.1",2022-07-13,0.5,80.78,8,7.9,19500,11.6,80.78
"EE2.1",2022-07-13,1,80.06,8,8,19500,11.5,80.06
"EE2.1",2022-07-13,2,79.7,8,7.6,19500,11.6,79.7
"EE2.1",2022-07-13,3,79.16,7.9,7.1,19700,11.7,79.16
"EE2.1",2022-07-13,4,79.16,7.9,6.8,19900,11.8,79.16
"EE2.1",2022-07-13,5,78.98,7.8,6.1,20100,12,78.98
"EE2.1",2022-07-13,6,79.16,7.8,6.1,20200,12,79.16
"EE2.1",2022-07-13,6.8,79.16,7.8,6.1,20200,12,79.16
"EE2.2",2022-07-13,0.5,79.7,8,7.6,21300,12.7,79.7
"EE2.2",2022-07-13,1,79.52,8,7.5,21300,12.7,79.52
"EE2.2",2022-07-13,2,79.34,7.9,7.2,21300,12.7,79.34
"EE2.2",2022-07-13,3,79.34,7.9,7.2,21300,12.7,79.34
"EE2.2",2022-07-13,4,79.34,7.9,7.1,21300,12.8,79.34
"EE2.2",2022-07-13,5,79.16,7.9,7,21300,12.7,79.16
"EE2.2",2022-07-13,6,79.16,7.9,7.1,21300,12.7,79.16
"EE2.2",2022-07-13,7,79.16,7.9,7,21300,12.7,79.16
"EE2.2",2022-07-13,7.8,79.16,7.9,7,21400,12.7,79.16
"EE3.0",2022-07-13,0.5,81.68,7.8,7.3,21600,12.9,81.68
"EE3.0",2022-07-13,1,81.5,7.8,7.2,21600,13,81.5
"EE3.0",2022-07-13,2,81.5,7.8,7.1,21700,13,81.5
"EE3.0",2022-07-13,3,81.5,7.8,7.1,21700,13,81.5
"EE3.0",2022-07-13,4,81.5,7.8,7.1,21700,13,81.5
"EE3.0",2022-07-13,4.4,81.5,7.8,7,21700,13,81.5
"EE3.1",2022-07-14,0.5,81.32,8,7.6,22500,13.5,81.32
"EE3.1",2022-07-14,1,81.14,8,7.6,22500,13.5,81.14
"EE3.1",2022-07-14,2,80.6,8,7.4,22600,13.6,80.6
"EE3.1",2022-07-14,3,80.6,8,7.5,22600,13.5,80.6
"EE3.1",2022-07-14,4,80.6,8,7.6,22600,13.6,80.6
"EE3.1",2022-07-14,5,80.6,8,7.6,22700,13.7,80.6
"EE3.1",2022-07-14,6,80.6,8,7.7,22800,13.7,80.6
"EE3.1",2022-07-14,7,80.42,8,7.7,22800,13.7,80.42
"EE3.1",2022-07-14,8,80.42,8,7.7,22900,13.8,80.42
"EE3.1",2022-07-14,9,80.42,8,7.7,22900,13.8,80.42
"EE3.1",2022-07-14,10,80.24,8,7.6,22900,13.8,80.24
"EE3.1",2022-07-14,10.4,80.24,8,7.6,22900,13.8,80.24
"EE3.2",2022-07-13,0.5,79.52,7.8,7.6,26000,15.9,79.52
"EE3.2",2022-07-13,1,79.52,7.8,7.3,26100,16,79.52
"EE3.2",2022-07-13,2,79.16,7.7,6.9,26200,16,79.16
"EE3.2",2022-07-13,3,78.98,7.7,6.8,26300,16,78.98
"EE3.2",2022-07-13,5,78.98,7.7,6.6,26300,16,78.98
"EE3.2",2022-07-13,7,78.98,7.7,6.6,26300,16.1,78.98
"EE3.2",2022-07-13,9,78.98,7.6,6.5,26400,16.2,78.98
"EE3.2",2022-07-13,11,78.98,7.6,6.4,26500,16.2,78.98
"EE3.2",2022-07-13,13,78.98,7.6,6.3,26500,16.2,78.98
"EE3.2",2022-07-13,15,78.98,7.6,6.3,26500,16.2,78.98
"EE3.2",2022-07-13,17,78.98,7.6,6.3,26600,16.2,78.98
"EE3.2",2022-07-13,18,78.98,7.6,6.3,26600,16.2,78.98
"EE3.2",2022-07-13,19,78.98,7.6,6.2,26600,16.2,78.98
"EE3.2",2022-07-13,21,78.8,7.6,6.2,26600,16.2,78.8
"EE3.2",2022-07-13,23,78.8,7.6,6.2,26600,16.2,78.8
"EE3.2",2022-07-13,25,78.8,7.6,6.2,26600,16.2,78.8
"EE3.2",2022-07-13,26.4,78.8,7.6,6.2,26600,16.2,78.8
"EE3.3",2022-07-13,0.5,79.52,7.7,7.2,28000,17.2,79.52
"EE3.3",2022-07-13,1,79.52,7.7,7.1,28000,17.2,79.52
"EE3.3",2022-07-13,2,79.34,7.7,7,28000,17.2,79.34
"EE3.3",2022-07-13,3,79.34,7.7,6.9,28000,17.2,79.34
"LE2.2",2022-07-11,0.5,78.26,7.8,6.7,18300,10.8,78.26
"LE2.2",2022-07-11,1,78.08,7.8,6.7,18300,10.8,78.08
"LE2.2",2022-07-11,2,77.9,7.8,6.6,18400,10.8,77.9
"LE2.2",2022-07-11,3,77.72,7.8,6.4,18400,10.9,77.72
"LE2.2",2022-07-11,4,77.72,7.8,6.4,18400,10.9,77.72
"LE2.2",2022-07-11,5,77.54,7.8,6.2,18400,10.9,77.54
"LE2.2",2022-07-11,6,77.54,7.8,6.1,18600,10.9,77.54
"LE2.2",2022-07-11,7,77.72,7.8,6.3,18500,10.9,77.72
"LE2.2",2022-07-11,8,77,7.5,3.8,20100,12,77
"LE2.2",2022-07-11,9,76.64,7.3,2.2,21300,12.8,76.64
"LE2.2",2022-07-11,10,75.56,7.2,0.6,22600,13.7,75.56
"LE2.2",2022-07-11,10.7,75.56,7.2,0.1,22800,13.7,75.56
"CCM0069",2022-07-11,0,77.18,7.5,8.1,4904,2.6,77.18
"TRQ0088",2022-07-11,0,76.28,6.9,4.9,17046,10,76.28
"TRQ0146",2022-07-11,0,74.66,8.1,9.6,8210,4.6,74.66
"XDJ9007",2022-07-11,0,79.52,7.3,7,4182,2.2,79.52
"WIW0141",2022-07-11,0,80.24,7.2,7.2,2620,1.4,80.24
"XCI4078",2022-07-14,0.5,82.04,7.7,7.4,19800,11.7,82.04
"XCI4078",2022-07-14,1,81.68,7.7,7.2,20200,12,81.68
"XCI4078",2022-07-14,1.4,81.68,7.7,7.1,20200,12,81.68
"RET2.4",2022-07-11,0.5,78.8,7.5,5,11800,6.7,78.8
"RET2.4",2022-07-11,1,78.8,7.5,4.8,11900,6.8,78.8
"RET2.4",2022-07-11,2,78.8,7.5,4.7,12000,6.9,78.8
"RET2.4",2022-07-11,3,78.8,7.5,4.7,12200,6.9,78.8
"RET2.4",2022-07-11,4,78.8,7.5,4.7,12200,7,78.8
"RET2.4",2022-07-11,5,78.8,7.5,4.6,12500,7.1,78.8
"RET2.4",2022-07-11,6,78.8,7.5,4.5,12700,7.3,78.8
"RET2.4",2022-07-11,7,78.8,7.5,4.4,12900,7.4,78.8
"RET2.4",2022-07-11,8,78.8,7.5,4.4,13000,7.5,78.8
"RET2.4",2022-07-11,9,78.8,7.5,4.4,13100,7.6,78.8
"RET2.4",2022-07-11,10,78.8,7.5,4.3,13300,7.7,78.8
"RET2.4",2022-07-11,11,78.8,7.4,4.3,13400,7.7,78.8
"RET2.4",2022-07-11,12,78.8,7.4,4.2,13500,7.8,78.8
"RET2.2",2022-07-11,0.5,80.42,7.5,6,4280,2.3,80.42
"RET2.2",2022-07-11,2.3,80.24,7.5,5.8,4550,2.5,80.24
"RET2.2",2022-07-11,4.6,80.24,7.5,5.7,4620,2.6,80.24
"RET2.2",2022-07-11,6.9,80.24,7.5,5.7,4650,2.5,80.24
"RET2.2",2022-07-11,8.8,80.24,7.5,5.7,4660,2.6,80.24
"RET2.1",2022-07-11,0.5,80.96,7.7,6.6,1480,0.8,80.96
"RET2.1",2022-07-11,4.6,80.6,7.7,6.5,1500,0.8,80.6
"RET2.1",2022-07-11,5.3,80.6,7.7,6.4,1500,0.8,80.6
"TF2.4",2022-07-11,0.5,80.6,7.8,7.1,313,0.2,80.6
"TF2.4",2022-07-11,4.6,80.6,7.7,6.6,309,0.2,80.6
"TF2.4",2022-07-11,7,80.6,7.7,6.6,308,0.2,80.6
"MAT0016",2022-07-11,0.5,81.32,8.8,9.3,247,0.1,81.32
"MAT0016",2022-07-11,1,80.6,8.6,8.4,237,0.1,80.6
"MAT0016",2022-07-11,2,80.42,8.6,8.3,229,0.1,80.42
"MAT0016",2022-07-11,3,80.42,8.6,8.2,229,0.1,80.42
"MAT0016",2022-07-11,3.5,80.24,8.6,8.2,228,0.1,80.24
"TF2.3",2022-07-11,0.5,81.5,7.7,6.4,352,0.2,81.5
"TF2.3",2022-07-11,2.3,81.5,7.6,6.3,352,0.2,81.5
"TF2.3",2022-07-11,4.6,81.32,7.6,6.1,351,0.2,81.32
"TF2.3",2022-07-11,6.9,81.14,7.6,6,351,0.2,81.14
"TF2.3",2022-07-11,9.1,81.14,7.6,6,351,0.2,81.14
"TF2.3",2022-07-11,11.3,81.14,7.6,6,350,0.2,81.14
"TF2.2",2022-07-11,0.5,81.68,7.5,5.9,330,0.2,81.68
"TF2.2",2022-07-11,4.6,80.6,7.5,5.6,330,0.2,80.6
"TF2.2",2022-07-11,6,80.6,7.5,5.6,330,0.2,80.6
"TF2.1",2022-07-11,0.5,80.78,7.5,6.1,325,0.2,80.78
"TF2.1",2022-07-11,4.6,80.6,7.5,6,325,0.2,80.6
"TF2.1",2022-07-11,9.1,80.06,7.5,5.6,325,0.2,80.06
"TF2.1",2022-07-11,13.7,79.88,7.5,5.4,324,0.2,79.88
"TF2.1",2022-07-11,16.4,79.88,7.5,5.4,324,0.2,79.88
"XFB1986",2022-07-11,0.5,81.32,8.1,9,303,0.2,81.32
"PIS0033",2022-07-11,0,71.6,7,7.1,203,0.1,71.6
"MAT0078",2022-07-11,0,70.88,6.8,7.7,123,0.1,70.88
"ANA0082",2022-07-06,0,78.44,7.2,6.3,351,0.2,78.44
"RCM0111",2022-07-06,0,75.2,7.4,7.7,334,0.2,75.2
"POT1184",2022-07-06,0,81.86,8,7.2,359,0.2,81.86
"CJB0005",2022-07-06,0,73.76,7.8,8.5,452,0.2,73.76
"SEN0008",2022-07-06,0,76.82,8,9.3,460,0.2,76.82
"POT1471",2022-07-06,0,80.78,8,7.8,410,0.2,80.78
"POT1472",2022-07-06,NA,NA,NA,NA,NA,NA,NA
"MON0020",2022-07-06,0,78.8,8.2,9.7,435,0.2,78.8
"POT1595",2022-07-06,0,79.88,7.8,7.3,366,0.2,79.88
"POT1596",2022-07-06,0,78.98,7.7,6.4,308,0.2,78.98
"CB5.4",2022-07-27,1,83.3342,8.24,7.53,24167,14.59,83.3342
"CB5.4",2022-07-27,2,83.0228,8.24,7.46,24312,14.69,83.0228
"CB5.4",2022-07-27,3,82.7708,8.23,7.28,24422,14.77,82.7708
"CB5.4",2022-07-27,4,82.6628,8.21,7,24725,14.97,82.6628
"CB5.4",2022-07-27,5,82.796,8.17,6.49,25885,15.74,82.796
"CB5.4",2022-07-27,6,82.805,8.14,6.2,26656,16.26,82.805
"CB5.4",2022-07-27,7,82.7816,8.09,5.79,27394,16.75,82.7816
"CB5.4",2022-07-27,8,82.0112,7.83,3.52,28827,17.72,82.0112
"CB5.4",2022-07-27,9,81.4406,7.75,2.88,29571,18.23,81.4406
"CB5.4",2022-07-27,10,80.7584,7.59,1.96,30111,18.61,80.7584
"CB5.4",2022-07-27,11,80.159,7.55,1.7,31014,19.23,80.159
"CB5.4",2022-07-27,12,79.916,7.53,1.54,31587,19.62,79.916
"CB5.4",2022-07-27,13,79.3544,7.48,1.19,32701,20.4,79.3544
"CB5.4",2022-07-27,14,79.0376,7.48,1.17,33074,20.66,79.0376
"CB5.4",2022-07-27,15,79.016,7.48,1.16,33090,20.67,79.016
"CB5.4",2022-07-27,16,78.9908,7.48,1.15,33100,20.67,78.9908
"CB5.4",2022-07-27,17,78.728,7.45,0.93,33530,20.97,78.728
"CB5.4",2022-07-27,18,78.7568,7.44,0.88,33677,21.07,78.7568
"CB5.4",2022-07-27,19,78.4508,7.43,0.84,33879,21.22,78.4508
"CB5.4",2022-07-27,20,77.99,7.43,0.83,34305,21.52,77.99
"CB5.4",2022-07-27,21,77.8442,7.43,0.83,34492,21.65,77.8442
"CB5.4",2022-07-27,22,77.7002,7.42,0.83,34732,21.82,77.7002
"CB5.4",2022-07-27,23,77.6138,7.42,0.84,34833,21.89,77.6138
"CB5.4",2022-07-27,24,77.5472,7.42,0.85,34901,21.93,77.5472
"CB5.4",2022-07-27,25,77.4266,7.42,0.85,35028,22.02,77.4266
"CB5.4",2022-07-27,26,77.3672,7.42,0.84,35104,22.08,77.3672
"CB5.4",2022-07-27,27,77.3348,7.42,0.85,35148,22.11,77.3348
"CB5.4",2022-07-27,28,77.3078,7.42,0.85,35181,22.13,77.3078
"CB5.4",2022-07-27,29,77.2844,7.42,0.85,35202,22.14,77.2844
"CB5.4",2022-07-27,30,77.27,7.42,0.86,35214,22.15,77.27
"CB5.4",2022-07-27,31,77.27,7.42,0.89,35217,22.15,77.27
"CB5.5",2022-07-27,1,83.8598,8.27,7.75,26097,15.87,83.8598
"CB5.5",2022-07-27,2,82.796,8.25,7.58,26772,16.33,82.796
"CB5.5",2022-07-27,3,82.6772,8.18,6.86,27480,16.81,82.6772
"CB5.5",2022-07-27,4,82.3874,8.11,6.41,27672,16.94,82.3874
"CB5.5",2022-07-27,5,82.3892,8.1,6.18,27762,17,82.3892
"CB5.5",2022-07-27,6,82.5116,8.09,5.99,27959,17.13,82.5116
"CB5.5",2022-07-27,7,82.5818,8.09,5.78,28165,17.27,82.5818
"CB5.5",2022-07-27,8,82.373,8.01,5.1,28756,17.67,82.373
"CB5.5",2022-07-27,9,81.473,7.86,4.2,29616,18.26,81.473
"CB5.5",2022-07-27,10,80.9438,7.74,3.25,30441,18.83,80.9438
"CB5.5",2022-07-27,11,80.1968,7.56,1.95,31547,19.59,80.1968
"CB5.5",2022-07-27,12,80.0006,7.51,1.56,31786,19.76,80.0006
"CB5.5",2022-07-27,13,79.7882,7.48,1.34,32115,19.99,79.7882
"CB5.5",2022-07-27,14,79.5308,7.46,1.13,32608,20.33,79.5308
"CB5.5",2022-07-27,15,79.1204,7.42,0.89,33210,20.75,79.1204
"CB6.1",2022-07-27,1,82.9166,8.17,7.2,28636,17.59,82.9166
"CB6.1",2022-07-27,2,82.7618,8.19,7.19,28685,17.62,82.7618
"CB6.1",2022-07-27,3,82.2794,8.18,6.96,28680,17.62,82.2794
"CB6.1",2022-07-27,4,82.1462,8.15,6.63,28676,17.62,82.1462
"CB6.1",2022-07-27,5,82.022,8.11,6.19,28751,17.67,82.022
"CB6.1",2022-07-27,6,81.9014,8.07,5.78,28986,17.83,81.9014
"CB6.1",2022-07-27,7,81.6116,7.98,4.73,30372,18.78,81.6116
"CB6.1",2022-07-27,8,79.3688,7.54,1.42,34637,21.73,79.3688
"CB6.1",2022-07-27,9,79.2986,7.53,1.36,34752,21.81,79.2986
"CB6.1",2022-07-27,10,79.2842,7.53,1.37,34773,21.83,79.2842
"CB6.1",2022-07-27,11,79.2842,7.53,1.39,34775,21.83,79.2842
"CB6.2",2022-07-27,1,82.5242,8.24,7.13,29035,17.86,82.5242
"CB6.2",2022-07-27,2,82.5386,8.27,7.11,29028,17.86,82.5386
"CB6.2",2022-07-27,3,82.1534,8.23,6.79,29106,17.91,82.1534
"CB6.2",2022-07-27,4,81.8636,8.17,6.41,29385,18.1,81.8636
"CB6.2",2022-07-27,5,81.2156,7.95,5.14,30929,19.16,81.2156
"CB6.2",2022-07-27,6,80.8952,7.87,4.53,31683,19.68,80.8952
"CB6.2",2022-07-27,7,80.5568,7.74,3.29,33553,20.97,80.5568
"CB6.2",2022-07-27,8,80.0438,7.65,2.51,35487,22.32,80.0438
"CB6.2",2022-07-27,9,79.3184,7.62,2.42,37316,23.6,79.3184
"CB6.3",2022-07-27,1,81.5198,7.94,6.35,30301,18.73,81.5198
"CB6.3",2022-07-27,2,81.356,7.98,6.07,30397,18.8,81.356
"CB6.3",2022-07-27,3,81.167,7.92,5.66,30936,19.17,81.167
"CB6.3",2022-07-27,4,81.1328,7.9,5.39,31246,19.38,81.1328
"CB6.3",2022-07-27,5,81.0932,7.87,5.08,31710,19.7,81.0932
"CB6.3",2022-07-27,6,81.0644,7.85,4.84,33046,20.61,81.0644
"CB6.3",2022-07-27,7,80.8142,7.76,3.97,34022,21.29,80.8142
"CB6.3",2022-07-27,8,80.4128,7.67,3.21,34950,21.94,80.4128
"CB6.3",2022-07-27,9,79.0106,7.66,2.99,38320,24.31,79.0106
"LE3.6",2022-07-27,1,84.281,8.36,8.75,27614,16.88,84.281
"LE3.6",2022-07-27,2,83.7842,8.37,9.42,27673,16.93,83.7842
"LE3.6",2022-07-27,3,83.165,8.32,8.58,27797,17.02,83.165
"LE3.6",2022-07-27,4,82.3748,8.23,7.26,27817,17.04,82.3748
"LE3.6",2022-07-27,5,81.7502,7.99,5.21,28983,17.83,81.7502
"LE3.6",2022-07-27,6,81.1256,7.77,3.54,30366,18.78,81.1256
"LE3.6",2022-07-27,7,81.023,7.74,3.37,30494,18.87,81.023
"LE3.6",2022-07-27,8,80.8718,7.72,3.18,30777,19.06,80.8718
"LE3.7",2022-07-27,1,84.7976,8.3,8.59,28292,17.33,84.7976
"LE3.7",2022-07-27,2,83.0948,8.37,9.42,28281,17.35,83.0948
"LE3.7",2022-07-27,3,82.9346,8.33,8.76,28329,17.38,82.9346
"LE3.7",2022-07-27,4,82.0796,7.92,5.07,29078,17.89,82.0796
"LE3.7",2022-07-27,5,81.725,7.76,3.65,29651,18.29,81.725
"LE3.7",2022-07-27,6,81.0428,7.5,1.92,30496,18.87,81.0428
"CB6.4",2022-07-28,1,83.282,8.24,9.18,33707,21.04,83.282
"CB6.4",2022-07-28,2,81.7268,8.23,8.79,33771,21.11,81.7268
"CB6.4",2022-07-28,3,81.6044,8.2,8,33892,21.19,81.6044
"CB6.4",2022-07-28,4,81.419,8.15,7.3,34120,21.35,81.419
"CB6.4",2022-07-28,5,79.97,8.01,5.75,36645,23.13,79.97
"CB6.4",2022-07-28,6,77.918,7.83,3.94,39665,25.27,77.918
"CB6.4",2022-07-28,7,74.8742,7.81,3.89,42991,27.67,74.8742
"CB6.4",2022-07-28,8,71.8844,7.86,4.71,45461,29.48,71.8844
"CB7.1",2022-07-28,1,84.2864,8.19,7.17,29139,17.91,84.2864
"CB7.1",2022-07-28,2,84.1226,8.2,7.42,29114,17.9,84.1226
"CB7.1",2022-07-28,3,83.4746,8.18,6.81,29244,17.99,83.4746
"CB7.1",2022-07-28,4,83.0948,8.26,6.99,29615,18.25,83.0948
"CB7.1",2022-07-28,5,82.9112,8.23,6.7,29710,18.31,82.9112
"CB7.1",2022-07-28,6,82.8914,8.23,6.69,29729,18.33,82.8914
"CB7.1",2022-07-28,7,82.7726,8.23,6.68,29835,18.4,82.7726
"CB7.1",2022-07-28,8,82.6934,8.22,6.54,29855,18.41,82.6934
"CB7.1",2022-07-28,9,82.679,8.21,6.41,29894,18.44,82.679
"CB7.1",2022-07-28,10,82.6052,8.18,6.06,29950,18.48,82.6052
"CB7.1",2022-07-28,11,82.5476,8.18,6.07,29947,18.48,82.5476
"CB7.1",2022-07-28,12,82.5044,8.19,6.11,29940,18.47,82.5044
"CB7.1",2022-07-28,13,82.5008,8.18,6.09,29941,18.47,82.5008
"CB7.1",2022-07-28,14,82.4792,8.18,5.98,29981,18.5,82.4792
"CB7.1",2022-07-28,15,82.454,8.15,5.68,30086,18.57,82.454
"CB7.1",2022-07-28,16,82.3748,8.13,5.5,30190,18.64,82.3748
"CB7.1",2022-07-28,17,82.3208,8.13,5.45,30262,18.69,82.3208
"CB7.1N",2022-07-28,1,83.7086,8.17,7.04,27235,16.63,83.7086
"CB7.1N",2022-07-28,2,83.7536,8.25,7.45,26422,16.09,83.7536
"CB7.1N",2022-07-28,3,83.5448,8.24,7.45,26530,16.16,83.5448
"CB7.1N",2022-07-28,4,83.6096,8.24,7.42,26593,16.21,83.6096
"CB7.1N",2022-07-28,5,83.8562,8.22,7.36,26804,16.34,83.8562
"CB7.1N",2022-07-28,6,84.047,8.21,7.31,26777,16.32,84.047
"CB7.1N",2022-07-28,7,84.02,8.16,7.15,27177,16.59,84.02
"CB7.1N",2022-07-28,8,83.318,8.1,6.46,27289,16.67,83.318
"CB7.1N",2022-07-28,9,83.0192,8.05,6.01,27434,16.77,83.0192
"CB7.1N",2022-07-28,10,83.0228,8.05,6.01,27462,16.79,83.0228
"CB7.1N",2022-07-28,11,83.0336,8.06,6.04,27476,16.8,83.0336
"CB7.1N",2022-07-28,12,83.0318,8.05,6.02,27490,16.81,83.0318
"CB7.1N",2022-07-28,13,83.0426,8.06,6.04,27513,16.83,83.0426
"CB7.1N",2022-07-28,14,83.0606,8.07,6.18,27581,16.87,83.0606
"CB7.1N",2022-07-28,15,83.066,8.07,6.21,27574,16.87,83.066
"CB7.1N",2022-07-28,16,83.0534,8.06,6.1,27524,16.83,83.0534
"CB7.1N",2022-07-28,17,83.0642,8.06,6.11,27560,16.86,83.0642
"CB7.1N",2022-07-28,18,83.0624,8.06,6.09,27561,16.86,83.0624
"CB7.1N",2022-07-28,19,83.0588,8.07,6.07,27555,16.85,83.0588
"CB7.1N",2022-07-28,20,83.0696,8.06,6.07,27636,16.91,83.0696
"CB7.1N",2022-07-28,21,83.0696,8.05,5.97,27663,16.93,83.0696
"CB7.1N",2022-07-28,22,83.102,8.03,5.76,27812,17.03,83.102
"CB7.1S",2022-07-28,1,83.147,8.26,7.38,30692,18.98,83.147
"CB7.1S",2022-07-28,2,83.4026,8.31,8.02,30003,18.51,83.4026
"CB7.1S",2022-07-28,3,83.3324,8.3,7.92,30102,18.57,83.3324
"CB7.1S",2022-07-28,4,83.0336,8.24,7.25,30884,19.11,83.0336
"CB7.1S",2022-07-28,5,82.7798,8.21,6.89,31368,19.44,82.7798
"CB7.1S",2022-07-28,6,82.1318,8.09,5.97,32998,20.57,82.1318
"CB7.1S",2022-07-28,7,81.9554,8.06,5.71,33561,20.96,81.9554
"CB7.1S",2022-07-28,8,81.7214,8.02,5.31,34229,21.42,81.7214
"CB7.1S",2022-07-28,9,81.2372,7.95,4.73,34962,21.94,81.2372
"CB7.1S",2022-07-28,10,80.8988,7.89,4.17,35582,22.37,80.8988
"CB7.1S",2022-07-28,11,80.5352,7.82,3.5,36249,22.84,80.5352
"CB7.1S",2022-07-28,12,80.4308,7.8,3.36,36467,22.99,80.4308
"CB7.1S",2022-07-28,13,80.3408,7.79,3.26,36639,23.12,80.3408
"CB7.1S",2022-07-28,14,80.3858,7.79,3.32,36530,23.04,80.3858
"CB7.1S",2022-07-28,15,80.3894,7.79,3.28,36506,23.02,80.3894
"CB7.1S",2022-07-28,16,80.2724,7.76,3.08,36690,23.15,80.2724
"CB7.2",2022-07-28,1,83.8292,8.29,8.1,30452,18.81,83.8292
"CB7.2",2022-07-28,2,82.3082,8.26,8.12,31059,19.24,82.3082
"CB7.2",2022-07-28,3,81.9842,8.21,7.72,31832,19.77,81.9842
"CB7.2",2022-07-28,4,82.0346,8.19,7.13,33282,20.77,82.0346
"CB7.2",2022-07-28,5,81.2966,8.12,6.59,34932,21.92,81.2966
"CB7.2",2022-07-28,6,80.8178,8.05,5.86,36515,23.02,80.8178
"CB7.2",2022-07-28,7,80.06,8.05,5.95,37049,23.41,80.06
"CB7.2",2022-07-28,8,79.2554,7.98,5.34,38173,24.2,79.2554
"CB7.2",2022-07-28,9,78.8252,7.96,5.15,38825,24.67,78.8252
"CB7.2",2022-07-28,10,78.5624,7.96,5.16,39171,24.92,78.5624
"CB7.2",2022-07-28,11,78.4436,7.96,5.1,39353,25.05,78.4436
"CB7.2",2022-07-28,12,77.9198,7.94,4.93,40133,25.6,77.9198
"CB7.2",2022-07-28,13,77.36,7.92,4.79,40700,26.01,77.36
"CB7.2",2022-07-28,14,76.3178,7.89,4.58,41826,26.82,76.3178
"CB7.2",2022-07-28,15,76.082,7.88,4.47,42172,27.07,76.082
"CB7.2",2022-07-28,16,75.9092,7.89,4.57,42256,27.14,75.9092
"CB7.2",2022-07-28,17,75.803,7.89,4.6,42325,27.19,75.803
"CB7.2",2022-07-28,18,75.7256,7.88,4.54,42414,27.25,75.7256
"CB7.2",2022-07-28,19,75.7256,7.88,4.54,42422,27.25,75.7256
"CB7.2",2022-07-28,20,75.7292,7.88,4.56,42429,27.26,75.7292
"CB7.2E",2022-07-28,1,83.9624,8.26,7.38,32773,20.39,83.9624
"CB7.2E",2022-07-28,2,83.4584,8.25,7.48,32755,20.39,83.4584
"CB7.2E",2022-07-28,3,83.1164,8.26,7.48,32758,20.39,83.1164
"CB7.2E",2022-07-28,4,82.7114,8.24,7.24,32748,20.39,82.7114
"CB7.2E",2022-07-28,5,82.3388,8.19,6.61,32921,20.51,82.3388
"CB7.2E",2022-07-28,6,82.2344,8.17,6.37,33039,20.6,82.2344
"CB7.2E",2022-07-28,7,81.9608,8.08,5.47,33800,21.12,81.9608
"CB7.2E",2022-07-28,8,80.834,7.99,4.84,36565,23.06,80.834
"CB7.2E",2022-07-28,9,80.4056,7.9,4,37129,23.46,80.4056
"CB7.2E",2022-07-28,10,79.6964,7.83,3.43,38277,24.27,79.6964
"CB7.2E",2022-07-28,11,79.52,7.85,3.68,38580,24.49,79.52
"CB7.2E",2022-07-28,12,79.4948,7.86,3.74,38631,24.52,79.4948
"CB7.3",2022-07-28,1,84.1568,8.2,8,35491,22.27,84.1568
"CB7.3",2022-07-28,2,82.4828,8.19,8.02,35893,22.57,82.4828
"CB7.3",2022-07-28,3,79.1816,8.16,7.63,38976,24.77,79.1816
"CB7.3",2022-07-28,4,78.746,8.15,7.63,39377,25.06,78.746
"CB7.3",2022-07-28,5,75.6032,8.13,7.71,42376,27.23,75.6032
"CB7.3",2022-07-28,6,72.8294,8.11,7.63,44537,28.8,72.8294
"CB7.3",2022-07-28,7,71.0996,8.1,7.66,45911,29.81,71.0996
"CB7.3",2022-07-28,8,69.9152,8.08,7.57,46722,30.4,69.9152
"CB7.3",2022-07-28,9,68.8298,8.09,7.64,47444,30.93,68.8298
"CB7.3",2022-07-28,10,68.7866,8.09,7.61,47475,30.96,68.7866
"CB7.3",2022-07-28,11,68.1386,8.07,7.43,47960,31.31,68.1386
"CB7.3",2022-07-28,12,67.6796,8.06,7.32,48298,31.56,67.6796
"CB7.3E",2022-07-28,1,81.2336,8.11,6.43,36246,22.83,81.2336
"CB7.3E",2022-07-28,2,81.2912,8.11,6.47,36172,22.78,81.2912
"CB7.3E",2022-07-28,3,80.9582,8.11,6.5,36828,23.24,80.9582
"CB7.3E",2022-07-28,4,77.747,8.05,6.25,40188,25.65,77.747
"CB7.3E",2022-07-28,5,77.1116,8.05,6.31,40678,26,77.1116
"CB7.3E",2022-07-28,6,76.757,8.04,6.23,41028,26.25,76.757
"CB7.3E",2022-07-28,7,76.4456,8,5.71,41462,26.57,76.4456
"CB7.3E",2022-07-28,8,75.902,7.97,5.52,42032,26.98,75.902
"CB7.3E",2022-07-28,9,75.5852,7.97,5.56,42255,27.14,75.5852
"CB7.3E",2022-07-28,10,75.3836,7.97,5.56,42375,27.23,75.3836
"CB7.3E",2022-07-28,11,75.1568,7.97,5.55,42517,27.33,75.1568
"CB7.3E",2022-07-28,12,74.948,7.97,5.56,42668,27.44,74.948
"CB7.3E",2022-07-28,13,74.7662,7.97,5.53,42808,27.54,74.7662
"CB7.3E",2022-07-28,14,74.2064,7.96,5.59,43290,27.89,74.2064
"CB7.3E",2022-07-28,15,73.6646,7.98,5.81,43675,28.17,73.6646
"CB7.3E",2022-07-28,16,73.3298,7.98,5.76,43929,28.36,73.3298
"CB8.1",2022-07-28,1,83.3612,8.21,8.3,36015,22.64,83.3612
"CB8.1",2022-07-28,2,83.0894,8.21,8.29,36016,22.65,83.0894
"CB8.1",2022-07-28,3,78.9296,8.13,8.1,39982,25.49,78.9296
"CB8.1",2022-07-28,4,78.4976,8.12,7.98,40230,25.67,78.4976
"CB8.1",2022-07-28,5,74.9732,8.05,7.12,42399,27.25,74.9732
"CB8.1",2022-07-28,6,71.366,8.05,7.2,45514,29.52,71.366
"CB8.1",2022-07-28,7,68.0486,8.06,7.26,47902,31.27,68.0486
"CB8.1",2022-07-28,8,66.9056,8.05,7.2,48652,31.82,66.9056
"EE3.4",2022-07-28,1,83.7392,8.07,6.94,28562,17.53,83.7392
"EE3.4",2022-07-28,2,83.4836,8.02,6.69,28612,17.56,83.4836
"EE3.4",2022-07-28,3,83.4116,8,6.52,28635,17.58,83.4116
"EE3.4",2022-07-28,4,83.3756,7.99,6.48,28647,17.59,83.3756
"EE3.5",2022-07-28,1,83.9192,8.11,6.85,28613,17.56,83.9192
"EE3.5",2022-07-28,2,83.7842,8.05,6.63,28655,17.59,83.7842
"EE3.5",2022-07-28,3,83.7212,8.04,6.57,28657,17.59,83.7212
"EE3.5",2022-07-28,4,83.6294,8.04,6.48,28658,17.59,83.6294
"EE3.5",2022-07-28,5,83.4998,8.02,6.28,28646,17.59,83.4998
"EE3.5",2022-07-28,6,83.507,8.01,6.25,28645,17.59,83.507
"EE3.5",2022-07-28,7,83.4908,8.01,6.23,28645,17.59,83.4908
"EE3.5",2022-07-28,8,83.4782,8.01,6.22,28644,17.58,83.4782
"EE3.5",2022-07-28,9,83.4818,8.01,6.19,28646,17.59,83.4818
"EE3.5",2022-07-28,10,83.471,8.01,6.16,28650,17.59,83.471
"EE3.5",2022-07-28,11,83.4674,8.01,6.13,28655,17.59,83.4674
"EE3.5",2022-07-28,12,83.4638,8,6.1,28662,17.6,83.4638
"EE3.5",2022-07-28,13,83.4656,8,6.07,28678,17.61,83.4656
"EE3.5",2022-07-28,14,83.4638,8,6.04,28679,17.61,83.4638
"EE3.5",2022-07-28,15,83.471,7.99,5.98,28709,17.63,83.471
"EE3.5",2022-07-28,16,83.471,7.99,5.96,28711,17.63,83.471
"EE3.5",2022-07-28,17,83.489,7.99,5.91,28750,17.65,83.489
"EE3.5",2022-07-28,18,83.5142,7.98,5.89,28785,17.68,83.5142
"EE3.5",2022-07-28,19,83.5106,7.98,5.87,28790,17.68,83.5106
"EE3.5",2022-07-28,20,83.4638,7.98,5.83,28781,17.68,83.4638
"EE3.5",2022-07-28,21,83.4224,7.98,5.8,28771,17.67,83.4224
"EE3.5",2022-07-28,22,83.381,7.98,5.77,28762,17.66,83.381
"EE3.5",2022-07-28,23,83.2316,7.98,5.74,28710,17.63,83.2316
"EE3.5",2022-07-28,24,83.156,7.99,5.74,28690,17.62,83.156
"EE3.5",2022-07-28,25,83.1272,7.99,5.73,28678,17.61,83.1272
"EE3.5",2022-07-28,26,83.0966,7.99,5.72,28670,17.6,83.0966
"EE3.5",2022-07-28,27,83.0858,7.99,5.73,28671,17.6,83.0858
"CB7.4",2022-07-29,1,72.0428,8.12,7.73,44946,29.11,72.0428
"CB7.4",2022-07-29,2,68.5526,8.11,8.02,47235,30.78,68.5526
"CB7.4",2022-07-29,3,67.3106,8.11,8.04,48050,31.38,67.3106
"CB7.4",2022-07-29,4,66.8822,8.11,8.02,48270,31.54,66.8822
"CB7.4",2022-07-29,5,66.6356,8.11,8.01,48430,31.66,66.6356
"CB7.4",2022-07-29,6,66.5006,8.11,7.97,48566,31.76,66.5006
"CB7.4",2022-07-29,7,66.002,8.1,7.9,48915,32.01,66.002
"CB7.4",2022-07-29,8,64.9706,8.09,7.79,49701,32.59,64.9706
"CB7.4",2022-07-29,9,64.7618,8.09,7.78,49784,32.65,64.7618
"CB7.4",2022-07-29,10,64.7528,8.09,7.77,49781,32.64,64.7528
"CB7.4",2022-07-29,11,64.4522,8.09,7.78,49940,32.76,64.4522
"CB7.4",2022-07-29,12,63.86,8.09,7.8,50178,32.93,63.86
"CB7.4",2022-07-29,13,63.6854,8.09,7.76,50316,33.03,63.6854
"CB7.4N",2022-07-29,1,67.604,8.14,7.9,47798,31.2,67.604
"CB7.4N",2022-07-29,2,66.9902,8.12,8.02,48036,31.37,66.9902
"CB7.4N",2022-07-29,3,66.8642,8.12,8.02,48069,31.4,66.8642
"CB7.4N",2022-07-29,4,67.0586,8.12,8.01,48109,31.42,67.0586
"CB7.4N",2022-07-29,5,66.848,8.12,8,48121,31.43,66.848
"CB7.4N",2022-07-29,6,66.8156,8.12,8,48148,31.45,66.8156
"CB7.4N",2022-07-29,7,66.8192,8.12,7.98,48167,31.47,66.8192
"CB7.4N",2022-07-29,8,66.8534,8.12,7.97,48190,31.48,66.8534
"CB7.4N",2022-07-29,9,66.812,8.12,7.95,48255,31.53,66.812
"CB7.4N",2022-07-29,10,66.4592,8.12,7.93,48500,31.71,66.4592
"CB8.1E",2022-07-29,1,80.339,8.13,7.44,39514,25.14,80.339
"CB8.1E",2022-07-29,2,80.2544,8.12,7.49,39593,25.19,80.2544
"CB8.1E",2022-07-29,3,74.984,8.13,7.72,43194,27.82,74.984
"CB8.1E",2022-07-29,4,72.3776,8.11,7.83,45049,29.18,72.3776
"CB8.1E",2022-07-29,5,69.3662,8.1,7.85,47057,30.65,69.3662
"CB8.1E",2022-07-29,6,67.5518,8.09,7.77,48167,31.46,67.5518
"CB8.1E",2022-07-29,7,66.9614,8.08,7.64,48504,31.71,66.9614
"CB8.1E",2022-07-29,8,64.7186,8.07,7.6,49866,32.71,64.7186
"CB8.1E",2022-07-29,9,64.04,8.07,7.67,50177,32.93,64.04
"CB8.1E",2022-07-29,10,63.8096,8.07,7.64,50281,33.01,63.8096
"CB8.1E",2022-07-29,11,63.8024,8.07,7.63,50288,33.01,63.8024
"CB8.1E",2022-07-29,12,63.7718,8.08,7.62,50306,33.02,63.7718
"CB8.1E",2022-07-29,13,63.7484,8.09,7.58,50330,33.04,63.7484
"LE5.5-W",2022-07-29,1,80.3264,8.08,6.94,37929,24.02,80.3264
"LE5.5-W",2022-07-29,2,80.0168,8.08,6.98,38070,24.12,80.0168
"LE5.5-W",2022-07-29,3,79.934,8.07,6.95,38138,24.17,79.934
"LE5.5-W",2022-07-29,4,79.5074,8.05,6.84,38502,24.43,79.5074
"LE5.5-W",2022-07-29,5,75.1802,8.01,6.5,42708,27.47,75.1802
"LE5.5-W",2022-07-29,6,74.0786,8.01,6.48,43479,28.03,74.0786
"WE4.1",2022-07-29,1,84.5762,8.35,8.03,33163,20.65,84.5762
"WE4.1",2022-07-29,2,83.7518,8.3,7.67,33497,20.89,83.7518
"WE4.1",2022-07-29,3,82.9922,8.19,7.1,34360,21.5,82.9922
"WE4.1",2022-07-29,4,81.7574,7.98,5.44,35624,22.39,81.7574
"WE4.1",2022-07-29,5,81.1058,7.85,4.43,36604,23.08,81.1058
"WE4.2",2022-07-29,1,83.1434,8.13,7.7,35315,22.16,83.1434
"WE4.2",2022-07-29,2,82.8392,8.09,7.07,35550,22.33,82.8392
"WE4.2",2022-07-29,3,82.8356,8.08,6.92,35648,22.39,82.8356
"WE4.2",2022-07-29,4,82.85,8.08,6.77,35721,22.44,82.85
"WE4.2",2022-07-29,5,82.7096,8.05,6.45,35801,22.5,82.7096
"WE4.2",2022-07-29,6,82.5728,8.03,6.23,35832,22.53,82.5728
"WE4.2",2022-07-29,7,82.4846,8.02,6.01,35841,22.53,82.4846
"WE4.2",2022-07-29,8,79.6118,7.78,3.56,38235,24.24,79.6118
"WE4.2",2022-07-29,9,77.342,7.68,2.59,40559,25.91,77.342
"WE4.2",2022-07-29,10,76.757,7.67,2.44,41182,26.36,76.757
"WE4.2",2022-07-29,11,75.7436,7.65,2.26,42238,27.13,75.7436
"WE4.3",2022-07-29,1,83.3828,8.14,7.43,35494,22.28,83.3828
"WE4.3",2022-07-29,2,83.1974,8.14,7.45,35470,22.27,83.1974
"WE4.3",2022-07-29,3,83.1416,8.13,7.31,35476,22.27,83.1416
"WE4.3",2022-07-29,4,82.859,8.08,6.78,35549,22.32,82.859
"WE4.4",2022-07-29,1,84.101,8.06,6.38,34400,21.51,84.101
"WE4.4",2022-07-29,2,83.1524,8.03,6.01,35431,22.24,83.1524
"WE4.4",2022-07-29,3,82.8446,8.02,6.05,35661,22.4,82.8446
"WE4.4",2022-07-29,4,82.7582,8.02,6.09,35688,22.42,82.7582
"WE4.4",2022-07-29,5,82.7708,8.02,6.07,35692,22.42,82.7708
"WE4.4",2022-07-29,6,82.7744,8.02,6.1,35697,22.43,82.7744
"EBB01",2022-07-13,1,79.628,7.58,6.31,33589,21.02,79.628
"EBB01",2022-07-13,2,79.574,7.58,6.31,33750,21.13,79.574
"EBB01",2022-07-13,3,79.448,7.58,6.22,33929,21.25,79.448
"EBB01",2022-07-13,4,79.178,7.57,5.94,34460,21.6,79.178
"EBB01",2022-07-13,5,79.106,7.54,5.83,34929,21.94,79.106
"EBB01",2022-07-13,6,79.088,7.54,5.78,39943,21.95,79.088
"EBE1",2022-07-13,1,78.278,7.59,5.75,35718,22.49,78.278
"EBE1",2022-07-13,2,78.278,7.57,5.79,35743,22.52,78.278
"EBE1",2022-07-13,3,78.26,7.58,5.76,35725,22.52,78.26
"EBE1",2022-07-13,4,78.26,7.58,5.72,35745,22.52,78.26
"EBE1",2022-07-13,5,78.278,7.58,5.77,35699,22.49,78.278
"EBE1",2022-07-13,6,78.224,7.58,5.71,35750,22.51,78.224
"EBE1",2022-07-13,7,78.206,7.57,5.67,35769,22.53,78.206
"ELD01",2022-07-12,1,76.82,7.69,6.38,35205,22.15,76.82
"ELD01",2022-07-12,2,76.856,7.68,6.21,35281,22.2,76.856
"ELD01",2022-07-12,3,76.856,7.67,6.19,35299,22.22,76.856
"ELD01",2022-07-12,4,76.856,7.65,6.11,35322,22.24,76.856
"ELD01",2022-07-12,5,76.928,7.63,5.86,35473,22.34,76.928
"ELD01",2022-07-12,6,76.91,7.61,5.62,35613,22.44,76.91
"ELD01",2022-07-12,7,76.91,7.59,5.54,35789,22.56,76.91
"ELE01",2022-07-13,1,78.422,7.68,6.3,35535,22.37,78.422
"ELE01",2022-07-13,2,78.422,7.68,6.29,35535,22.37,78.422
"ELE01",2022-07-13,3,78.422,7.67,6.26,35545,22.38,78.422
"ELE01",2022-07-13,4,78.404,7.66,6.22,35562,22.39,78.404
"ELE01",2022-07-13,5,78.386,7.67,6.19,35560,22.38,78.386
"ELE01",2022-07-13,6,78.296,7.65,6.01,35650,22.42,78.296
"ELE01",2022-07-13,7,78.26,7.63,5.97,35686,22.47,78.26
"ELE01",2022-07-13,8,78.242,7.62,5.89,35738,22.5,78.242
"ELE01",2022-07-13,9,78.152,7.61,5.82,35785,22.55,78.152
"ELE01",2022-07-13,10,78.08,7.61,5.74,35801,22.56,78.08
"ELE01",2022-07-13,11,77.882,7.6,5.49,35839,22.58,77.882
"ELE01",2022-07-13,12,77.612,7.49,5,36190,22.85,77.612
"ELI2",2022-07-12,1,76.712,7.69,6.24,34900,21.94,76.712
"ELI2",2022-07-12,2,76.928,7.68,6.22,35119,22.1,76.928
"ELI2",2022-07-12,3,77,7.67,6.24,35185,22.14,77
"ELI2",2022-07-12,4,77.036,7.67,6.23,35213,22.16,77.036
"ELI2",2022-07-12,5,77.108,7.67,6.2,35260,22.19,77.108
"ELI2",2022-07-12,6,77.072,7.67,6.16,25264,22.2,77.072
"ELI2",2022-07-12,7,77.054,7.66,6.06,35374,22.27,77.054
"ELI2",2022-07-12,8,77.072,7.66,6.11,35315,22.23,77.072
"ELI2",2022-07-12,9,77.054,7.65,5.99,35392,22.28,77.054
"ELI2",2022-07-12,10,77.036,7.65,5.97,35417,22.31,77.036
"ELI2",2022-07-12,11,77.036,7.65,5.9,35415,22.3,77.036
"ELI2",2022-07-12,12,77.036,7.57,5.42,35762,22.53,77.036
"LE3.1",2022-07-12,1,79.808,7.72,6.34,21976,13.19,79.808
"LE3.1",2022-07-12,2,79.538,7.69,6.05,21967,13.18,79.538
"LE3.1",2022-07-12,3,79.322,7.63,5.71,22077,13.25,79.322
"LE3.1",2022-07-12,4,78.8,7.45,4.27,22420,13.48,78.8
"LE3.1",2022-07-12,5,78.782,7.4,3.75,23070,13.91,78.782
"LE3.1",2022-07-12,6,78.566,7.23,1.83,24365,14.81,78.566
"LE3.2",2022-07-12,1,79.682,7.92,6.85,23344,14.09,79.682
"LE3.2",2022-07-12,2,79.7,7.92,6.82,23342,14.08,79.7
"LE3.2",2022-07-12,3,79.646,7.91,6.67,23365,14.1,79.646
"LE3.2",2022-07-12,4,79.556,7.85,5.98,23406,14.12,79.556
"LE3.2",2022-07-12,5,78.818,7.45,2.56,25219,15.34,78.818
"LE3.2",2022-07-12,6,78.782,7.38,1.95,25688,15.65,78.782
"LE3.2",2022-07-12,7,78.512,7.33,1.48,25896,15.79,78.512
"LE3.2",2022-07-12,8,78.368,7.28,1.13,26190,15.99,78.368
"LE3.2",2022-07-12,9,78.278,7.25,1.06,26384,16.11,78.278
"LE3.2",2022-07-12,10,78.26,7.3,1.06,26310,16.15,78.26
"LE3.2",2022-07-12,11,80.006,7.28,0.87,26534,16.22,80.006
"LE3.2",2022-07-12,12,78.134,7.27,0.8,26596,16.26,78.134
"LE3.2",2022-07-12,13,78.17,7.27,0.82,26606,16.27,78.17
"LE3.2",2022-07-12,14,79.97,7.26,0.83,26618,16.27,79.97
"LE3.2",2022-07-12,15,78.17,7.25,0.87,26625,16.26,78.17
"LE3.3",2022-07-12,1,80.906,8.17,7.87,22872,13.76,80.906
"LE3.3",2022-07-12,2,80.528,8.14,7.64,23142,13.88,80.528
"LE3.3",2022-07-12,3,79.934,8.03,6.56,23460,14.13,79.934
"LE3.3",2022-07-12,4,80.06,7.83,5.05,23963,14.49,80.06
"LE3.3",2022-07-12,5,80.114,7.52,2.46,24607,14.95,80.114
"LE3.3",2022-07-12,6,80.024,7.5,2.57,24766,15.02,80.024
"LE3.4",2022-07-12,1,79.682,8.04,7.02,24395,14.78,79.682
"LE3.4",2022-07-12,2,79.664,8.07,6.9,24417,14.8,79.664
"LE3.4",2022-07-12,3,79.52,8.01,6.64,24743,15.04,79.52
"LE3.4",2022-07-12,4,79.034,7.93,6.07,25072,15.23,79.034
"LE3.4",2022-07-12,5,78.926,7.88,5.55,25354,15.45,78.926
"LE3.4",2022-07-12,6,78.854,7.76,4.64,25882,15.81,78.854
"LE3.4",2022-07-12,7,78.746,7.72,4.31,26012,15.87,78.746
"LE3.4",2022-07-12,8,78.458,7.67,4.07,26401,16.13,78.458
"LE3.4",2022-07-12,9,78.386,7.66,4.02,26601,16.28,78.386
"LE3.4",2022-07-12,10,78.188,7.64,3.92,26805,16.38,78.188
"LE3.4",2022-07-12,11,78.152,7.62,3.9,26023,16.41,78.152
"LE3.4",2022-07-12,12,78.044,7.61,3.99,26864,16.44,78.044
"LE3.4",2022-07-12,13,78.044,7.58,3.97,26888,16.46,78.044
"LE4.1",2022-07-19,1,83.03,7.35,5.59,23711,14.22,83.03
"LE4.1",2022-07-19,2,83.012,7.35,5.59,23832,14.38,83.012
"LE4.1",2022-07-19,3,82.994,7.35,5.53,24089,14.57,82.994
"LE4.1",2022-07-19,4,82.94,7.32,5.09,25548,15.55,82.94
"LE4.1",2022-07-19,5,82.94,7.32,5.01,25874,15.72,82.94
"LE4.1",2022-07-19,6,82.94,7.32,4.97,26002,15.81,82.94
"LE4.1",2022-07-19,7,82.94,7.32,4.98,26078,15.87,82.94
"LE4.1",2022-07-19,8,82.94,7.32,4.92,26143,15.91,82.94
"LE4.2",2022-07-19,1,81.14,7.46,5.1,30886,19.12,81.14
"LE4.2",2022-07-19,2,81.212,7.45,5.08,30959,19.18,81.212
"LE4.2",2022-07-19,3,81.194,7.45,5.07,30980,19.19,81.194
"LE4.2",2022-07-19,4,81.14,7.45,5.07,30983,19.2,81.14
"LE4.2",2022-07-19,5,81.122,7.46,5.06,30981,19.2,81.122
"LE4.2",2022-07-19,6,81.104,7.45,5.05,31005,19.21,81.104
"LE4.2",2022-07-19,7,81.122,7.46,5.05,31007,19.22,81.122
"LE4.2",2022-07-19,8,81.104,7.46,5.04,31018,19.22,81.104
"LE4.2",2022-07-19,9,81.14,7.46,5.06,30999,19.22,81.14
"LE4.2",2022-07-19,10,81.068,7.46,5.02,31021,19.22,81.068
"LE4.2",2022-07-19,11,81.05,7.46,5.01,31037,19.24,81.05
"LE4.2",2022-07-19,12,81.068,7.46,5.02,31028,19.23,81.068
"LE4.2",2022-07-19,13,81.032,7.46,4.99,31064,19.25,81.032
"LE4.3",2022-07-19,1,80.312,7.61,5.56,32818,20.47,80.312
"LE4.3",2022-07-19,2,80.294,7.61,5.59,32877,20.49,80.294
"LE4.3",2022-07-19,3,80.294,7.62,5.61,32902,20.52,80.294
"LE4.3",2022-07-19,4,80.24,7.64,5.61,33079,20.64,80.24
"LE4.3",2022-07-19,5,80.186,7.64,5.59,33116,20.66,80.186
"LE4.3",2022-07-19,6,80.132,7.65,5.54,33173,20.7,80.132
"LE4.3",2022-07-19,7,80.042,7.65,5.42,33215,20.74,80.042
"LE4.3",2022-07-19,8,79.97,7.64,5.31,33351,20.85,79.97
"LE4.3",2022-07-19,9,79.916,7.63,5.21,33429,20.89,79.916
"LE4.3",2022-07-19,10,79.88,7.63,5.2,33490,20.93,79.88
"LE4.3",2022-07-19,11,79.88,7.63,5.12,33508,20.95,79.88
"LE4.3",2022-07-19,12,79.79,7.64,4.96,33567,20.99,79.79
"LE4.3",2022-07-19,13,79.142,7.63,4.5,34311,21.5,79.142
"LE5.1",2022-08-02,1,84.488,7.5,6.4,14862,8.58,84.488
"LE5.1",2022-08-02,2,84.452,7.39,6.35,14890,8.6,84.452
"LE5.1",2022-08-02,3,84.398,7.39,6.31,14954,8.63,84.398
"LE5.1",2022-08-02,4,84.398,7.39,6.3,15006,8.67,84.398
"LE5.1",2022-08-02,5,84.326,7.39,6.2,15196,8.75,84.326
"LE5.1",2022-08-02,6,84.236,7.36,6.07,16567,9.61,84.236
"LE5.1",2022-08-02,7,84.2,7.35,5.96,16936,9.91,84.2
"LE5.2",2022-08-02,1,82.112,7.45,6.06,24673,14.75,82.112
"LE5.2",2022-08-02,2,81.95,7.44,5.86,25712,15.68,81.95
"LE5.2",2022-08-02,3,82.058,7.42,5.56,26973,16.45,82.058
"LE5.2",2022-08-02,4,81.878,7.43,5.52,27782,17.03,81.878
"LE5.2",2022-08-02,5,81.68,7.45,5.44,28426,17.45,81.68
"LE5.2",2022-08-02,6,81.374,7.44,5.23,29261,17.93,81.374
"LE5.2",2022-08-02,7,81.212,7.45,5.11,30023,18.53,81.212
"LE5.2",2022-08-02,8,80.978,7.47,4.94,31561,19.62,80.978
"LE5.3",2022-08-02,1,80.618,7.67,6.44,31768,19.74,80.618
"LE5.3",2022-08-02,2,80.546,7.65,6.26,32270,20.12,80.546
"LE5.3",2022-08-02,3,80.492,7.64,6.06,32756,20.42,80.492
"LE5.3",2022-08-02,4,80.456,7.63,5.97,33101,20.69,80.456
"LE5.3",2022-08-02,5,80.42,7.63,5.95,33352,20.83,80.42
"LE5.4",2022-08-02,1,79.358,7.73,6.16,36959,23.35,79.358
"LE5.4",2022-08-02,2,79.286,7.73,6.08,37221,23.52,79.286
"LE5.4",2022-08-02,3,79.268,7.73,6.05,37429,23.69,79.268
"LE5.4",2022-08-02,4,79.196,7.73,6.04,37546,23.76,79.196
"LE5.4",2022-08-02,5,79.142,7.74,6.03,37670,23.85,79.142
"LE5.4",2022-08-02,6,78.998,7.74,6.03,37786,23.93,78.998
"LE5.4",2022-08-02,7,78.962,7.74,6.04,37835,23.98,78.962
"LE5.4",2022-08-02,8,77.162,7.75,6.01,38999,24.13,77.162
"LE5.6",2022-07-12,1,76.586,7.68,6.1,33714,21.11,76.586
"LE5.6",2022-07-12,2,76.658,7.67,6.05,34717,21.82,76.658
"LE5.6",2022-07-12,3,76.712,7.67,6,34740,21.84,76.712
"LE5.6",2022-07-12,4,76.532,7.66,5.88,34887,21.93,76.532
"LE5.6",2022-07-12,5,76.514,7.66,5.87,34981,22.01,76.514
"LE5.6",2022-07-12,6,76.46,7.67,5.88,35085,22.08,76.46
"LE5.6",2022-07-12,7,76.442,7.67,5.77,35139,22.11,76.442
"LE5.6",2022-07-12,8,76.478,7.64,5.63,35518,22.39,76.478
"LE5.6",2022-07-12,9,76.442,7.64,5.6,35585,22.43,76.442
"LE5.6",2022-07-12,10,76.406,7.64,5.55,35671,22.48,76.406
"LFA01",2022-07-12,1,76.352,7.65,5.79,35440,22.33,76.352
"LFA01",2022-07-12,2,76.316,7.64,5.7,35505,22.37,76.316
"LFA01",2022-07-12,3,76.316,7.63,5.65,35579,22.42,76.316
"LFA01",2022-07-12,4,76.298,7.62,5.58,35612,22.44,76.298
"LFB01",2022-07-12,1,78.116,7.51,5.84,32609,20.35,78.116
"LFB01",2022-07-12,2,78.152,7.49,5.68,32950,20.58,78.152
"LFB01",2022-07-12,3,78.134,7.5,5.69,32962,20.59,78.134
"RET3.1",2022-07-12,1,80.87,7.84,6.84,9825,5.51,80.87
"RET3.1",2022-07-12,2,80.69,7.41,6.75,9821,5.5,80.69
"RET3.1",2022-07-12,3,80.168,7.34,6.39,10295,5.77,80.168
"RET3.1",2022-07-12,4,80.744,7.44,6.71,10507,5.98,80.744
"RET3.1",2022-07-12,5,80.816,7.44,6.92,11023,6.28,80.816
"RET3.1",2022-07-12,6,80.348,7.32,6.56,11348,6.42,80.348
"RET3.2",2022-07-12,1,80.114,7.7,6.85,18520,10.94,80.114
"RET3.2",2022-07-12,2,79.862,7.67,6.67,18521,10.95,79.862
"RET3.2",2022-07-12,3,79.61,7.49,5.72,18991,11.3,79.61
"RET3.2",2022-07-12,4,79.214,7.38,4.91,19388,11.52,79.214
"RET3.2",2022-07-12,5,79.196,7.33,4.89,19477,11.56,79.196
"RET4.1",2022-07-19,1,83.156,7.01,4.6,12901,7.37,83.156
"RET4.1",2022-07-19,2,83.12,7.02,4.54,13014,7.42,83.12
"RET4.1",2022-07-19,3,83.102,7.02,4.52,13111,7.51,83.102
"RET4.1",2022-07-19,4,83.102,7.02,4.51,13175,7.54,83.102
"RET4.2",2022-07-19,1,84.146,6.8,4.46,5875,3.17,84.146
"RET4.2",2022-07-19,2,84.056,6.79,4.38,5867,3.16,84.056
"RET4.2",2022-07-19,3,84.038,6.79,4.33,5873,3.16,84.038
"RET4.2",2022-07-19,4,84.02,6.79,4.32,5878,3.17,84.02
"RET4.2",2022-07-19,5,83.93,6.79,4.24,5927,3.19,83.93
"RET4.2",2022-07-19,6,83.858,6.78,4.18,6092,3.3,83.858
"RET4.2",2022-07-19,7,83.75,6.77,4.11,6301,3.33,83.75
"RET4.2",2022-07-19,8,83.696,6.76,4.08,6413,3.47,83.696
"RET4.2",2022-07-19,9,83.678,6.75,4.07,6404,3.49,83.678
"RET4.2",2022-07-19,10,83.66,6.74,4.07,6471,3.5,83.66
"RET4.2",2022-07-19,11,83.66,6.73,4.07,6547,3.56,83.66
"RET4.2",2022-07-19,12,83.642,6.72,4.07,6457,3.5,83.642
"RET4.2",2022-07-19,13,83.624,6.68,4.05,6648,3.54,83.624
"RET4.3",2022-07-19,1,83.642,7.18,5.67,19221,11.32,83.642
"RET4.3",2022-07-19,2,83.498,7.13,5.07,19578,11.57,83.498
"RET4.3",2022-07-19,3,83.516,7.13,4.99,20177,11.95,83.516
"RET4.3",2022-07-19,4,83.552,7.15,4.92,20633,12.27,83.552
"RET4.3",2022-07-19,5,83.57,7.16,4.91,20983,12.51,83.57
"RET5.1A",2022-07-06,1,84.164,7.25,6.67,349,NA,84.164
"RET5.1A",2022-07-06,2,84.164,7.2,6.52,349,NA,84.164
"RET5.1A",2022-07-06,3,84.092,7.2,6.44,350,NA,84.092
"RET5.1A",2022-07-06,4,84.092,7.13,6.4,351,NA,84.092
"RET5.2",2022-08-02,1,84.398,7.38,6.16,7429,4.08,84.398
"RET5.2",2022-08-02,2,84.506,7.38,6.06,7650,4.13,84.506
"RET5.2",2022-08-02,3,84.506,7.38,6.1,7803,4.29,84.506
"RET5.2",2022-08-02,4,84.542,7.35,5.92,8318,4.59,84.542
"RET5.2",2022-08-02,5,84.56,7.34,5.85,8714,4.83,84.56
"RET5.2",2022-08-02,6,84.614,7.35,5.82,8809,4.87,84.614
"RET5.2",2022-08-02,7,84.632,7.34,5.81,8909,4.94,84.632
"RET5.2",2022-08-02,8,84.65,7.34,5.81,8956,4.97,84.65
"SBE2",2022-07-13,1,78.26,7.51,5.47,35777,22.54,78.26
"SBE2",2022-07-13,2,78.26,7.51,5.49,35779,22.54,78.26
"SBE2",2022-07-13,3,78.206,7.5,5.33,35799,22.56,78.206
"SBE2",2022-07-13,4,78.152,7.49,5.25,35850,22.59,78.152
"SBE2",2022-07-13,5,78.134,7.49,5.22,35890,22.62,78.134
"SBE2",2022-07-13,6,78.116,7.49,5.21,35902,22.63,78.116
"SBE2",2022-07-13,7,77.9,7.48,4.99,36020,22.71,77.9
"SBE2",2022-07-13,8,77.72,7.46,4.85,36173,22.82,77.72
"SBE2",2022-07-13,9,77.63,7.46,4.77,36244,22.87,77.63
"SBE2",2022-07-13,10,77.576,7.45,4.71,36283,22.9,77.576
"SBE2",2022-07-13,11,77.63,7.45,4.78,36252,22.9,77.63
"SBE2",2022-07-13,12,77.594,7.45,4.75,36285,22.9,77.594
"SBE2",2022-07-13,13,77.378,7.43,4.53,36420,23,77.378
"SBE5",2022-07-13,1,78.98,7.35,5.02,33505,20.98,78.98
"SBE5",2022-07-13,2,78.836,7.35,4.96,33729,21.11,78.836
"SBE5",2022-07-13,3,78.728,7.35,4.91,33812,21.16,78.728
"SBE5",2022-07-13,4,78.62,7.36,4.86,34176,21.43,78.62
"SBE5",2022-07-13,5,78.602,7.36,4.86,34202,21.44,78.602
"SBE5",2022-07-13,6,78.602,7.36,4.87,34210,21.45,78.602
"SBE5",2022-07-13,7,78.566,7.37,4.87,34310,21.5,78.566
"TF3.1B",2022-07-12,1,76.784,6.67,4.94,81,0.04,76.784
"TF3.1B",2022-07-12,2,76.73,6.67,4.92,81,0.04,76.73
"TF3.1E",2022-07-12,1,77.324,6.96,6.45,99,0.05,77.324
"TF3.1E",2022-07-12,2,76.928,6.95,6.38,99,0.05,76.928
"TF3.1E",2022-07-12,3,76.928,6.95,6.38,99,0.05,76.928
"TF3.1F",2022-07-12,2,77.9,7.25,7.47,104,0.05,77.9
"TF3.2",2022-07-12,1,82.85,6.99,6.77,111,0.05,82.85
"TF3.2",2022-07-12,2,82.814,6.99,6.72,111,0.05,82.814
"TF3.2",2022-07-12,3,82.886,6.97,6.78,111,0.05,82.886
"TF3.2",2022-07-12,4,82.778,6.97,6.57,111,0.05,82.778
"TF3.2",2022-07-12,5,82.706,6.96,6.55,111,0.05,82.706
"TF3.2",2022-07-12,6,82.652,6.96,6.48,112,0.05,82.652
"TF3.2",2022-07-12,7,82.634,6.96,6.46,112,0.06,82.634
"TF3.2A",2022-07-12,1,81.41,7.29,7.82,91,0.04,81.41
"TF3.2A",2022-07-12,2,81.392,7.28,7.82,90,0.04,81.392
"TF3.2A",2022-07-12,3,81.356,7.27,7.74,90,0.04,81.356
"TF3.2A",2022-07-12,4,81.23,7.24,7.66,90,0.04,81.23
"TF3.2A",2022-07-12,5,81.302,7.24,7.7,90,0.04,81.302
"TF3.3",2022-07-12,1,82.886,7.64,7.96,1642,0.82,82.886
"TF3.3",2022-07-12,2,82.922,7.62,7.94,1650,0.84,82.922
"TF3.3",2022-07-12,3,82.85,7.6,7.9,1708,0.86,82.85
"TF3.3",2022-07-12,4,82.832,7.6,7.91,1721,0.86,82.832
"TF3.3",2022-07-12,5,82.796,7.56,7.87,1746,0.88,82.796
"TF3.3",2022-07-12,6,82.634,7.49,7.82,1757,0.88,82.634
"TF3.3",2022-07-12,7,80.834,7.26,7.42,2007,1.02,80.834
"TF4.2",2022-07-19,1,84.524,6.83,5.81,154,NA,84.524
"TF4.2",2022-07-19,2,84.47,6.81,5.8,155,NA,84.47
"TF4.2",2022-07-19,3,84.488,6.76,5.79,156,NA,84.488
"TF4.2",2022-07-19,4,84.452,6.75,5.78,156,NA,84.452
"TF4.2",2022-07-19,5,84.452,6.72,5.79,157,NA,84.452
"TF4.2",2022-07-19,6,84.452,6.72,5.78,158,NA,84.452
"TF4.2",2022-07-19,7,84.434,6.69,5.77,158,NA,84.434
"TF4.2",2022-07-19,8,84.434,6.64,5.78,158,NA,84.434
"TF4.2",2022-07-19,9,84.416,6.63,5.78,159,NA,84.416
"TF4.4",2022-07-19,1,85.01,6.22,5.64,69,NA,85.01
"TF4.4",2022-07-19,2,85.028,6.21,5.64,69,NA,85.028
"TF4.4",2022-07-19,3,84.974,6.03,5.68,69,NA,84.974
"TF5.2",2022-07-06,1,84.776,7.99,8.64,204,NA,84.776
"TF5.2",2022-08-02,1,82.598,8.03,8.42,214,NA,82.598
"TF5.2A",2022-07-06,1,87.404,8.17,7.9,202,NA,87.404
"TF5.2A",2022-07-06,2,85.946,7.93,7.75,204,NA,85.946
"TF5.2A",2022-07-06,3,85.01,7.68,7.15,203,NA,85.01
"TF5.2A",2022-07-06,4,84.812,7.62,6.91,203,NA,84.812
"TF5.2A",2022-07-06,5,84.776,7.48,6.83,203,NA,84.776
"TF5.2A",2022-08-02,1,85.532,7.82,7.14,219,NA,85.532
"TF5.2A",2022-08-02,2,85.352,7.77,7.08,219,NA,85.352
"TF5.2A",2022-08-02,3,85.316,7.74,7.05,219,NA,85.316
"TF5.2A",2022-08-02,4,85.316,7.67,7.01,219,NA,85.316
"TF5.2A",2022-08-02,5,85.226,7.56,6.97,220,NA,85.226
"TF5.2A",2022-08-02,6,85.046,7.29,6.77,221,NA,85.046
"TF5.3",2022-07-06,1,86.81,7.78,7.15,235,NA,86.81
"TF5.3",2022-07-06,2,86.036,7.66,6.49,238,NA,86.036
"TF5.3",2022-07-06,3,85.892,7.57,6.32,236,NA,85.892
"TF5.3",2022-07-06,4,85.892,7.53,6.31,234,NA,85.892
"TF5.3",2022-07-06,5,83.894,7.45,6.07,236,NA,83.894
"TF5.3",2022-07-06,6,85.568,7.44,5.89,235,NA,85.568
"TF5.3",2022-07-06,7,85.586,7.42,5.89,235,NA,85.586
"TF5.3",2022-07-06,8,85.622,7.4,5.9,236,NA,85.622
"TF5.3",2022-07-06,9,85.64,7.37,5.93,238,NA,85.64
"TF5.3",2022-07-06,10,85.64,7.27,5.93,238,NA,85.64
"TF5.3",2022-07-06,11,85.658,7.11,5.93,238,NA,85.658
"TF5.3",2022-08-02,1,84.758,7.57,6.93,262,NA,84.758
"TF5.3",2022-08-02,2,84.02,7.58,6.81,260,NA,84.02
"TF5.3",2022-08-02,3,83.93,7.57,6.8,260,NA,83.93
"TF5.3",2022-08-02,4,83.84,7.56,6.79,258,NA,83.84
"TF5.3",2022-08-02,5,83.84,7.54,6.77,256,NA,83.84
"TF5.3",2022-08-02,6,83.606,7.5,6.73,256,NA,83.606
"TF5.3",2022-08-02,7,83.588,7.49,6.72,255,NA,83.588
"TF5.3",2022-08-02,8,83.624,7.48,6.71,255,NA,83.624
"TF5.3",2022-08-02,9,83.624,7.47,6.72,256,NA,83.624
"TF5.3",2022-08-02,10,83.75,7.42,6.7,258,NA,83.75
"TF5.3",2022-08-02,11,83.714,7.22,6.7,257,NA,83.714
"TF5.4",2022-07-06,1,84.92,7.54,7.59,201,NA,84.92
"TF5.4",2022-07-06,2,84.938,7.5,7.47,200,NA,84.938
"TF5.4",2022-07-06,3,85.028,7.52,7.57,199,NA,85.028
"TF5.4",2022-07-06,4,84.938,7.46,7.44,199,NA,84.938
"TF5.4",2022-07-06,5,84.812,7.31,7.29,199,NA,84.812
"TF5.4",2022-07-06,6,84.812,7.01,7.22,201,NA,84.812
"TF5.4",2022-08-02,1,86.108,7.59,7.56,194,NA,86.108
"TF5.4",2022-08-02,2,86.072,7.56,7.49,195,NA,86.072
"TF5.4",2022-08-02,3,85.982,7.5,7.26,199,NA,85.982
"TF5.4",2022-08-02,4,85.946,7.48,7.21,196,NA,85.946
"TF5.4",2022-08-02,5,85.946,7.45,7.17,194,NA,85.946
"TF5.4",2022-08-02,6,85.91,7.32,7.08,194,NA,85.91
"TF5.5",2022-07-06,1,85.226,8.04,7.57,233,NA,85.226
"TF5.5",2022-07-06,2,84.92,7.78,6.97,233,NA,84.92
"TF5.5",2022-07-06,3,84.92,7.74,6.72,233,NA,84.92
"TF5.5",2022-07-06,4,84.884,7.71,6.64,233,NA,84.884
"TF5.5",2022-07-06,5,84.884,7.69,6.63,233,NA,84.884
"TF5.5",2022-07-06,6,84.884,7.64,6.6,233,NA,84.884
"TF5.5",2022-07-06,7,84.866,7.61,6.57,233,NA,84.866
"TF5.5",2022-07-06,8,84.848,7.56,6.52,233,NA,84.848
"TF5.5",2022-07-06,9,84.83,7.5,6.5,233,NA,84.83
"TF5.5",2022-08-02,1,86.45,7.76,7.65,298,NA,86.45
"TF5.5",2022-08-02,2,86.108,7.66,7.16,300,NA,86.108
"TF5.5",2022-08-02,3,86.09,7.61,7.11,301,NA,86.09
"TF5.5",2022-08-02,4,86.072,7.59,7.06,300,NA,86.072
"TF5.5",2022-08-02,5,86.072,7.59,7.05,301,NA,86.072
"TF5.5",2022-08-02,6,86.072,7.59,7.04,302,NA,86.072
"TF5.5",2022-08-02,7,86.072,7.52,7.03,303,NA,86.072
"TF5.5",2022-08-02,8,86.072,7.46,6.98,303,NA,86.072
"TF5.5",2022-08-02,9,86.072,7.35,5.46,303,NA,86.072
"TF5.5A",2022-07-06,1,84.668,8.39,8.64,208,NA,84.668
"TF5.5A",2022-07-06,2,84.38,8.17,8.24,208,NA,84.38
"TF5.5A",2022-07-06,3,84.164,7.82,7.27,208,NA,84.164
"TF5.5A",2022-07-06,4,84.002,7.6,6.64,207,NA,84.002
"TF5.5A",2022-07-06,5,83.876,7.5,6.31,208,NA,83.876
"TF5.5A",2022-07-06,6,83.876,7.46,6.26,213,NA,83.876
"TF5.5A",2022-07-06,7,83.876,7.45,6.27,213,NA,83.876
"TF5.5A",2022-07-06,8,83.876,7.38,6.27,213,NA,83.876
"TF5.6",2022-07-06,1,83.984,7.76,7.75,195,NA,83.984
"TF5.6",2022-07-06,2,83.732,7.49,6.89,195,NA,83.732
"TF5.6",2022-07-06,3,83.66,7.48,6.69,195,NA,83.66
"TF5.6",2022-07-06,4,83.624,7.45,6.63,195,NA,83.624
"TF5.6",2022-07-06,5,83.624,7.41,6.61,195,NA,83.624
"TF5.6",2022-07-06,6,83.624,7.41,6.6,195,NA,83.624
"TF5.6",2022-07-06,7,83.624,7.36,6.57,195,NA,83.624
"TF5.6",2022-07-06,8,83.588,7.32,6.54,195,NA,83.588
"TF5.6",2022-07-06,9,83.588,7.28,6.51,195,NA,83.588
"WBB05",2022-07-12,1,78.062,7.45,5.55,32230,20.06,78.062
"WBB05",2022-07-12,2,78.08,7.42,5.42,32536,20.3,78.08
"WBB05",2022-07-12,3,78.044,7.42,5.41,32535,20.3,78.044
"WBB05",2022-07-12,4,78.044,7.42,5.4,32538,20.3,78.044
"WBE1",2022-07-12,1,77.36,7.57,5.94,34540,21.68,77.36
"WBE1",2022-07-12,2,77.162,7.58,5.9,34615,21.73,77.162
"WBE1",2022-07-12,3,77.108,7.6,5.86,34806,21.88,77.108
"WBE1",2022-07-12,4,77.09,7.61,5.87,34830,21.89,77.09
