"Station","Date","Sdepth","Wtemp","Ph","DO","Spcond","Salinity","Cruise","SECCHI","tempF"
"CB5.3",2025-07-11,0.5,82.04,8.3,7.7,20200,12,NA,"1.6",82.04
"CB5.3",2025-07-11,1,82.04,8.3,7.7,20200,12,NA,NA,82.04
"CB5.3",2025-07-11,2,82.04,8.3,7.7,20200,12,NA,NA,82.04
"CB5.3",2025-07-11,3,82.04,8.3,7.7,20300,12.1,NA,NA,82.04
"CB5.3",2025-07-11,4,82.58,8.2,7.4,21100,12.6,NA,NA,82.58
"CB5.3",2025-07-11,5,82.58,8.2,7,21600,12.9,NA,NA,82.58
"CB5.3",2025-07-11,6,82.22,8,6.2,22300,13.4,NA,NA,82.22
"CB5.3",2025-07-11,7,82.04,8,5.7,22600,13.6,NA,NA,82.04
"CB5.3",2025-07-11,8,81.86,7.9,5,23400,14.2,NA,NA,81.86
"CB5.3",2025-07-11,9,81.86,7.8,4.6,23800,14.4,NA,NA,81.86
"CB5.3",2025-07-11,10,81.32,7.7,3.4,25100,15.2,NA,NA,81.32
"CB5.3",2025-07-11,11,80.6,7.6,2.3,25300,15.4,NA,NA,80.6
"CB5.3",2025-07-11,12,79.7,7.4,1.3,26600,16.2,NA,NA,79.7
"CB5.3",2025-07-11,13,78.98,7.4,1.1,28300,17.4,NA,NA,78.98
"CB5.3",2025-07-11,14,78.08,7.4,0.7,30300,18.8,NA,NA,78.08
"CB5.3",2025-07-11,15,77.9,7.4,0.6,30800,19.1,NA,NA,77.9
"CB5.3",2025-07-11,17,78.08,7.4,0.7,31600,19.6,NA,NA,78.08
"CB5.3",2025-07-11,19,78.26,7.4,0.7,31700,19.7,NA,NA,78.26
"CB5.3",2025-07-11,21,78.26,7.4,0.7,31700,19.8,NA,NA,78.26
"CB5.3",2025-07-11,23,78.26,7.4,0.8,31800,19.8,NA,NA,78.26
"LE2.3",2025-07-11,0.5,82.4,8.2,7.3,18700,11,NA,"1.7",82.4
"LE2.3",2025-07-11,1,82.22,8.2,7.1,18900,11.1,NA,NA,82.22
"LE2.3",2025-07-11,2,82.22,8.1,6.6,19700,11.7,NA,NA,82.22
"LE2.3",2025-07-11,3,82.04,8.1,6.3,20100,12,NA,NA,82.04
"LE2.3",2025-07-11,4,82.04,8,6,20600,12.3,NA,NA,82.04
"LE2.3",2025-07-11,5,82.04,8,5.3,20800,12.4,NA,NA,82.04
"LE2.3",2025-07-11,6,82.04,8,5.1,21000,12.5,NA,NA,82.04
"LE2.3",2025-07-11,7,81.68,7.9,4.6,21100,12.6,NA,NA,81.68
"LE2.3",2025-07-11,8,78.8,7.3,0.8,23100,14,NA,NA,78.8
"LE2.3",2025-07-11,9,78.26,7.3,0.4,23500,14.2,NA,NA,78.26
"LE2.3",2025-07-11,10,77,7.3,0.1,24800,15.1,NA,NA,77
"LE2.3",2025-07-11,11,76.82,7.3,0.1,25200,15.3,NA,NA,76.82
"LE2.3",2025-07-11,12,76.64,7.3,0.1,25500,15.5,NA,NA,76.64
"LE2.3",2025-07-11,13,76.64,7.3,0.1,25700,15.7,NA,NA,76.64
"LE2.3",2025-07-11,15,76.1,7.3,0.1,26500,16.2,NA,NA,76.1
"LE2.3",2025-07-11,17,75.74,7.3,0.2,26700,16.3,NA,NA,75.74
"CB5.2",2025-07-11,0.5,82.76,8.2,7.4,20600,12.3,NA,"1.9",82.76
"CB5.2",2025-07-11,1,82.76,8.2,7.4,20600,12.3,NA,NA,82.76
"CB5.2",2025-07-11,2,82.76,8.2,7.4,20600,12.3,NA,NA,82.76
"CB5.2",2025-07-11,3,82.58,8.2,7.3,20600,12.3,NA,NA,82.58
"CB5.2",2025-07-11,4,82.58,8.2,7.2,20600,12.3,NA,NA,82.58
"CB5.2",2025-07-11,5,82.58,8.2,6.9,20700,12.4,NA,NA,82.58
"CB5.2",2025-07-11,6,82.22,8.1,5.6,20900,12.4,NA,NA,82.22
"CB5.2",2025-07-11,7,81.14,7.6,3,22300,13.4,NA,NA,81.14
"CB5.2",2025-07-11,8,78.26,7.3,0.1,24800,15.1,NA,NA,78.26
"CB5.2",2025-07-11,9,77,7.3,0.1,25200,15.3,NA,NA,77
"CB5.2",2025-07-11,10,77.9,7.3,0.3,25900,15.8,NA,NA,77.9
"CB5.2",2025-07-11,11,77.36,7.3,0.3,26900,16.5,NA,NA,77.36
"CB5.2",2025-07-11,12,76.46,7.3,0.2,27800,17.1,NA,NA,76.46
"CB5.2",2025-07-11,13,76.46,7.3,0.2,27900,17.2,NA,NA,76.46
"CB5.2",2025-07-11,14,75.92,7.3,0.1,28200,17.4,NA,NA,75.92
"CB5.2",2025-07-11,15,75.92,7.3,0.1,29000,17.9,NA,NA,75.92
"CB5.2",2025-07-11,16,76.28,7.3,0.1,29500,18.2,NA,NA,76.28
"CB5.2",2025-07-11,17,76.46,7,0.2,30000,18.6,NA,NA,76.46
"CB5.2",2025-07-11,19,76.46,7.3,0.2,30100,18.7,NA,NA,76.46
"CB5.2",2025-07-11,21,76.28,7.3,0.2,30200,18.7,NA,NA,76.28
"CB5.2",2025-07-11,23,76.28,7.3,0.2,30300,18.8,NA,NA,76.28
"CB5.2",2025-07-11,25,76.28,7.4,0.2,30300,18.8,NA,NA,76.28
"CB5.2",2025-07-11,27,75.92,7.4,0.2,30300,18.8,NA,NA,75.92
"CB5.2",2025-07-11,28,75.92,7.4,0.2,30300,18.8,NA,NA,75.92
"CB5.1",2025-07-10,0.5,83.12,8.3,7.7,19000,11.2,NA,"1.2",83.12
"CB5.1",2025-07-10,1,83.12,8.3,8,19000,11.2,NA,NA,83.12
"CB5.1",2025-07-10,2,82.94,8.2,7.6,19100,11.2,NA,NA,82.94
"CB5.1",2025-07-10,3,82.76,8.2,7.2,19300,11.4,NA,NA,82.76
"CB5.1",2025-07-10,4,82.58,8.2,6.9,19400,11.5,NA,NA,82.58
"CB5.1",2025-07-10,5,82.4,8.1,6.2,19600,11.6,NA,NA,82.4
"CB5.1",2025-07-10,6,82.22,8,5.9,19700,11.7,NA,NA,82.22
"CB5.1",2025-07-10,7,82.04,8,5.7,19800,11.8,NA,NA,82.04
"CB5.1",2025-07-10,8,81.86,8,5.3,20400,12,NA,NA,81.86
"CB5.1",2025-07-10,9,79.34,7.5,2.4,21900,13.1,NA,NA,79.34
"CB5.1",2025-07-10,10,75.38,7.2,0.4,25100,15.2,NA,NA,75.38
"CB5.1",2025-07-10,11,73.76,7.3,0.3,26500,16.2,NA,NA,73.76
"CB5.1",2025-07-10,12,73.58,7.3,0.3,27300,16.8,NA,NA,73.58
"CB5.1",2025-07-10,13,73.76,7.3,0.3,27600,17,NA,NA,73.76
"CB5.1",2025-07-10,14,73.76,7.3,0.3,27800,17.1,NA,NA,73.76
"CB5.1",2025-07-10,15,73.58,7.3,0.4,28300,17.4,NA,NA,73.58
"CB5.1",2025-07-10,17,73.4,7.3,0.4,28600,17.7,NA,NA,73.4
"CB5.1",2025-07-10,19,73.22,7.3,0.4,29000,17.9,NA,NA,73.22
"CB5.1",2025-07-10,21,73.4,7.3,0.5,29400,18.2,NA,NA,73.4
"CB5.1",2025-07-10,23,73.58,7.3,0.5,29500,18.3,NA,NA,73.58
"CB5.1",2025-07-10,25,73.58,7.3,0.6,29500,18.3,NA,NA,73.58
"CB5.1",2025-07-10,27,73.4,7.3,0.7,29600,18.3,NA,NA,73.4
"CB5.1",2025-07-10,29,73.4,7.3,0.7,29600,18.3,NA,NA,73.4
"CB5.1",2025-07-10,31,73.4,7.3,1,29600,18.3,NA,NA,73.4
"CB5.1",2025-07-10,32,73.4,7.3,1,29600,18.3,NA,NA,73.4
"CB4.4",2025-07-10,0.5,82.76,8.8,7.6,18000,10.6,NA,"1.2",82.76
"CB4.4",2025-07-10,1,82.76,8.8,7.5,18000,10.6,NA,NA,82.76
"CB4.4",2025-07-10,2,82.76,8.8,7.4,18000,10,NA,NA,82.76
"CB4.4",2025-07-10,3,82.76,8.8,7.1,18000,10.6,NA,NA,82.76
"CB4.4",2025-07-10,4,82.58,8.1,6.8,18200,10.7,NA,NA,82.58
"CB4.4",2025-07-10,5,82.4,8.1,6.4,18300,10.8,NA,NA,82.4
"CB4.4",2025-07-10,6,82.22,8,6,18500,10.9,NA,NA,82.22
"CB4.4",2025-07-10,7,81.86,7.9,4.9,18800,11.1,NA,NA,81.86
"CB4.4",2025-07-10,8,80.06,7.5,3,19400,11.5,NA,NA,80.06
"CB4.4",2025-07-10,9,79.7,7.5,3.1,19600,11.6,NA,NA,79.7
"CB4.4",2025-07-10,10,77.72,7.3,1.5,20900,12.5,NA,NA,77.72
"CB4.4",2025-07-10,11,74.48,7.2,0.4,23300,13.9,NA,NA,74.48
"CB4.4",2025-07-10,12,73.22,7.3,0.3,25100,15.3,NA,NA,73.22
"CB4.4",2025-07-10,13,72.68,7.2,0.4,26600,16.3,NA,NA,72.68
"CB4.4",2025-07-10,14,72.86,7.2,0.4,26900,16.5,NA,NA,72.86
"CB4.4",2025-07-10,15,72.86,7.2,0.4,28100,17.3,NA,NA,72.86
"CB4.4",2025-07-10,16,72.68,7.3,0.3,28400,17.5,NA,NA,72.68
"CB4.4",2025-07-10,17,72.68,7.3,0.5,28700,17.7,NA,NA,72.68
"CB4.4",2025-07-10,19,72.86,7.3,0.5,29000,17.9,NA,NA,72.86
"CB4.4",2025-07-10,21,72.86,7.3,0.6,29100,18,NA,NA,72.86
"CB4.4",2025-07-10,23,72.86,7.3,0.7,29100,18,NA,NA,72.86
"CB4.4",2025-07-10,25,72.86,7.3,1,29100,18,NA,NA,72.86
"CB4.4",2025-07-10,27,72.86,7.3,1,29100,18,NA,NA,72.86
"CB4.4",2025-07-10,28,72.86,7.3,1,29100,18,NA,NA,72.86
"CB4.3E",2025-07-09,0.5,82.4,8.2,7.2,17100,10,NA,"1.6",82.4
"CB4.3E",2025-07-09,1,82.4,8.1,7.2,17200,10,NA,NA,82.4
"CB4.3E",2025-07-09,2,82.22,8.1,7.2,17200,10,NA,NA,82.22
"CB4.3E",2025-07-09,3,82.22,8.1,7.1,17200,10,NA,NA,82.22
"CB4.3E",2025-07-09,4,82.4,8.1,7,17200,10.1,NA,NA,82.4
"CB4.3E",2025-07-09,5,82.4,8.1,6.9,17200,10.1,NA,NA,82.4
"CB4.3E",2025-07-09,6,82.4,8.1,6.9,17200,10.1,NA,NA,82.4
"CB4.3E",2025-07-09,7,82.4,8.1,6.9,17200,10.1,NA,NA,82.4
"CB4.3E",2025-07-09,8,82.4,8.1,6.8,17300,10.2,NA,NA,82.4
"CB4.3E",2025-07-09,9,82.4,8.1,6.7,17300,10.2,NA,NA,82.4
"CB4.3E",2025-07-09,10,82.22,8,6.2,17400,10.4,NA,NA,82.22
"CB4.3E",2025-07-09,11,81.68,7.9,5.3,17800,10.6,NA,NA,81.68
"CB4.3E",2025-07-09,12,80.78,7.7,4.5,18400,10.9,NA,NA,80.78
"CB4.3E",2025-07-09,13,79.16,7.4,2.6,19500,11.6,NA,NA,79.16
"CB4.3E",2025-07-09,14,76.64,7.2,0.6,22200,13.3,NA,NA,76.64
"CB4.3E",2025-07-09,15,75.38,7.2,0.1,23300,13.9,NA,NA,75.38
"CB4.3E",2025-07-09,16,74.66,7.2,0,23300,14.1,NA,NA,74.66
"CB4.3E",2025-07-09,17,74.12,7.2,0,24400,16,NA,NA,74.12
"CB4.3E",2025-07-09,18,72.86,7.2,0,26000,16.1,NA,NA,72.86
"CB4.3E",2025-07-09,19,72.14,7.2,0,26700,16.4,NA,NA,72.14
"CB4.3C",2025-07-09,0.5,82.94,8.2,7.7,17400,10.2,NA,"1.5",82.94
"CB4.3C",2025-07-09,1,82.94,8.2,7.7,17500,10.2,NA,NA,82.94
"CB4.3C",2025-07-09,2,82.94,8.2,7.7,17500,10.2,NA,NA,82.94
"CB4.3C",2025-07-09,3,82.94,8.2,7.6,17500,10.2,NA,NA,82.94
"CB4.3C",2025-07-09,5,82.76,8.2,7.5,17500,10.3,NA,NA,82.76
"CB4.3C",2025-07-09,6,82.76,8.2,7,17500,10.2,NA,NA,82.76
"CB4.3C",2025-07-09,7,82.58,8.2,7.2,17500,10.2,NA,NA,82.58
"CB4.3C",2025-07-09,8,82.22,8,4.8,18300,10.7,NA,NA,82.22
"CB4.3C",2025-07-09,9,79.52,7.3,2,18700,11.1,NA,NA,79.52
"CB4.3C",2025-07-09,10,77.18,7.2,0.9,20300,12.2,NA,NA,77.18
"CB4.3C",2025-07-09,11,75.92,7.2,0.3,21300,12.8,NA,NA,75.92
"CB4.3C",2025-07-09,12,72.5,7.2,0,23900,14.5,NA,NA,72.5
"CB4.3C",2025-07-09,13,72.14,7.2,0,25300,15.6,NA,NA,72.14
"CB4.3C",2025-07-09,14,72.14,7.2,0,25300,15.7,NA,NA,72.14
"CB4.3C",2025-07-09,15,72.14,7.2,0,26000,15.9,NA,NA,72.14
"CB4.3C",2025-07-09,16,71.96,7.2,0,26500,16.3,NA,NA,71.96
"CB4.3C",2025-07-09,17,71.78,7.2,0.1,27200,16.7,NA,NA,71.78
"CB4.3C",2025-07-09,19,71.78,7.2,0.1,27500,16.9,NA,NA,71.78
"CB4.3C",2025-07-09,21,71.78,7.2,0.1,27600,17,NA,NA,71.78
"CB4.3C",2025-07-09,23,71.78,7.2,0.1,27600,17,NA,NA,71.78
"CB4.3C",2025-07-09,25,71.78,7.2,0.1,27600,17,NA,NA,71.78
"CB4.3C",2025-07-09,26,71.78,7.2,0.1,27600,17,NA,NA,71.78
"CB4.3W",2025-07-09,0.5,82.76,8,8.1,16300,9.5,NA,"1.3",82.76
"CB4.3W",2025-07-09,1,82.76,8.3,8.1,16400,9.6,NA,NA,82.76
"CB4.3W",2025-07-09,2,82.76,8.2,7.8,16500,9.6,NA,NA,82.76
"CB4.3W",2025-07-09,3,82.76,8.2,7.4,16700,9.7,NA,NA,82.76
"CB4.3W",2025-07-09,4,82.76,7.2,7.1,17100,10,NA,NA,82.76
"CB4.3W",2025-07-09,5,80.24,7.2,4.5,17600,10.4,NA,NA,80.24
"CB4.3W",2025-07-09,6,78.62,7.2,0.5,18200,10.8,NA,NA,78.62
"CB4.3W",2025-07-09,7,77.36,7.2,0.2,19100,11.3,NA,NA,77.36
"CB4.2W",2025-07-09,0.5,82.94,8.1,7.3,15800,9.2,NA,"1.3",82.94
"CB4.2W",2025-07-09,1,82.58,8.2,7.3,15800,9.2,NA,NA,82.58
"CB4.2W",2025-07-09,2,82.22,8.2,7.3,15800,9.2,NA,NA,82.22
"CB4.2W",2025-07-09,3,82.22,8.1,7.1,15800,9.2,NA,NA,82.22
"CB4.2W",2025-07-09,4,82.04,8.1,6.7,15800,9.2,NA,NA,82.04
"CB4.2W",2025-07-09,5,82.04,8,6.1,15800,9.2,NA,NA,82.04
"CB4.2W",2025-07-09,6,80.24,7.3,1.9,16300,9.6,NA,NA,80.24
"CB4.2W",2025-07-09,7,77.9,7.2,0.2,18100,10.7,NA,NA,77.9
"CB4.2C",2025-07-09,0.5,83.12,8.3,7.7,15400,8.9,NA,"1.3",83.12
"CB4.2C",2025-07-09,1,83.12,8.3,7.7,15400,8.9,NA,NA,83.12
"CB4.2C",2025-07-09,2,82.76,8.3,7.6,15500,9,NA,NA,82.76
"CB4.2C",2025-07-09,3,82.58,8.3,7.4,15500,9,NA,NA,82.58
"CB4.2C",2025-07-09,4,82.58,8,7.3,15700,9.2,NA,NA,82.58
"CB4.2C",2025-07-09,5,82.4,8.2,6.8,16500,9.6,NA,NA,82.4
"CB4.2C",2025-07-09,6,82.22,8.1,6.3,17000,10,NA,NA,82.22
"CB4.2C",2025-07-09,7,81.14,7.8,4.6,17500,10.3,NA,NA,81.14
"CB4.2C",2025-07-09,8,77.9,7.3,1.2,19600,11.6,NA,NA,77.9
"CB4.2C",2025-07-09,9,75.92,7.2,0.1,20800,12.5,NA,NA,75.92
"CB4.2C",2025-07-09,10,73.94,7.2,0,22200,13.3,NA,NA,73.94
"CB4.2C",2025-07-09,11,73.4,7.2,0,22600,13.6,NA,NA,73.4
"CB4.2C",2025-07-09,12,72.86,7.2,0,23200,14,NA,NA,72.86
"CB4.2C",2025-07-09,13,72.68,7.2,0.1,23600,14.4,NA,NA,72.68
"CB4.2C",2025-07-09,14,71.96,7.2,0.1,24800,15.2,NA,NA,71.96
"CB4.2C",2025-07-09,15,71.42,7.2,0.1,25500,15.6,NA,NA,71.42
"CB4.2C",2025-07-09,17,71.24,7.2,0.1,26500,16.3,NA,NA,71.24
"CB4.2C",2025-07-09,19,71.06,7.2,0.1,27300,16.8,NA,NA,71.06
"CB4.2C",2025-07-09,21,71.06,7.2,0.1,28000,17.3,NA,NA,71.06
"CB4.2C",2025-07-09,23,71.24,7.2,0.1,28500,17.6,NA,NA,71.24
"CB4.2C",2025-07-09,25,71.24,7.2,0.1,28500,17.6,NA,NA,71.24
"CB4.2E",2025-07-09,0.5,83.66,8.3,8,15500,9,NA,"1.2",83.66
"CB4.2E",2025-07-09,1,83.12,8.3,8,15500,9,NA,NA,83.12
"CB4.2E",2025-07-09,2,82.76,8.3,7.6,15900,9.3,NA,NA,82.76
"CB4.2E",2025-07-09,3,82.76,8.3,7.6,15900,9.3,NA,NA,82.76
"CB4.2E",2025-07-09,4,82.76,8.1,6.7,16500,9.7,NA,NA,82.76
"CB4.2E",2025-07-09,5,82.58,8.1,6.9,16900,9.9,NA,NA,82.58
"CB4.2E",2025-07-09,6,80.42,7.7,4.1,18000,10.7,NA,NA,80.42
"CB4.2E",2025-07-09,7,79.52,7.5,2.9,18700,11.1,NA,NA,79.52
"CB4.2E",2025-07-09,8,79.16,7.4,2.5,19000,11.2,NA,NA,79.16
"CB4.1E",2025-07-09,0.5,83.12,8.3,7.1,13800,8,NA,"1.2",83.12
"CB4.1E",2025-07-09,1,83.12,8.3,7.1,13800,8,NA,NA,83.12
"CB4.1E",2025-07-09,2,83.12,8.3,7,13900,8,NA,NA,83.12
"CB4.1E",2025-07-09,3,83.12,8.3,7,13900,8,NA,NA,83.12
"CB4.1E",2025-07-09,4,82.4,8.2,6.7,14200,8.2,NA,NA,82.4
"CB4.1E",2025-07-09,5,82.22,8.1,5.7,15300,8.9,NA,NA,82.22
"CB4.1E",2025-07-09,6,82.22,8,4.8,16000,9.3,NA,NA,82.22
"CB4.1E",2025-07-09,7,81.5,7.8,3.4,17000,9.9,NA,NA,81.5
"CB4.1E",2025-07-09,8,79.7,7.4,0.5,18500,10.9,NA,NA,79.7
"CB4.1E",2025-07-09,9,79.7,7.4,0.9,19100,11.1,NA,NA,79.7
"CB4.1E",2025-07-09,10,78.08,7.3,0.7,19500,11.6,NA,NA,78.08
"CB4.1E",2025-07-09,11,76.46,7.2,0.2,20600,12.3,NA,NA,76.46
"CB4.1E",2025-07-09,12,75.56,7.2,0.1,21200,12.7,NA,NA,75.56
"CB4.1E",2025-07-09,13,74.66,7.2,0.1,21800,13,NA,NA,74.66
"CB4.1E",2025-07-09,14,74.12,7.2,0.1,22300,13.5,NA,NA,74.12
"CB4.1E",2025-07-09,15,73.04,7.2,0.1,23600,14.1,NA,NA,73.04
"CB4.1E",2025-07-09,16,73.04,7.2,0.1,23700,14.3,NA,NA,73.04
"CB4.1E",2025-07-09,17,72.68,7.2,0.1,24000,14.5,NA,NA,72.68
"CB4.1E",2025-07-09,19,71.78,7.2,0.1,25000,15.3,NA,NA,71.78
"CB4.1E",2025-07-09,21,71.6,7.2,0.1,25300,15.4,NA,NA,71.6
"CB4.1E",2025-07-09,22,71.6,7.2,0.1,25200,15.4,NA,NA,71.6
"CB4.1C",2025-07-09,0.5,83.12,8.4,7.8,13400,7.6,NA,"1.4",83.12
"CB4.1C",2025-07-09,1,82.58,8.4,7.8,13400,7.6,NA,NA,82.58
"CB4.1C",2025-07-09,2,82.58,8.4,7.4,13500,7.7,NA,NA,82.58
"CB4.1C",2025-07-09,3,82.58,8.2,7.1,14100,8.1,NA,NA,82.58
"CB4.1C",2025-07-09,4,81.5,7.8,4.4,15600,9.1,NA,NA,81.5
"CB4.1C",2025-07-09,5,81.5,7.8,4,15800,9.2,NA,NA,81.5
"CB4.1C",2025-07-09,6,80.6,7.6,3.2,16600,9.6,NA,NA,80.6
"CB4.1C",2025-07-09,7,80.42,7.6,2.9,16600,9.6,NA,NA,80.42
"CB4.1C",2025-07-09,8,80.06,7.5,2.4,16600,9.7,NA,NA,80.06
"CB4.1C",2025-07-09,9,78.44,7.3,1,17800,10.4,NA,NA,78.44
"CB4.1C",2025-07-09,10,77.36,7.2,0.1,19000,11.6,NA,NA,77.36
"CB4.1C",2025-07-09,11,73.76,7.2,0,22000,13.5,NA,NA,73.76
"CB4.1C",2025-07-09,12,72.5,7.2,0,24000,14.3,NA,NA,72.5
"CB4.1C",2025-07-09,13,71.42,7.2,0,24700,14.9,NA,NA,71.42
"CB4.1C",2025-07-09,15,71.06,7.2,0,25000,15.2,NA,NA,71.06
"CB4.1C",2025-07-09,17,70.88,7.2,0.1,25800,15.7,NA,NA,70.88
"CB4.1C",2025-07-09,19,70.7,7.2,0.1,26200,16,NA,NA,70.7
"CB4.1C",2025-07-09,21,70.7,7.2,0.1,27000,16.6,NA,NA,70.7
"CB4.1C",2025-07-09,23,70.7,7.2,0.1,27100,16.7,NA,NA,70.7
"CB4.1C",2025-07-09,25,70.7,7.2,0.1,27100,16.7,NA,NA,70.7
"CB4.1C",2025-07-09,27,70.7,7.2,0.1,27400,16.9,NA,NA,70.7
"CB4.1C",2025-07-09,29,70.7,7.2,0.1,27500,16.9,NA,NA,70.7
"CB4.1W",2025-07-09,0.5,85.28,8.6,10.3,13500,7.8,NA,"1",85.28
"CB4.1W",2025-07-09,1,85.1,8.6,10.1,13500,7.8,NA,NA,85.1
"CB4.1W",2025-07-09,2,83.66,8.4,8.8,13500,7.8,NA,NA,83.66
"CB4.1W",2025-07-09,3,82.22,8.3,7.2,13500,7.8,NA,NA,82.22
"CB4.1W",2025-07-09,4,82.22,8.3,6.9,13500,7.8,NA,NA,82.22
"CB4.1W",2025-07-09,5,82.04,8.2,6.5,13600,7.8,NA,NA,82.04
"CB4.1W",2025-07-09,6,82.04,8.2,6,13600,7.9,NA,NA,82.04
"CB4.1W",2025-07-09,7,81.86,8.1,5.3,13800,7.9,NA,NA,81.86
"CB3.3E",2025-07-09,0.5,83.84,8.6,10.3,10100,5.7,NA,"0.9",83.84
"CB3.3E",2025-07-09,1,83.3,8.5,9.8,10000,5.6,NA,NA,83.3
"CB3.3E",2025-07-09,2,81.86,8.1,6.8,10000,5.6,NA,NA,81.86
"CB3.3E",2025-07-09,3,82.04,8.1,6.9,10000,5.6,NA,NA,82.04
"CB3.3E",2025-07-09,4,81.86,8.1,6.9,10000,5.7,NA,NA,81.86
"CB3.3E",2025-07-09,5,81.5,8.1,6.8,10700,6.1,NA,NA,81.5
"CB3.3E",2025-07-09,6,81.32,8,5,11800,6.8,NA,NA,81.32
"CB3.3C",2025-07-09,0.5,85.28,8.9,13.3,10500,5.9,NA,"0.8",85.28
"CB3.3C",2025-07-09,1,85.46,8.9,13.5,10500,5.9,NA,NA,85.46
"CB3.3C",2025-07-09,2,85.28,8.9,12.8,10500,5.9,NA,NA,85.28
"CB3.3C",2025-07-09,3,82.04,8.2,7.3,10500,5.9,NA,NA,82.04
"CB3.3C",2025-07-09,4,81.86,8.2,6.1,10700,5.9,NA,NA,81.86
"CB3.3C",2025-07-09,5,81.86,8.2,6.1,10800,6.1,NA,NA,81.86
"CB3.3C",2025-07-09,6,81.5,8,4.5,12300,7,NA,NA,81.5
"CB3.3C",2025-07-09,7,80.24,7.5,2.4,12700,7.2,NA,NA,80.24
"CB3.3C",2025-07-09,8,79.52,7.3,1.6,13400,7.7,NA,NA,79.52
"CB3.3C",2025-07-09,9,79.16,7.3,1.3,13600,7.8,NA,NA,79.16
"CB3.3C",2025-07-09,10,78.98,7.3,0.8,14000,8.1,NA,NA,78.98
"CB3.3C",2025-07-09,11,78.08,7.3,0.6,14700,8.6,NA,NA,78.08
"CB3.3C",2025-07-09,12,75.38,7.2,0.1,18200,10.4,NA,NA,75.38
"CB3.3C",2025-07-09,13,73.22,7.2,0.1,20500,12.4,NA,NA,73.22
"CB3.3C",2025-07-09,14,72.32,7.2,0.1,22500,13.6,NA,NA,72.32
"CB3.3C",2025-07-09,15,71.96,7.2,0.1,23000,13.8,NA,NA,71.96
"CB3.3C",2025-07-09,17,71.42,7.2,0.1,23900,14.5,NA,NA,71.42
"CB3.3C",2025-07-09,19,71.24,7.2,0.1,24500,14.9,NA,NA,71.24
"CB3.3C",2025-07-09,21,71.06,7.2,0.1,24900,15.2,NA,NA,71.06
"CB3.3C",2025-07-09,22,70.88,7.2,0.1,25000,15.2,NA,NA,70.88
"CB3.3W",2025-07-09,0.5,83.48,8.5,9.7,10800,6.1,NA,"0.6",83.48
"CB3.3W",2025-07-09,1,83.48,8.5,9.7,11000,6.2,NA,NA,83.48
"CB3.3W",2025-07-09,2,83.3,8.5,9.6,11300,6.2,NA,NA,83.3
"CB3.3W",2025-07-09,3,83.12,8.5,9.1,11300,6.4,NA,NA,83.12
"CB3.3W",2025-07-09,4,83.12,8.4,8.6,11400,6.4,NA,NA,83.12
"CB3.3W",2025-07-09,5,82.76,8.4,8.3,11600,6.6,NA,NA,82.76
"CB3.3W",2025-07-09,6,82.76,8.4,8.3,11600,6.6,NA,NA,82.76
"CB3.3W",2025-07-09,7,82.76,8.4,8.3,11500,6.6,NA,NA,82.76
"CB3.2",2025-07-10,0.5,82.4,8.3,7.6,7500,4.1,NA,"1",82.4
"CB3.2",2025-07-10,1,82.4,8,7.6,7500,4.1,NA,NA,82.4
"CB3.2",2025-07-10,2,82.58,8.3,7.4,7800,4.3,NA,NA,82.58
"CB3.2",2025-07-10,3,82.76,8.4,7.3,8000,4.4,NA,NA,82.76
"CB3.2",2025-07-10,4,82.4,8.2,6.4,9300,5.2,NA,NA,82.4
"CB3.2",2025-07-10,5,82.04,8,5.6,9700,5.4,NA,NA,82.04
"CB3.2",2025-07-10,6,82.04,8.1,5.4,10300,5.8,NA,NA,82.04
"CB3.2",2025-07-10,7,80.24,7.5,2.7,12000,6.7,NA,NA,80.24
"CB3.2",2025-07-10,8,79.52,7.4,2.1,12800,7.3,NA,NA,79.52
"CB3.2",2025-07-10,9,78.8,7.3,1.5,13300,7.7,NA,NA,78.8
"CB3.2",2025-07-10,10,76.64,7.2,0.3,15600,9.2,NA,NA,76.64
"CB3.1",2025-07-10,0.5,82.4,7.6,6.4,4500,2.4,NA,"0.9",82.4
"CB3.1",2025-07-10,1,82.4,7.6,6.4,4500,2.4,NA,NA,82.4
"CB3.1",2025-07-10,2,82.4,7.5,6.2,4500,2.4,NA,NA,82.4
"CB3.1",2025-07-10,3,82.4,7.5,6,4800,2.6,NA,NA,82.4
"CB3.1",2025-07-10,4,82.4,7.5,5.8,5000,2.7,NA,NA,82.4
"CB3.1",2025-07-10,5,82.22,7.4,5.3,5400,2.9,NA,NA,82.22
"CB3.1",2025-07-10,6,82.22,7.4,4.9,5700,3.1,NA,NA,82.22
"CB3.1",2025-07-10,7,82.22,7.4,4.7,5700,3.1,NA,NA,82.22
"CB3.1",2025-07-10,8,81.86,7.3,3.8,7000,3.8,NA,NA,81.86
"CB3.1",2025-07-10,9,79.88,7.2,2,10700,6.1,NA,NA,79.88
"CB3.1",2025-07-10,10,78.08,7.2,0.9,13600,7.8,NA,NA,78.08
"CB3.1",2025-07-10,11,77.72,7.2,0.7,13900,8,NA,NA,77.72
"CB3.1",2025-07-10,12,77.54,7.2,0.9,14100,8.2,NA,NA,77.54
"CB2.2",2025-07-10,0.5,82.94,7.4,6.3,2100,1.1,NA,"1",82.94
"CB2.2",2025-07-10,1,83.12,7.4,6.2,2100,1.1,NA,NA,83.12
"CB2.2",2025-07-10,2,83.12,7.4,6.1,2400,1.2,NA,NA,83.12
"CB2.2",2025-07-10,3,82.94,7.4,5.6,2900,1.5,NA,NA,82.94
"CB2.2",2025-07-10,4,82.94,7.4,5.6,3000,1.6,NA,NA,82.94
"CB2.2",2025-07-10,5,82.94,7.4,5.6,3000,1.5,NA,NA,82.94
"CB2.2",2025-07-10,6,82.94,7.4,5.5,3000,1.6,NA,NA,82.94
"CB2.2",2025-07-10,7,82.94,7.4,5.4,3200,1.7,NA,NA,82.94
"CB2.2",2025-07-10,8,82.94,7.4,5.3,3500,1.8,NA,NA,82.94
"CB2.2",2025-07-10,9,82.76,7.4,5.1,3600,1.9,NA,NA,82.76
"CB2.1",2025-07-10,0.5,84.56,7.6,7,207,0.1,NA,"0.6",84.56
"CB2.1",2025-07-10,1,84.56,7.6,7,207,0.1,NA,NA,84.56
"CB2.1",2025-07-10,2,84.56,7.6,7,207,0.1,NA,NA,84.56
"CB2.1",2025-07-10,3,84.56,7.6,7,207,0.1,NA,NA,84.56
"CB2.1",2025-07-10,4,84.56,7.6,7,207,0.1,NA,NA,84.56
"CB2.1",2025-07-10,5,84.56,7.7,6.9,207,0.1,NA,NA,84.56
"CB1.1",2025-07-10,0.5,84.2,7.8,6.6,237,0.1,NA,"0.8",84.2
"CB1.1",2025-07-10,1,84.38,7.8,6.6,237,0.1,NA,NA,84.38
"CB1.1",2025-07-10,2,84.2,7.8,6.6,237,0.1,NA,NA,84.2
"CB1.1",2025-07-10,3,84.2,7.9,6.4,237,0.1,NA,NA,84.2
"WT1.1",2025-07-09,0.5,86.36,7.4,5.3,699,0.3,NA,"0.4",86.36
"WT1.1",2025-07-09,1,86,7.4,4.9,756,0.4,NA,NA,86
"WT1.1",2025-07-09,2,85.82,7.3,4.3,757,0.4,NA,NA,85.82
"WT2.1",2025-07-09,0.5,87.08,7.4,4.9,1620,0.8,NA,"0.6",87.08
"WT2.1",2025-07-09,1,86,7.3,4.2,1640,0.8,NA,NA,86
"WT2.1",2025-07-09,1.4,85.64,7.3,3.4,1690,0.8,NA,NA,85.64
"WT3.1",2025-07-09,0.5,86.36,7.5,5.4,2440,1.2,NA,"0.4",86.36
"WT3.1",2025-07-09,1,86.18,7.5,5.3,2440,1.2,NA,NA,86.18
"WT3.1",2025-07-09,2,85.64,7.4,4.8,2440,1.2,NA,NA,85.64
"WT3.1",2025-07-09,3,85.46,7.4,4.1,2440,1.2,NA,NA,85.46
"WT4.1",2025-07-09,0.5,87.26,8.4,7.6,1030,0.5,NA,"0.3",87.26
"WT4.1",2025-07-09,1,86.72,8.2,6,1050,0.5,NA,NA,86.72
"WT5.1",2025-07-09,0.5,86,8.6,10.5,6880,3.8,NA,"0.7",86
"WT5.1",2025-07-09,1,85.64,8.5,10.4,7190,3.9,NA,NA,85.64
"WT5.1",2025-07-09,2,84.02,8.5,7.4,7910,4.4,NA,NA,84.02
"WT5.1",2025-07-09,3,84.02,8.5,7.2,8300,4.7,NA,NA,84.02
"WT5.1",2025-07-09,4,83.3,8.3,6.4,9200,5.2,NA,NA,83.3
"WT5.1",2025-07-09,5,81.32,7.8,3.4,10600,6,NA,NA,81.32
"WT5.1",2025-07-09,6,80.6,7.7,2.8,12000,7.7,NA,NA,80.6
"WT5.1",2025-07-09,7,79.52,7.7,1.6,12700,7.2,NA,NA,79.52
"WT5.1",2025-07-09,8,77.72,7.7,0.9,14800,8.6,NA,NA,77.72
"WT5.1",2025-07-09,9,76.28,7.7,0.4,16800,9.9,NA,NA,76.28
"WT5.1",2025-07-09,10,75.56,7.7,0.1,17500,10.3,NA,NA,75.56
"WT5.1",2025-07-09,11,74.66,7.7,0.1,18500,10.9,NA,NA,74.66
"WT5.1",2025-07-09,12,74.48,7.9,0.1,19100,11.4,NA,NA,74.48
"WT5.1",2025-07-09,13,74.12,7.9,0.2,19600,11.7,NA,NA,74.12
"WT5.1",2025-07-09,14,73.22,7.9,0.1,20600,12.3,NA,NA,73.22
"WT5.1",2025-07-09,15.2,73.22,7.9,0.1,20800,12.5,NA,NA,73.22
"WT6.1",2025-07-08,0.5,86.54,8.6,8.1,9020,5,NA,"1.1",86.54
"WT6.1",2025-07-08,1,86.36,8.6,8,9020,5,NA,NA,86.36
"WT6.1",2025-07-08,2,86.36,8.3,6.7,9090,5,NA,NA,86.36
"WT6.1",2025-07-08,3,86,8.2,5.8,9100,5,NA,NA,86
"WT6.1",2025-07-08,4,85.64,8,4.4,9140,5.1,NA,NA,85.64
"WT6.1",2025-07-08,5,82.76,7.3,0.4,10100,5.7,NA,NA,82.76
"WT6.1",2025-07-08,5.4,77.36,7.1,0.2,12000,6.9,NA,NA,77.36
"WT7.1",2025-07-08,0.5,86.9,8.6,8.9,12000,6.8,NA,"0.8",86.9
"WT7.1",2025-07-08,1,86.9,8.6,8.8,12000,6.8,NA,NA,86.9
"WT7.1",2025-07-08,2,86.72,8.5,8.6,12000,6.8,NA,NA,86.72
"WT7.1",2025-07-08,3,85.1,8.4,6.8,12000,6.8,NA,NA,85.1
"WT7.1",2025-07-08,4,84.02,8.1,5.3,12100,6.9,NA,NA,84.02
"WT7.1",2025-07-08,5,82.4,7.9,3.8,12100,6.9,NA,NA,82.4
"WT7.1",2025-07-08,6,83.12,7.5,1.8,12300,7,NA,NA,83.12
"WT7.1",2025-07-08,7,82.58,7.3,0.6,12500,7.1,NA,NA,82.58
"WT7.1",2025-07-08,8,80.06,7.3,0,13300,7.7,NA,NA,80.06
"WT7.1",2025-07-08,9,80.06,7.3,0,13300,7.7,NA,NA,80.06
"WT7.1",2025-07-08,10,80.06,7.3,0,13300,7.7,NA,NA,80.06
"WT7.1",2025-07-08,11,79.52,7.3,0,13500,7.7,NA,NA,79.52
"WT7.1",2025-07-08,11.8,79.7,7.3,0,13400,7.7,NA,NA,79.7
"WT8.1",2025-07-08,0.5,86.54,8.1,7.7,11500,6.5,NA,"0.9",86.54
"WT8.1",2025-07-08,1,86.54,8.2,7.2,11700,6.6,NA,NA,86.54
"WT8.1",2025-07-08,2,86.18,8.1,7.3,12000,6.8,NA,NA,86.18
"WT8.1",2025-07-08,3,86,7.9,6.8,12200,6.9,NA,NA,86
"WT8.1",2025-07-08,4,84.38,7.2,1.3,12600,7.2,NA,NA,84.38
"WT8.1",2025-07-08,5,83.48,7.2,0.1,12900,7.4,NA,NA,83.48
"WT8.1",2025-07-08,6,82.94,7.2,0.1,13000,7.4,NA,NA,82.94
"WT8.1",2025-07-08,6.5,82.76,7.2,0.1,13000,7.4,NA,NA,82.76
"WT8.2",2025-07-08,0.5,87.8,8,7.1,12500,7.2,NA,"0.7",87.8
"WT8.2",2025-07-08,1,86.18,7.5,4.2,12700,7.2,NA,NA,86.18
"WT8.2",2025-07-08,2,85.82,7.4,3.1,12800,7.3,NA,NA,85.82
"WT8.2",2025-07-08,2.1,85.82,7.3,2.8,12800,7.3,NA,NA,85.82
"WT8.3",2025-07-08,0.5,86.54,7.6,5.6,13200,7.6,NA,"0.6",86.54
"WT8.3",2025-07-08,1,86.18,7.5,5.3,13300,7.6,NA,NA,86.18
"WT8.3",2025-07-08,2,85.82,7.4,4,13300,7.6,NA,NA,85.82
"WT8.3",2025-07-08,3,85.1,7.2,3.6,13300,7.6,NA,NA,85.1
"ET1.1",2025-07-10,0.5,86,7.8,5.7,212,0.1,NA,"0.5",86
"ET1.1",2025-07-10,1,86,7.7,5.5,212,0.1,NA,NA,86
"ET1.1",2025-07-10,2.2,85.82,7.7,5.4,212,0.1,NA,NA,85.82
"ET2.1",2025-07-10,0.5,85.28,7.5,6.3,602,0.3,NA,"0.4",85.28
"ET2.1",2025-07-10,1,85.28,7.5,6.2,603,0.3,NA,NA,85.28
"ET2.1",2025-07-10,2,85.28,7.5,6.2,603,0.3,NA,NA,85.28
"ET2.1",2025-07-10,3,85.28,7.5,6.2,602,0.3,NA,NA,85.28
"ET2.1",2025-07-10,5,85.28,7.5,6.2,603,0.3,NA,NA,85.28
"ET2.1",2025-07-10,7,85.28,7.5,6.2,603,0.3,NA,NA,85.28
"ET2.1",2025-07-10,9,85.28,7.5,6.2,603,0.3,NA,NA,85.28
"ET2.1",2025-07-10,11,85.28,7.5,6.2,603,0.3,NA,NA,85.28
"ET2.1",2025-07-10,13,85.28,7.5,6.2,604,0.3,NA,NA,85.28
"ET2.1",2025-07-10,13.3,85.28,7.5,6.2,604,0.3,NA,NA,85.28
"ET2.2",2025-07-10,0.5,85.82,7.5,5.7,619,0.3,NA,"0.4",85.82
"ET2.2",2025-07-10,1,85.82,7.4,5.5,621,0.3,NA,NA,85.82
"ET2.2",2025-07-10,2,85.28,7.4,5,626,0.3,NA,NA,85.28
"ET2.2",2025-07-10,2.8,85.1,7.4,5,626,0.3,NA,NA,85.1
"ET2.3",2025-07-10,0.5,85.64,7.6,6.8,490,0.2,NA,"0.5",85.64
"ET2.3",2025-07-10,1,85.64,7.6,6.8,490,0.2,NA,NA,85.64
"ET2.3",2025-07-10,2,85.64,7.6,6.8,490,0.2,NA,NA,85.64
"ET2.3",2025-07-10,3,85.64,7.6,6.8,491,0.2,NA,NA,85.64
"ET2.3",2025-07-10,5,85.64,7.6,6.7,494,0.2,NA,NA,85.64
"ET2.3",2025-07-10,7,85.64,7.6,6.7,496,0.2,NA,NA,85.64
"ET2.3",2025-07-10,9,85.64,7.6,6.7,520,0.2,NA,NA,85.64
"ET2.3",2025-07-10,11,85.64,7.6,6.7,530,0.2,NA,NA,85.64
"ET2.3",2025-07-10,12,85.64,7.5,6.6,531,0.2,NA,NA,85.64
"ET3.1",2025-07-07,0.5,86.54,7.3,5.3,700,0.3,NA,"0.5",86.54
"ET3.1",2025-07-07,1,86.36,7.3,4.9,703,0.3,NA,NA,86.36
"ET3.1",2025-07-07,2,86.36,7.2,4.8,702,0.3,NA,NA,86.36
"ET3.1",2025-07-07,3,86.18,7.2,4.8,704,0.3,NA,NA,86.18
"ET3.1",2025-07-07,4,86.18,7.2,4.8,705,0.3,NA,NA,86.18
"ET3.1",2025-07-07,5,86.18,7.2,4.8,708,0.3,NA,NA,86.18
"ET3.1",2025-07-07,6,86,7.2,4.6,709,0.3,NA,NA,86
"ET3.1",2025-07-07,6.6,86,7.2,4.6,709,0.3,NA,NA,86
"ET4.1",2025-07-07,0.5,86.36,6.9,6.1,1760,0.9,NA,"0.3",86.36
"ET4.1",2025-07-07,1,86.36,6.9,6.1,1800,0.9,NA,NA,86.36
"ET4.1",2025-07-07,2,86.18,6.9,6.1,1800,0.9,NA,NA,86.18
"ET4.1",2025-07-07,3,86,6.9,6,1810,0.9,NA,NA,86
"ET4.1",2025-07-07,4,86,6.9,6,1820,0.9,NA,NA,86
"ET4.1",2025-07-07,5,86,6.9,6,1830,0.9,NA,NA,86
"ET4.1",2025-07-07,5.3,86.18,6.9,6,1850,0.9,NA,NA,86.18
"ET4.2",2025-07-08,0.5,83.66,8.5,9.1,12600,7.2,NA,"0.7",83.66
"ET4.2",2025-07-08,1,83.48,8.4,8.4,12700,7.2,NA,NA,83.48
"ET4.2",2025-07-08,2,83.48,8.5,8.4,12700,7.2,NA,NA,83.48
"ET4.2",2025-07-08,3,83.3,8.4,7.3,12800,7.8,NA,NA,83.3
"ET4.2",2025-07-08,4,83.3,8.3,7.2,12800,7.3,NA,NA,83.3
"ET4.2",2025-07-08,5,83.12,8.1,6.1,12900,7.4,NA,NA,83.12
"ET4.2",2025-07-08,6,82.58,8,5.2,13100,7.5,NA,NA,82.58
"ET4.2",2025-07-08,7,78.08,7.2,0.7,16400,9.5,NA,NA,78.08
"ET4.2",2025-07-08,8,75.56,7.1,0.3,17800,10.6,NA,NA,75.56
"ET4.2",2025-07-08,9,75.02,7.1,0.3,18500,11,NA,NA,75.02
"ET4.2",2025-07-08,9.9,74.48,7.1,0.3,19100,11.3,NA,NA,74.48
"ET5.1",2025-07-09,0.5,85.28,7.8,4.8,2210,1.1,NA,"0.2",85.28
"ET5.1",2025-07-09,1,85.64,7.8,4.4,2400,1.2,NA,NA,85.64
"ET5.1",2025-07-09,2,85.64,7.8,4.4,2500,1.3,NA,NA,85.64
"ET5.1",2025-07-09,3,85.64,7.8,4.4,2610,1.3,NA,NA,85.64
"ET5.1",2025-07-09,4,85.64,7.8,4.4,2640,1.4,NA,NA,85.64
"ET5.1",2025-07-09,5.2,85.64,7.7,4.4,2610,1.3,NA,NA,85.64
"ET5.2",2025-07-09,0.5,84.38,7.8,6.3,16900,9.8,NA,"0.6",84.38
"ET5.2",2025-07-09,1,84.38,7.8,6.2,16900,9.8,NA,NA,84.38
"ET5.2",2025-07-09,2,84.38,7.8,6.1,16900,9.9,NA,NA,84.38
"ET5.2",2025-07-09,3,84.38,7.8,6.1,16900,9.9,NA,NA,84.38
"ET5.2",2025-07-09,4,84.56,7.8,6.1,16900,9.9,NA,NA,84.56
"ET5.2",2025-07-09,5,84.56,7.8,6,16900,9.9,NA,NA,84.56
"ET5.2",2025-07-09,6,84.56,7.7,5.8,17000,9.9,NA,NA,84.56
"ET5.2",2025-07-09,7,84.38,7.7,5.6,17000,9.9,NA,NA,84.38
"ET5.2",2025-07-09,8,84.38,7.7,5.3,17100,10,NA,NA,84.38
"ET5.2",2025-07-09,9,84.38,7.6,5.2,17100,10,NA,NA,84.38
"ET5.2",2025-07-09,10,84.38,7.6,5.1,17100,10,NA,NA,84.38
"ET5.2",2025-07-09,10.6,84.38,7.6,5.1,17100,10,NA,NA,84.38
"ET6.1",2025-07-14,0.5,85.46,6.6,6.9,1047,0.5,NA,"0.3",85.46
"ET6.1",2025-07-14,1,85.28,6.7,6.8,1043,0.5,NA,NA,85.28
"ET6.1",2025-07-14,2,85.28,6.7,6.8,1040,0.5,NA,NA,85.28
"ET6.1",2025-07-14,3,85.28,6.7,6.8,1040,0.5,NA,NA,85.28
"ET6.1",2025-07-14,4,85.28,6.7,6.8,1040,0.5,NA,NA,85.28
"ET6.1",2025-07-14,4.6,85.28,6.7,6.8,1040,0.5,NA,NA,85.28
"ET6.2",2025-07-09,0.5,85.1,7.4,6.8,12300,7,NA,"0.3",85.1
"ET6.2",2025-07-09,1,85.1,7.3,6.6,12300,7,NA,NA,85.1
"ET6.2",2025-07-09,2,84.92,7.3,6.3,12300,7,NA,NA,84.92
"ET6.2",2025-07-09,3.1,84.56,7.2,5.9,12400,7.1,NA,NA,84.56
"ET7.1",2025-07-09,0.5,86,7.2,6.1,16600,9.6,NA,"0.5",86
"ET7.1",2025-07-09,1,85.46,7.19,5.8,16700,9.8,NA,NA,85.46
"ET7.1",2025-07-09,2,85.28,7.17,5.6,17000,9.9,NA,NA,85.28
"ET7.1",2025-07-09,3,85.1,7.17,5.6,17000,9.9,NA,NA,85.1
"ET7.1",2025-07-09,4,85.1,7.17,5.5,17000,10,NA,NA,85.1
"ET7.1",2025-07-09,5,85.1,7.16,5.6,17000,9.9,NA,NA,85.1
"ET7.1",2025-07-09,6,85.28,7.16,5.7,16750,9.8,NA,NA,85.28
"ET8.1",2025-07-08,0.5,85.1,7.9,6.4,25300,15.3,NA,"0.5",85.1
"ET8.1",2025-07-08,1,84.74,7.9,6.4,25300,15.3,NA,NA,84.74
"ET8.1",2025-07-08,2,84.02,7.9,6.2,25300,15.3,NA,NA,84.02
"ET8.1",2025-07-08,3,84.02,7.9,6.2,25300,15.3,NA,NA,84.02
"ET8.1",2025-07-08,4,84.02,7.9,6,25300,15.3,NA,NA,84.02
"ET8.1",2025-07-08,5,83.84,7.9,5.8,25300,15.3,NA,NA,83.84
"ET8.1",2025-07-08,5.3,83.84,7.9,5.6,25300,15.3,NA,NA,83.84
"ET9.1",2025-07-08,0.5,85.64,8,7.2,25700,15.6,NA,"0.6",85.64
"ET9.1",2025-07-08,1,85.64,8,7.2,25800,15.6,NA,NA,85.64
"ET9.1",2025-07-08,2,84.74,8,6.9,26100,15.9,NA,NA,84.74
"ET9.1",2025-07-08,3,84.74,8,6.9,26200,15.9,NA,NA,84.74
"ET9.1",2025-07-08,4,84.74,8,6.6,26300,15.9,NA,NA,84.74
"ET9.1",2025-07-08,5,84.56,8,6.4,26200,15.9,NA,NA,84.56
"ET10.1",2025-07-08,0.5,84.38,6.5,3.7,173,0.1,NA,"0.3",84.38
"ET10.1",2025-07-08,1,84.2,6.5,3.6,172,0.1,NA,NA,84.2
"ET10.1",2025-07-08,2,84.2,6.5,3.6,173,0.1,NA,NA,84.2
"ET10.1",2025-07-08,3,84.2,6.5,3.6,174,0.1,NA,NA,84.2
"ET10.1",2025-07-08,4,84.2,6.5,3.6,175,0.1,NA,NA,84.2
"ET10.1",2025-07-08,5,84.2,6.5,3.6,175,0.1,NA,NA,84.2
"ET10.1",2025-07-08,5.5,84.2,6.5,3.6,175,0.1,NA,NA,84.2
"EE1.1",2025-07-08,0.5,84.2,8.4,8.1,15900,9.3,NA,"1.2",84.2
"EE1.1",2025-07-08,1,84.2,8.4,8,15900,9.3,NA,NA,84.2
"EE1.1",2025-07-08,2,84.02,8.4,7.9,15900,9.3,NA,NA,84.02
"EE1.1",2025-07-08,3,84.02,8.4,7.7,16000,9.3,NA,NA,84.02
"EE1.1",2025-07-08,4,83.84,8.4,7.4,16000,9.3,NA,NA,83.84
"EE1.1",2025-07-08,5,83.66,8.3,7,16100,9.4,NA,NA,83.66
"EE1.1",2025-07-08,6,83.48,8.3,6.7,16200,9.4,NA,NA,83.48
"EE1.1",2025-07-08,7,83.84,8.2,6.4,16500,9.8,NA,NA,83.84
"EE1.1",2025-07-08,8,81.32,7.4,1.7,18500,10.9,NA,NA,81.32
"EE1.1",2025-07-08,9,79.52,7.2,0.6,19300,11.5,NA,NA,79.52
"EE1.1",2025-07-08,10,76.28,7.2,0.2,21300,12.8,NA,NA,76.28
"EE1.1",2025-07-08,11,75.2,7.2,0.2,22500,13.6,NA,NA,75.2
"EE1.1",2025-07-08,12,74.12,7.1,0.2,23100,13.9,NA,NA,74.12
"EE2.1",2025-07-08,0.5,83.84,8.1,7.3,17500,10.2,NA,"0.8",83.84
"EE2.1",2025-07-08,1,83.66,8.1,7.3,17500,10.2,NA,NA,83.66
"EE2.1",2025-07-08,2,83.3,8.1,7.1,17500,10.3,NA,NA,83.3
"EE2.1",2025-07-08,3,83.12,8.1,6.8,17600,10.3,NA,NA,83.12
"EE2.1",2025-07-08,4,83.12,8,6.6,17600,10.3,NA,NA,83.12
"EE2.1",2025-07-08,5,83.12,8,6.4,17600,10.4,NA,NA,83.12
"EE2.1",2025-07-08,6,83.12,7.8,5.4,17900,10.5,NA,NA,83.12
"EE2.1",2025-07-08,7,83.3,7.6,4.2,18100,10.6,NA,NA,83.3
"EE2.2",2025-07-08,0.5,84.56,8.1,7.3,18000,10.6,NA,"1",84.56
"EE2.2",2025-07-08,1,84.38,8.1,7.3,18000,10.6,NA,NA,84.38
"EE2.2",2025-07-08,2,84.2,8.1,7.2,18000,10.6,NA,NA,84.2
"EE2.2",2025-07-08,3,84.2,8.1,7.1,18000,10.6,NA,NA,84.2
"EE2.2",2025-07-08,4,84.2,8.1,7,18000,10.6,NA,NA,84.2
"EE2.2",2025-07-08,5,84.02,8,6.6,18000,10.6,NA,NA,84.02
"EE2.2",2025-07-08,6,81.32,7.4,2.3,19200,11.4,NA,NA,81.32
"EE2.2",2025-07-08,7,79.52,7.2,0.2,20200,12.1,NA,NA,79.52
"EE2.2",2025-07-08,8,77.54,7.2,0.1,21500,12.9,NA,NA,77.54
"EE2.2",2025-07-08,9,76.82,7.2,0.1,21900,13.2,NA,NA,76.82
"EE2.2",2025-07-08,9.9,76.46,7.2,0.1,22000,13.3,NA,NA,76.46
"EE3.0",2025-07-09,0.5,85.28,7.7,6.7,22900,13.7,NA,"0.7",85.28
"EE3.0",2025-07-09,1,85.28,7.7,6.6,22900,13.7,NA,NA,85.28
"EE3.0",2025-07-09,2,84.92,7.7,6.5,23000,13.8,NA,NA,84.92
"EE3.0",2025-07-09,3,84.92,7.7,6.5,23000,13.8,NA,NA,84.92
"EE3.0",2025-07-09,3.8,84.74,7.7,6.5,23000,13.8,NA,NA,84.74
"EE3.1",2025-07-09,0.5,84.56,7.8,6.8,21900,13.1,NA,"0.7",84.56
"EE3.1",2025-07-09,1,84.56,7.8,6.8,21900,13.1,NA,NA,84.56
"EE3.1",2025-07-09,2,84.38,7.8,6.6,22100,13.2,NA,NA,84.38
"EE3.1",2025-07-09,3,84.56,7.8,6.5,22300,13.4,NA,NA,84.56
"EE3.1",2025-07-09,4,84.56,7.8,6.6,22400,13.4,NA,NA,84.56
"EE3.1",2025-07-09,5,84.56,7.8,6.6,22400,13.4,NA,NA,84.56
"EE3.1",2025-07-09,6,84.56,7.8,6.6,22500,13.5,NA,NA,84.56
"EE3.1",2025-07-09,7,84.56,7.8,6.6,22500,13.5,NA,NA,84.56
"EE3.1",2025-07-09,8,84.56,7.8,6.6,22500,13.5,NA,NA,84.56
"EE3.1",2025-07-09,9,84.56,7.8,6.7,22600,13.5,NA,NA,84.56
"EE3.1",2025-07-09,10,84.56,7.8,6.7,22600,13.6,NA,NA,84.56
"EE3.1",2025-07-09,11,84.56,7.8,6.6,22700,13.6,NA,NA,84.56
"EE3.2",2025-07-08,0.5,84.2,8,7.5,24600,14.9,NA,"1.1",84.2
"EE3.2",2025-07-08,1,84.2,8,7.4,24600,14.9,NA,NA,84.2
"EE3.2",2025-07-08,2,84.02,8,7.3,24700,14.9,NA,NA,84.02
"EE3.2",2025-07-08,3,83.84,8,7.1,24700,14.9,NA,NA,83.84
"EE3.2",2025-07-08,5,83.66,7.9,6.6,24800,15,NA,NA,83.66
"EE3.2",2025-07-08,7,83.66,7.9,6.6,24800,15,NA,NA,83.66
"EE3.2",2025-07-08,9,83.48,7.9,6.7,24900,15,NA,NA,83.48
"EE3.2",2025-07-08,11,83.48,7.9,6.5,25000,15.2,NA,NA,83.48
"EE3.2",2025-07-08,13,83.48,7.9,6.3,25000,15.2,NA,NA,83.48
"EE3.2",2025-07-08,15,83.48,7.8,6.1,25200,15.3,NA,NA,83.48
"EE3.2",2025-07-08,17,83.48,7.8,5.8,25300,15.4,NA,NA,83.48
"EE3.2",2025-07-08,18,83.48,7.8,5.8,25300,15.4,NA,NA,83.48
"EE3.2",2025-07-08,19,83.48,7.8,5.6,25400,15.4,NA,NA,83.48
"EE3.2",2025-07-08,21,83.48,7.8,5.5,25400,15.4,NA,NA,83.48
"EE3.2",2025-07-08,23,83.48,7.8,5.4,25500,15.5,NA,NA,83.48
"EE3.2",2025-07-08,25,83.48,7.8,5.4,25500,15.5,NA,NA,83.48
"EE3.2",2025-07-08,26.9,83.48,7.8,5.4,25500,15.5,NA,NA,83.48
"EE3.3",2025-07-08,0.5,83.66,8,6.5,27700,17,NA,"0.5",83.66
"EE3.3",2025-07-08,1,83.66,7.9,6.5,27700,17,NA,NA,83.66
"EE3.3",2025-07-08,2,83.66,7.9,6.5,27700,17,NA,NA,83.66
"EE3.3",2025-07-08,3.2,83.66,7.9,6.4,27700,17,NA,NA,83.66
"LE2.2",2025-07-07,0.5,82.4,8.1,6.7,15100,8.8,NA,"1.4",82.4
"LE2.2",2025-07-07,1,82.22,8,5.7,15700,9.1,NA,NA,82.22
"LE2.2",2025-07-07,2,82.04,7.9,5,16100,9.4,NA,NA,82.04
"LE2.2",2025-07-07,3,82.04,7.9,4.9,16600,9.7,NA,NA,82.04
"LE2.2",2025-07-07,4,81.86,7.8,4.5,16800,9.8,NA,NA,81.86
"LE2.2",2025-07-07,5,81.5,7.6,3.7,17500,10.3,NA,NA,81.5
"LE2.2",2025-07-07,6,80.42,7.4,2.6,17900,10.6,NA,NA,80.42
"LE2.2",2025-07-07,7,80.24,7.4,2.3,18300,10.8,NA,NA,80.24
"LE2.2",2025-07-07,8,80.06,7.4,1.9,18300,10.8,NA,NA,80.06
"LE2.2",2025-07-07,9,79.7,7.3,1.5,18600,11,NA,NA,79.7
"LE2.2",2025-07-07,10,77.72,7.2,0.3,20400,12.2,NA,NA,77.72
"LE2.2",2025-07-07,11,75.56,7.2,0,22600,13.6,NA,NA,75.56
"LE2.2",2025-07-07,11.5,75.56,7.1,0,23000,13.9,NA,NA,75.56
"CCM0069",2025-07-14,0,86,7.1,5.1,2200,1.1,NA,"0.3",86
"TRQ0088",2025-07-14,0,84.56,6.9,4.9,17300,10.1,NA,"0.5",84.56
"TRQ0146",2025-07-14,0,84.92,7.5,6.5,1060,0.5,NA,"0.2",84.92
"XDJ9007",2025-07-14,0,85.28,7.1,6.6,6340,3.4,NA,"0.3",85.28
"WIW0141",2025-07-14,0,87.08,7.2,7.2,2370,1.2,NA,"0.3",87.08
"XCI4078",2025-07-09,0.5,85.46,7.7,7,20700,12.3,NA,"0.6",85.46
"XCI4078",2025-07-09,1,85.28,7.7,7,20700,12.3,NA,NA,85.28
"XCI4078",2025-07-09,2,84.92,7.7,7,21100,12.5,NA,NA,84.92
"XCI4078",2025-07-09,2.4,84.56,7.8,6.9,21100,12.6,NA,NA,84.56
"BXK0031",2025-07-08,0,87.08,7,5.2,23543,14.1,NA,"0.6",87.08
"POK0087",2025-07-08,0,89.78,6.8,5.8,4050,2.1,NA,"0.4",89.78
"MNK0146",2025-07-08,0,86.18,7.1,5.6,12500,7.1,NA,"0.4",86.18
"XAK7810",2025-07-08,0.5,84.56,7.2,5.4,16700,9.7,NA,"0.5",84.56
"XAK7810",2025-07-08,1,84.38,7.2,5.2,17000,9.9,NA,NA,84.38
"XAK7810",2025-07-08,2.1,84.2,7.2,6.2,17700,10.4,NA,NA,84.2
"XGG8251",2025-07-07,0,82.94,8.1,6.8,12300,7,NA,"0.5",82.94
"CB5.1W",2025-07-01,0.5,81.32,8.1,6.2,18800,11.1,NA,"1.3",81.32
"CB5.1W",2025-07-01,1,81.32,8.1,6.1,18800,11.1,NA,NA,81.32
"CB5.1W",2025-07-01,2,81.14,8.1,5.9,18900,11.2,NA,NA,81.14
"CB5.1W",2025-07-01,3,80.24,7.9,5,19400,11.5,NA,NA,80.24
"CB5.1W",2025-07-01,6,77,7.4,2.1,21700,13.1,NA,NA,77
"CB5.1W",2025-07-01,8,74.84,7.2,0.7,26400,16.5,NA,NA,74.84
"LE1.4",2025-07-01,0.5,82.94,8.2,6.6,18500,10.9,NA,"1.3",82.94
"LE1.4",2025-07-01,1,82.94,8.2,6.6,18500,10.9,NA,NA,82.94
"LE1.4",2025-07-01,2,82.94,8.1,6.5,18500,10.9,NA,NA,82.94
"LE1.4",2025-07-01,3,82.94,8.1,6.4,18500,10.9,NA,NA,82.94
"LE1.4",2025-07-01,6,82.76,8.1,6.1,18500,10.9,NA,NA,82.76
"LE1.4",2025-07-01,9,77.72,7.4,1.8,21300,12.5,NA,NA,77.72
"LE1.4",2025-07-01,12,74.66,7.2,0.6,24300,14.8,NA,NA,74.66
"LE1.4",2025-07-01,14,72.68,7.2,0.4,26100,15.9,NA,NA,72.68
"LE1.3",2025-07-01,0.5,83.12,7.9,5.7,18900,11.2,NA,"1.3",83.12
"LE1.3",2025-07-01,1,83.12,7.9,5.6,18900,11.2,NA,NA,83.12
"LE1.3",2025-07-01,2,83.12,7.9,5.6,18900,11.2,NA,NA,83.12
"LE1.3",2025-07-01,3,82.94,7.9,5.5,18900,11.2,NA,NA,82.94
"LE1.3",2025-07-01,6,82.4,7.8,5,19200,11.3,NA,NA,82.4
"LE1.3",2025-07-01,9,80.96,7.6,3.4,19800,11.8,NA,NA,80.96
"LE1.3",2025-07-01,12,80.06,7.5,2.8,20300,12.1,NA,NA,80.06
"LE1.3",2025-07-01,15,78.44,7.4,2.1,21300,12.8,NA,NA,78.44
"LE1.3",2025-07-01,18,77.72,7.4,1.8,21700,13,NA,NA,77.72
"LE1.3",2025-07-01,21,77.36,7.4,1.6,22100,13.3,NA,NA,77.36
"LE1.3",2025-07-01,23,77,7.3,1.5,22400,13.4,NA,NA,77
"LE1.2",2025-07-01,0.5,85.1,8.1,7.8,18400,10.8,NA,"1.3",85.1
"LE1.2",2025-07-01,1,84.92,8.1,7.7,18400,10.8,NA,NA,84.92
"LE1.2",2025-07-01,2,84.92,8.1,7.5,18400,10.8,NA,NA,84.92
"LE1.2",2025-07-01,3,84.74,8.1,7.2,18400,10.8,NA,NA,84.74
"LE1.2",2025-07-01,6,82.04,7.3,2.4,18900,11.2,NA,NA,82.04
"LE1.2",2025-07-01,9,81.86,7.3,2.2,19000,11.3,NA,NA,81.86
"LE1.2",2025-07-01,12,79.7,7.4,2.2,24000,12.2,NA,NA,79.7
"LE1.2",2025-07-01,15,78.26,7.3,1.8,21500,12.9,NA,NA,78.26
"LE1.2",2025-07-01,16,78.08,7.3,1.8,21600,13,NA,NA,78.08
"LE1.1",2025-07-02,0.5,84.38,7.6,5.8,16500,9.6,NA,"0.7",84.38
"LE1.1",2025-07-02,1,84.38,7.6,5.9,16500,9.6,NA,NA,84.38
"LE1.1",2025-07-02,2,84.2,7.4,4.9,16700,9.7,NA,NA,84.2
"LE1.1",2025-07-02,3,83.66,7.3,4.6,17100,10,NA,NA,83.66
"LE1.1",2025-07-02,6,82.22,7.1,0.9,18700,11.1,NA,NA,82.22
"LE1.1",2025-07-02,9,80.78,7.2,0.8,19900,11.8,NA,NA,80.78
"LE1.1",2025-07-02,11,78.62,7.2,0.9,21600,12.9,NA,NA,78.62
"RET1.1",2025-07-02,0.5,84.2,7.3,5,13500,7.8,NA,"0.6",84.2
"RET1.1",2025-07-02,1,84.38,7.3,4.9,13500,7.8,NA,NA,84.38
"RET1.1",2025-07-02,2,84.38,7.3,4.6,13600,7.8,NA,NA,84.38
"RET1.1",2025-07-02,3,84.38,7.3,4.4,14100,8.1,NA,NA,84.38
"RET1.1",2025-07-02,6,82.76,7.1,0.7,17700,10.4,NA,NA,82.76
"RET1.1",2025-07-02,9,82.4,7.1,0.6,17900,10.5,NA,NA,82.4
"RET1.1",2025-07-02,11,82.4,7.1,0.6,17900,10.5,NA,NA,82.4
"TF1.7",2025-07-02,0.5,84.38,7.3,5.7,4890,2.6,NA,"0.3",84.38
"TF1.7",2025-07-02,1,85.1,7.3,4.9,6300,3.4,NA,NA,85.1
"TF1.7",2025-07-02,2,85.46,7.2,4.5,7720,4.2,NA,NA,85.46
"TF1.6",2025-07-02,0.5,85.46,7,4.3,671,0.3,NA,"0.3",85.46
"TF1.6",2025-07-02,1,85.46,7,4.3,673,0.3,NA,NA,85.46
"TF1.6",2025-07-02,2,85.46,7,4.3,663,0.3,NA,NA,85.46
"TF1.6",2025-07-02,3,85.46,7,4.3,678,0.3,NA,NA,85.46
"TF1.5",2025-07-02,0.5,85.1,6.9,5.2,273,0.1,NA,"0.3",85.1
"TF1.5",2025-07-02,1,84.92,6.9,4.8,273,0.1,NA,NA,84.92
"TF1.5",2025-07-02,2,84.92,6.9,4.8,273,0.1,NA,NA,84.92
"TF1.5",2025-07-02,3,84.92,6.9,4.7,273,0.1,NA,NA,84.92
"TF1.5",2025-07-02,6,84.74,7,4.8,274,0.1,NA,NA,84.74
"TF1.5",2025-07-02,9,84.74,7,4.8,274,0.1,NA,NA,84.74
"TF1.4",2025-07-01,0,84.38,6.9,5,258,0.1,NA,"0.3",84.38
"TF1.3",2025-07-01,0,84.56,6.9,5.2,308,0.1,NA,"0.3",84.56
"TF1.2",2025-07-01,0,78.26,7.2,6.8,281,0.1,NA,NA,78.26
"TF1.0",2025-07-01,0,80.42,7.4,6.9,417,0.2,NA,NA,80.42
"WXT0001",2025-07-01,0,83.12,6.9,4.7,274,0.1,NA,"0.3",83.12
"RET2.4",2025-07-07,0.5,82.76,8,7.1,9810,5.5,NA,"0.7",82.76
"RET2.4",2025-07-07,1,82.76,8,6.8,9900,5.6,NA,NA,82.76
"RET2.4",2025-07-07,2,82.76,8,6.6,10200,5.7,NA,NA,82.76
"RET2.4",2025-07-07,3,82.58,7.9,6.2,10700,6,NA,NA,82.58
"RET2.4",2025-07-07,4,82.04,7.7,5.3,11500,6.5,NA,NA,82.04
"RET2.4",2025-07-07,5,82.04,7.7,5.1,11700,6.7,NA,NA,82.04
"RET2.4",2025-07-07,6,81.32,7.3,4.2,11900,6.7,NA,NA,81.32
"RET2.4",2025-07-07,7,80.42,7.2,2.4,13400,7.6,NA,NA,80.42
"RET2.4",2025-07-07,8,79.7,7.1,1.5,14200,8.2,NA,NA,79.7
"RET2.4",2025-07-07,9,79.34,7.1,1.1,14800,8.4,NA,NA,79.34
"RET2.4",2025-07-07,10,79.34,7.1,0.9,15300,9.8,NA,NA,79.34
"RET2.4",2025-07-07,11,78.8,7.1,0.5,15700,9.1,NA,NA,78.8
"RET2.4",2025-07-07,12,78.8,7.1,0.6,15700,9.2,NA,NA,78.8
"RET2.4",2025-07-07,13,78.26,7.1,0.3,16600,9.7,NA,NA,78.26
"RET2.4",2025-07-07,14,78.44,7.1,0.3,16600,9.7,NA,NA,78.44
"RET2.4",2025-07-07,15,78.26,7.1,0.3,16700,9.8,NA,NA,78.26
"RET2.4",2025-07-07,16,78.26,7.1,0.3,16800,9.9,NA,NA,78.26
"RET2.2",2025-07-07,0.5,83.48,7.4,5.4,4040,2.1,NA,"0.5",83.48
"RET2.2",2025-07-07,2.3,83.3,7.4,5.2,4600,2.4,NA,NA,83.3
"RET2.2",2025-07-07,4.6,83.3,7.4,5.1,4730,2.5,NA,NA,83.3
"RET2.2",2025-07-07,6.9,83.12,7.3,4.6,5280,2.8,NA,NA,83.12
"RET2.2",2025-07-07,8.7,82.94,7.3,4.3,5580,3,NA,NA,82.94
"RET2.1",2025-07-07,0.5,85.1,7.7,7.3,264,0.1,NA,"0.7",85.1
"RET2.1",2025-07-07,4.6,84.92,7.7,7.1,284,0.1,NA,NA,84.92
"RET2.1",2025-07-07,5.8,84.92,7.7,7,298,0.1,NA,NA,84.92
"TF2.4",2025-07-07,0.5,85.46,7.7,7.4,240,0.1,NA,"0.5",85.46
"TF2.4",2025-07-07,4.8,85.28,7.6,7.2,240,0.1,NA,NA,85.28
"TF2.4",2025-07-07,7.8,85.28,7.6,7.1,241,0.1,NA,NA,85.28
"MAT0016",2025-07-07,0.5,86.54,7.8,7.1,225,0.1,NA,"0.5",86.54
"MAT0016",2025-07-07,1,86.36,7.8,7,225,0.1,NA,NA,86.36
"MAT0016",2025-07-07,2,86.18,7.8,6.9,225,0.1,NA,NA,86.18
"MAT0016",2025-07-07,3,86.18,7.9,7.1,228,0.1,NA,NA,86.18
"MAT0016",2025-07-07,4,86,7.9,7.2,229,0.1,NA,NA,86
"TF2.3",2025-07-07,0.5,85.82,7.6,6.4,295,0.1,NA,"0.7",85.82
"TF2.3",2025-07-07,2.3,85.46,7.6,6.3,295,0.1,NA,NA,85.46
"TF2.3",2025-07-07,4.6,85.46,7.6,6.2,295,0.1,NA,NA,85.46
"TF2.3",2025-07-07,6.9,85.46,7.6,6.2,295,0.1,NA,NA,85.46
"TF2.3",2025-07-07,9.1,85.46,7.6,6.2,295,0.1,NA,NA,85.46
"TF2.3",2025-07-07,12,85.46,7.6,6.1,295,0.1,NA,NA,85.46
"TF2.2",2025-07-07,0.5,85.28,7.8,7.1,313,0.2,NA,"0.6",85.28
"TF2.2",2025-07-07,4.6,84.38,7.7,6.4,319,0.2,NA,NA,84.38
"TF2.2",2025-07-07,6.7,84.38,7.7,6.3,319,0.2,NA,NA,84.38
"TF2.1",2025-07-07,0.5,84.56,7.8,7.2,321,0.2,NA,"0.5",84.56
"TF2.1",2025-07-07,4.6,84.38,7.8,7.1,322,0.2,NA,NA,84.38
"TF2.1",2025-07-07,9.1,84.2,7.8,7.1,324,0.2,NA,NA,84.2
"TF2.1",2025-07-07,13.7,84.2,7.8,7.1,327,0.2,NA,NA,84.2
"TF2.1",2025-07-07,16.7,84.2,7.8,7.1,327,0.2,NA,NA,84.2
"XFB1986",2025-07-07,0.5,86.36,7.8,7.7,273,0.1,NA,"0.4",86.36
"PIS0033",2025-07-07,0,77,7.1,6.7,288,0.2,NA,NA,77
"MAT0078",2025-07-07,0,77.36,6.8,5.7,168,0.1,NA,NA,77.36
"CB7.1",2025-07-14,1,85.6706,8.43,9.21,25394,15.38,"BAY892","",85.6706
"CB7.1",2025-07-14,2,85.5752,8.42,9.2,25413,15.4,"BAY892","",85.5752
"CB7.1",2025-07-14,3,84.8408,8.27,8.15,26359,16.04,"BAY892","",84.8408
"CB7.1",2025-07-14,4,84.6518,8.17,7.3,26905,16.4,"BAY892","",84.6518
"CB7.1",2025-07-14,5,84.5312,8.12,6.86,27174,16.58,"BAY892","",84.5312
"CB7.1",2025-07-14,6,84.092,7.99,5.68,27585,16.87,"BAY892","",84.092
"CB7.1",2025-07-14,7,83.6726,7.88,4.69,27796,17.01,"BAY892","",83.6726
"CB7.1",2025-07-14,8,83.165,7.75,3.81,28883,17.75,"BAY892","",83.165
"CB7.1",2025-07-14,9,82.346,7.62,2.95,30712,19,"BAY892","",82.346
"CB7.1",2025-07-14,10,81.6494,7.55,2.46,32206,20.03,"BAY892","",81.6494
"CB7.1",2025-07-14,11,81.5342,7.55,2.65,32697,20.37,"BAY892","",81.5342
"CB7.1",2025-07-14,12,81.392,7.51,2.05,32539,20.26,"BAY892","",81.392
"CB7.1",2025-07-14,13,81.2714,7.52,2.1,32861,20.48,"BAY892","",81.2714
"CB7.1",2025-07-14,14,81.1922,7.53,2.22,33167,20.7,"BAY892","",81.1922
"CB7.1",2025-07-14,15,81.113,7.54,2.35,33437,20.88,"BAY892","",81.113
"CB7.1",2025-07-14,16,81.0338,7.55,2.5,33641,21.02,"BAY892","",81.0338
"CB7.1N",2025-07-14,1,85.7102,8.24,8.01,24727,14.94,"BAY892","",85.7102
"CB7.1N",2025-07-14,2,85.2674,8.21,7.83,24318,14.68,"BAY892","",85.2674
"CB7.1N",2025-07-14,3,85.3466,8.21,7.84,24411,14.74,"BAY892","",85.3466
"CB7.1N",2025-07-14,4,85.4132,8.22,7.9,24474,14.78,"BAY892","",85.4132
"CB7.1N",2025-07-14,5,85.5014,8.22,7.95,24561,14.83,"BAY892","",85.5014
"CB7.1N",2025-07-14,6,85.3448,8.22,7.92,24615,14.87,"BAY892","",85.3448
"CB7.1N",2025-07-14,7,85.2494,8.22,7.89,24641,14.89,"BAY892","",85.2494
"CB7.1N",2025-07-14,8,85.1792,8.22,7.86,24662,14.9,"BAY892","",85.1792
"CB7.1N",2025-07-14,9,85.046,8.22,7.81,24703,14.93,"BAY892","",85.046
"CB7.1N",2025-07-14,10,84.9038,8.22,7.75,24751,14.96,"BAY892","",84.9038
"CB7.1N",2025-07-14,11,84.659,8.21,7.61,24875,15.05,"BAY892","",84.659
"CB7.1N",2025-07-14,12,84.6302,8.21,7.5,24914,15.08,"BAY892","",84.6302
"CB7.1N",2025-07-14,13,84.461,8.18,7.14,25100,15.2,"BAY892","",84.461
"CB7.1N",2025-07-14,14,83.6798,7.87,4.88,26102,15.88,"BAY892","",83.6798
"CB7.1N",2025-07-14,15,83.6474,7.86,4.85,26123,15.89,"BAY892","",83.6474
"CB7.1N",2025-07-14,16,83.6528,7.87,4.88,26093,15.87,"BAY892","",83.6528
"CB7.1N",2025-07-14,17,83.6204,7.87,4.89,26114,15.88,"BAY892","",83.6204
"CB7.1N",2025-07-14,18,83.5952,7.87,4.85,26162,15.92,"BAY892","",83.5952
"CB7.1N",2025-07-14,19,83.543,7.84,4.67,26276,15.99,"BAY892","",83.543
"CB7.1N",2025-07-14,20,83.4098,7.8,4.38,26597,16.21,"BAY892","",83.4098
"CB7.1N",2025-07-14,21,83.3954,7.78,4.25,26634,16.23,"BAY892","",83.3954
"CB7.1N",2025-07-14,22,83.2316,7.73,3.89,27015,16.49,"BAY892","",83.2316
"CB7.1N",2025-07-14,23,83.2298,7.73,3.9,27024,16.5,"BAY892","",83.2298
"CB7.1N",2025-07-14,24,83.2874,7.74,3.97,26894,16.41,"BAY892","",83.2874
"CB7.1S",2025-07-14,1,85.6508,8.34,8.11,26376,16.04,"BAY892","",85.6508
"CB7.1S",2025-07-14,2,85.0964,8.35,8.22,26462,16.1,"BAY892","",85.0964
"CB7.1S",2025-07-14,3,85.4834,8.23,7.74,28008,17.13,"BAY892","",85.4834
"CB7.1S",2025-07-14,4,85.0874,8.19,7.42,28640,17.56,"BAY892","",85.0874
"CB7.1S",2025-07-14,5,84.7922,8.17,7.23,28817,17.69,"BAY892","",84.7922
"CB7.1S",2025-07-14,6,83.9732,8.11,6.79,29874,18.41,"BAY892","",83.9732
"CB7.1S",2025-07-14,7,80.9978,7.76,4.17,34645,21.72,"BAY892","",80.9978
"CB7.1S",2025-07-14,8,80.8952,7.75,4.1,34807,21.83,"BAY892","",80.8952
"CB7.1S",2025-07-14,9,80.8484,7.75,4.08,34886,21.89,"BAY892","",80.8484
"CB7.1S",2025-07-14,10,80.699,7.73,3.95,35120,22.05,"BAY892","",80.699
"CB7.1S",2025-07-14,11,79.7918,7.63,3.24,36499,23.02,"BAY892","",79.7918
"CB7.1S",2025-07-14,12,79.745,7.62,3.27,36579,23.08,"BAY892","",79.745
"CB7.1S",2025-07-14,13,79.7774,7.63,3.27,36525,23.04,"BAY892","",79.7774
"CB7.1S",2025-07-14,14,79.7612,7.63,3.26,36552,23.06,"BAY892","",79.7612
"CB7.1S",2025-07-14,15,79.754,7.62,3.29,36564,23.07,"BAY892","",79.754
"CB7.1S",2025-07-14,16,79.7504,7.62,3.33,36574,23.08,"BAY892","",79.7504
"CB7.2",2025-07-14,1,85.2458,8.35,7.89,26459,16.1,"BAY892","",85.2458
"CB7.2",2025-07-14,2,85.2134,8.34,7.9,26448,16.09,"BAY892","",85.2134
"CB7.2",2025-07-14,3,84.7724,8.26,7.72,28558,17.51,"BAY892","",84.7724
"CB7.2",2025-07-14,4,83.543,8.14,7.09,30308,18.71,"BAY892","",83.543
"CB7.2",2025-07-14,5,83.7698,8.13,7.07,31543,19.55,"BAY892","",83.7698
"CB7.2",2025-07-14,6,82.0184,7.96,5.82,34124,21.35,"BAY892","",82.0184
"CB7.2",2025-07-14,7,80.2652,7.86,5.1,36197,22.81,"BAY892","",80.2652
"CB7.2",2025-07-14,8,77.882,7.78,4.69,38454,24.42,"BAY892","",77.882
"CB7.2",2025-07-14,9,77.8352,7.78,4.67,38480,24.44,"BAY892","",77.8352
"CB7.2",2025-07-14,10,77.72,7.76,4.6,38551,24.49,"BAY892","",77.72
"CB7.2",2025-07-14,11,77.7002,7.77,4.49,38551,24.49,"BAY892","",77.7002
"CB7.2",2025-07-14,12,77.549,7.77,4.48,38667,24.57,"BAY892","",77.549
"CB7.2",2025-07-14,13,77.45,7.77,4.47,38747,24.63,"BAY892","",77.45
"CB7.2",2025-07-14,14,77.3528,7.77,4.44,38822,24.68,"BAY892","",77.3528
"CB7.2",2025-07-14,15,77.1764,7.77,4.44,38965,24.78,"BAY892","",77.1764
"CB7.2",2025-07-14,16,76.9946,7.77,4.45,39115,24.89,"BAY892","",76.9946
"CB7.2",2025-07-14,17,76.8506,7.77,4.46,39230,24.97,"BAY892","",76.8506
"CB7.2",2025-07-14,18,76.5428,7.76,4.49,39482,25.16,"BAY892","",76.5428
"CB7.2",2025-07-14,19,76.2872,7.76,4.5,39696,25.31,"BAY892","",76.2872
"CB7.2",2025-07-14,20,76.2152,7.75,4.51,39762,25.36,"BAY892","",76.2152
"CB7.2",2025-07-14,21,76.217,7.74,4.52,39763,25.36,"BAY892","",76.217
"CB7.2",2025-07-14,22,76.2116,7.74,4.56,39776,25.37,"BAY892","",76.2116
"CB7.2E",2025-07-14,1,84.3656,8.3,7.47,28480,17.46,"BAY892","",84.3656
"CB7.2E",2025-07-14,2,83.9822,8.22,7.26,29263,18,"BAY892","",83.9822
"CB7.2E",2025-07-14,3,83.0264,8.11,6.83,31602,19.6,"BAY892","",83.0264
"CB7.2E",2025-07-14,4,82.4972,8.02,6.19,33223,20.72,"BAY892","",82.4972
"CB7.2E",2025-07-14,5,79.385,7.83,4.79,37159,23.49,"BAY892","",79.385
"CB7.2E",2025-07-14,6,79.2986,7.83,4.8,37231,23.54,"BAY892","",79.2986
"CB7.2E",2025-07-14,7,79.1834,7.83,4.8,37341,23.62,"BAY892","",79.1834
"CB7.2E",2025-07-14,8,79.124,7.83,4.81,37396,23.66,"BAY892","",79.124
"CB7.2E",2025-07-14,9,79.07,7.83,4.8,37446,23.7,"BAY892","",79.07
"CB7.2E",2025-07-14,10,78.9728,7.82,4.75,37528,23.75,"BAY892","",78.9728
"CB7.2E",2025-07-14,11,78.9566,7.82,4.74,37544,23.77,"BAY892","",78.9566
"CB7.2E",2025-07-14,12,78.9368,7.81,4.74,37563,23.78,"BAY892","",78.9368
"CB7.2E",2025-07-14,13,78.944,7.81,4.78,37569,23.78,"BAY892","",78.944
"CB7.3",2025-07-14,1,82.6988,8.13,7.21,31346,19.43,"BAY892","",82.6988
"CB7.3",2025-07-14,2,82.6736,8.14,7.23,31488,19.53,"BAY892","",82.6736
"CB7.3",2025-07-14,3,81.0356,8.04,6.85,35105,22.04,"BAY892","",81.0356
"CB7.3",2025-07-14,4,79.9808,8,6.66,36707,23.17,"BAY892","",79.9808
"CB7.3",2025-07-14,5,76.4924,7.93,6.48,40366,25.79,"BAY892","",76.4924
"CB7.3",2025-07-14,6,76.3682,7.93,6.56,41032,26.26,"BAY892","",76.3682
"CB7.3",2025-07-14,7,76.3052,7.93,6.58,41168,26.36,"BAY892","",76.3052
"CB7.3",2025-07-14,8,76.0622,7.93,6.53,41226,26.4,"BAY892","",76.0622
"CB7.3",2025-07-14,9,74.4116,7.9,6.27,41953,26.94,"BAY892","",74.4116
"CB7.3",2025-07-14,10,73.7492,7.88,6.17,42408,27.27,"BAY892","",73.7492
"CB7.3",2025-07-14,11,72.0842,7.85,6.05,43652,28.17,"BAY892","",72.0842
"CB7.3",2025-07-14,12,71.9762,7.84,6.1,43722,28.22,"BAY892","",71.9762
"CB7.3",2025-07-14,13,71.7386,7.84,6.11,43920,28.37,"BAY892","",71.7386
"CB7.3E",2025-07-14,1,83.057,8.15,7.24,32579,20.27,"BAY892","",83.057
"CB7.3E",2025-07-14,2,82.769,8.13,7.03,33545,20.94,"BAY892","",82.769
"CB7.3E",2025-07-14,3,78.7658,7.94,6.01,38084,24.15,"BAY892","",78.7658
"CB7.3E",2025-07-14,4,76.496,7.88,5.78,40140,25.63,"BAY892","",76.496
"CB7.3E",2025-07-14,5,76.3304,7.87,5.7,40266,25.72,"BAY892","",76.3304
"CB7.3E",2025-07-14,6,75.983,7.86,5.61,40414,25.83,"BAY892","",75.983
"CB7.3E",2025-07-14,7,75.938,7.86,5.57,40434,25.84,"BAY892","",75.938
"CB7.3E",2025-07-14,8,75.4484,7.84,5.44,40861,26.15,"BAY892","",75.4484
"CB7.3E",2025-07-14,9,75.3764,7.84,5.39,40946,26.21,"BAY892","",75.3764
"CB7.3E",2025-07-14,10,75.389,7.84,5.41,40901,26.18,"BAY892","",75.389
"CB7.3E",2025-07-14,11,75.4286,7.84,5.38,40925,26.19,"BAY892","",75.4286
"CB7.3E",2025-07-14,12,75.2954,7.84,5.37,41089,26.31,"BAY892","",75.2954
"CB7.3E",2025-07-14,13,75.3044,7.84,5.36,41108,26.32,"BAY892","",75.3044
"CB7.3E",2025-07-14,14,75.2936,7.84,5.35,41180,26.37,"BAY892","",75.2936
"CB7.3E",2025-07-14,15,75.1028,7.83,5.29,41348,26.5,"BAY892","",75.1028
"CB7.3E",2025-07-14,16,74.8976,7.82,5.26,41469,26.58,"BAY892","",74.8976
"CB7.3E",2025-07-14,17,74.8238,7.81,5.24,41500,26.61,"BAY892","",74.8238
"CB7.3E",2025-07-14,18,74.7662,7.81,5.24,41528,26.63,"BAY892","",74.7662
"CB7.3N",2025-07-14,1,83.4908,8.15,7.41,31389,19.45,"BAY892","",83.4908
"CB7.3N",2025-07-14,29,74.5484,7.78,5.1,41863,26.87,"BAY892","",74.5484
"CB7.3N",2025-07-14,30,74.57,7.78,5.1,41894,26.89,"BAY892","",74.57
"CB7.3N",2025-07-14,31,74.5592,7.78,5.1,41897,26.89,"BAY892","",74.5592
"CB7.3N",2025-07-14,32,74.579,7.78,5.11,41944,26.92,"BAY892","",74.579
"CB7.3N",2025-07-14,33,74.552,7.79,5.13,41979,26.95,"BAY892","",74.552
"CB7.3N",2025-07-14,34,74.5376,7.79,5.13,41991,26.96,"BAY892","",74.5376
"CB7.3N",2025-07-14,35,74.5142,7.79,5.13,42005,26.97,"BAY892","",74.5142
"CB7.3N",2025-07-14,36,74.498,7.79,5.13,42012,26.97,"BAY892","",74.498
"CB7.3N",2025-07-14,37,74.4602,7.78,5.11,42034,26.99,"BAY892","",74.4602
"CB7.3N",2025-07-14,38,74.4512,7.78,5.11,42053,27,"BAY892","",74.4512
"CB8.1",2025-07-14,1,81.536,7.92,6.47,33638,21.02,"BAY892","",81.536
"CB8.1",2025-07-14,2,80.1644,7.91,6.17,35321,22.2,"BAY892","",80.1644
"CB8.1",2025-07-14,3,79.0268,7.85,5.66,36467,23.01,"BAY892","",79.0268
"CB8.1",2025-07-14,4,78.224,7.82,5.39,37127,23.48,"BAY892","",78.224
"CB8.1",2025-07-14,5,74.6402,7.8,5.31,40374,25.81,"BAY892","",74.6402
"CB8.1",2025-07-14,6,74.0606,7.79,5.3,40875,26.17,"BAY892","",74.0606
"CB8.1",2025-07-14,7,73.9184,7.78,5.3,40986,26.25,"BAY892","",73.9184
"CB8.1",2025-07-14,8,70.4228,7.79,5.76,44049,28.47,"BAY892","",70.4228
"EE3.4",2025-07-14,1,86.4356,8.11,7.57,27013,16.46,"BAY892","",86.4356
"EE3.4",2025-07-14,2,86.6714,8.15,7.79,27023,16.46,"BAY892","",86.6714
"EE3.4",2025-07-14,3,86.4806,8.14,7.67,27009,16.45,"BAY892","",86.4806
"EE3.5",2025-07-14,1,86.5256,8.25,7.69,25401,15.38,"BAY892","",86.5256
"EE3.5",2025-07-14,2,84.8588,8.13,7.07,26765,16.31,"BAY892","",84.8588
"EE3.5",2025-07-14,3,84.7976,8.1,6.83,26855,16.37,"BAY892","",84.7976
"EE3.5",2025-07-14,4,84.8066,8.1,6.76,26832,16.35,"BAY892","",84.8066
"EE3.5",2025-07-14,5,84.7616,8.08,6.58,26878,16.38,"BAY892","",84.7616
"EE3.5",2025-07-14,6,84.776,8.07,6.48,26860,16.37,"BAY892","",84.776
"EE3.5",2025-07-14,7,84.4736,8.03,6.08,27169,16.58,"BAY892","",84.4736
"EE3.5",2025-07-14,8,84.2828,7.98,5.7,27360,16.71,"BAY892","",84.2828
"EE3.5",2025-07-14,9,84.0578,7.93,5.31,27627,16.89,"BAY892","",84.0578
"EE3.5",2025-07-14,10,83.9012,7.88,4.91,27909,17.08,"BAY892","",83.9012
"EE3.5",2025-07-14,11,83.9354,7.9,5.04,27826,17.03,"BAY892","",83.9354
"EE3.5",2025-07-14,12,83.4278,7.69,3.91,28516,17.5,"BAY892","",83.4278
"EE3.5",2025-07-14,13,84.1622,7.96,5.6,27524,16.82,"BAY892","",84.1622
"EE3.5",2025-07-14,14,84.2828,7.97,5.68,27417,16.75,"BAY892","",84.2828
"EE3.5",2025-07-14,15,84.0866,7.93,5.36,27615,16.88,"BAY892","",84.0866
"EE3.5",2025-07-14,16,83.4584,7.76,3.96,28530,17.51,"BAY892","",83.4584
"EE3.5",2025-07-14,17,83.2946,7.71,3.64,28781,17.68,"BAY892","",83.2946
"EE3.5",2025-07-14,18,83.0984,7.67,3.32,29102,17.9,"BAY892","",83.0984
"EE3.5",2025-07-14,19,83.0588,7.64,3.09,29154,17.93,"BAY892","",83.0588
"EE3.5",2025-07-14,20,82.985,7.62,2.93,29267,18.01,"BAY892","",82.985
"EE3.5",2025-07-14,21,83.507,7.68,3.76,28452,17.45,"BAY892","",83.507
"EE3.5",2025-07-14,22,83.2928,7.7,3.46,28740,17.65,"BAY892","",83.2928
"EE3.5",2025-07-14,23,82.6142,7.51,2.13,29733,18.33,"BAY892","",82.6142
"EE3.5",2025-07-14,24,82.1372,7.47,1.85,30728,19.01,"BAY892","",82.1372
"EE3.5",2025-07-14,25,82.1156,7.46,1.86,30772,19.04,"BAY892","",82.1156
"CB5.4",2025-07-15,1,83.4008,8.25,7.21,22321,13.38,"BAY892","",83.4008
"CB5.4",2025-07-15,2,83.4368,8.23,7.1,22122,13.25,"BAY892","",83.4368
"CB5.4",2025-07-15,3,84.6374,8.31,7.16,23452,14.11,"BAY892","",84.6374
"CB5.4",2025-07-15,4,84.065,8.08,5.46,24055,14.51,"BAY892","",84.065
"CB5.4",2025-07-15,5,84.7742,8.28,6.78,23668,14.25,"BAY892","",84.7742
"CB5.4",2025-07-15,6,81.7484,7.47,1.83,26134,15.92,"BAY892","",81.7484
"CB5.4",2025-07-15,7,81.4604,7.43,1.63,26372,16.08,"BAY892","",81.4604
"CB5.4",2025-07-15,8,81.5306,7.44,1.6,26326,16.05,"BAY892","",81.5306
"CB5.4",2025-07-15,9,80.8268,7.31,0.75,27247,16.67,"BAY892","",80.8268
"CB5.4",2025-07-15,10,80.3282,7.27,0.37,29110,17.93,"BAY892","",80.3282
"CB5.4",2025-07-15,11,80.492,7.27,0.33,30213,18.68,"BAY892","",80.492
"CB5.4",2025-07-15,12,80.3948,7.27,0.3,30697,19.01,"BAY892","",80.3948
"CB5.4",2025-07-15,13,80.4992,7.28,0.45,29709,18.34,"BAY892","",80.4992
"CB5.4",2025-07-15,14,80.4632,7.27,0.33,29905,18.47,"BAY892","",80.4632
"CB5.4",2025-07-15,15,80.4326,7.31,0.47,32319,20.12,"BAY892","",80.4326
"CB5.4",2025-07-15,16,80.5298,7.32,0.56,32432,20.2,"BAY892","",80.5298
"CB5.4",2025-07-15,17,80.5028,7.32,0.52,32546,20.28,"BAY892","",80.5028
"CB5.4",2025-07-15,18,80.5244,7.33,0.63,32770,20.43,"BAY892","",80.5244
"CB5.4",2025-07-15,19,80.6504,7.36,0.75,32942,20.55,"BAY892","",80.6504
"CB5.4",2025-07-15,20,80.6594,7.36,0.78,32981,20.57,"BAY892","",80.6594
"CB5.4",2025-07-15,21,80.7116,7.38,0.91,33082,20.64,"BAY892","",80.7116
"CB5.4",2025-07-15,22,80.7548,7.4,1.02,33153,20.69,"BAY892","",80.7548
"CB5.4",2025-07-15,23,80.7746,7.41,1.11,33207,20.73,"BAY892","",80.7746
"CB5.4",2025-07-15,24,80.8394,7.45,1.39,33410,20.86,"BAY892","",80.8394
"CB5.4",2025-07-15,25,80.8628,7.47,1.48,33446,20.89,"BAY892","",80.8628
"CB5.4",2025-07-15,26,80.7764,7.45,1.39,33554,20.96,"BAY892","",80.7764
"CB5.4",2025-07-15,27,80.7584,7.47,1.52,33724,21.08,"BAY892","",80.7584
"CB5.4",2025-07-15,28,80.7602,7.46,1.53,33765,21.11,"BAY892","",80.7602
"CB5.4",2025-07-15,29,80.7296,7.46,1.56,33874,21.19,"BAY892","",80.7296
"CB5.4",2025-07-15,30,80.6864,7.44,1.54,33926,21.22,"BAY892","",80.6864
"CB5.4W",2025-07-15,1,85.307,8.06,5.67,22374,13.4,"BAY892","",85.307
"CB5.4W",2025-07-15,2,85.2782,7.98,5.08,22503,13.48,"BAY892","",85.2782
"CB5.4W",2025-07-15,3,84.7202,7.87,4.56,22851,13.71,"BAY892","",84.7202
"CB5.5",2025-07-15,1,83.4116,8.32,7.59,23180,13.94,"BAY892","",83.4116
"CB5.5",2025-07-15,2,83.39,8.29,7.4,23256,13.99,"BAY892","",83.39
"CB5.5",2025-07-15,3,83.5394,8.21,6.79,23561,14.19,"BAY892","",83.5394
"CB5.5",2025-07-15,4,83.5988,8.05,5.78,24103,14.55,"BAY892","",83.5988
"CB5.5",2025-07-15,5,83.1956,7.87,4.56,24478,14.8,"BAY892","",83.1956
"CB5.5",2025-07-15,6,83.039,7.86,4.24,25098,15.21,"BAY892","",83.039
"CB5.5",2025-07-15,7,81.275,7.33,0.7,28343,17.41,"BAY892","",81.275
"CB5.5",2025-07-15,8,81.2516,7.33,0.71,28706,17.65,"BAY892","",81.2516
"CB5.5",2025-07-15,9,81.1454,7.32,0.67,28795,17.71,"BAY892","",81.1454
"CB5.5",2025-07-15,10,81.1094,7.32,0.66,28844,17.75,"BAY892","",81.1094
"CB5.5",2025-07-15,11,81.221,7.34,0.69,30356,18.77,"BAY892","",81.221
"CB5.5",2025-07-15,12,80.8934,7.34,0.78,32070,19.94,"BAY892","",80.8934
"CB5.5",2025-07-15,13,81.1058,7.44,1.45,32508,20.24,"BAY892","",81.1058
"CB5.5",2025-07-15,14,80.7584,7.43,1.51,33353,20.83,"BAY892","",80.7584
"CB6.1",2025-07-15,1,84.4574,8.27,7.62,24781,14.99,"BAY892","",84.4574
"CB6.1",2025-07-15,2,84.2666,8.28,7.64,24816,15.02,"BAY892","",84.2666
"CB6.1",2025-07-15,3,84.4124,8.28,7.46,24998,15.13,"BAY892","",84.4124
"CB6.1",2025-07-15,4,84.4988,8.3,7.34,25160,15.24,"BAY892","",84.4988
"CB6.1",2025-07-15,5,84.5906,8.31,7.24,25522,15.48,"BAY892","",84.5906
"CB6.1",2025-07-15,6,84.4592,8.24,6.69,26359,16.04,"BAY892","",84.4592
"CB6.1",2025-07-15,7,82.4108,7.64,2.67,29263,18.02,"BAY892","",82.4108
"CB6.1",2025-07-15,8,80.717,7.38,0.97,32436,20.2,"BAY892","",80.717
"CB6.1",2025-07-15,9,80.3066,7.38,0.93,33779,21.13,"BAY892","",80.3066
"CB6.1",2025-07-15,10,80.1788,7.38,0.99,34240,21.45,"BAY892","",80.1788
"CB6.1",2025-07-15,11,80.0924,7.37,1.08,34477,21.61,"BAY892","",80.0924
"CB6.2",2025-07-15,1,84.6392,8.04,6.74,26114,15.87,"BAY892","",84.6392
"CB6.2",2025-07-15,2,83.8724,8.06,6.68,26138,15.9,"BAY892","",83.8724
"CB6.2",2025-07-15,3,83.5826,8.03,6.38,26208,15.95,"BAY892","",83.5826
"CB6.2",2025-07-15,4,83.507,8,6.01,26259,15.98,"BAY892","",83.507
"CB6.2",2025-07-15,5,83.4476,7.99,5.78,26359,16.05,"BAY892","",83.4476
"CB6.2",2025-07-15,6,83.4566,8,5.64,26377,16.06,"BAY892","",83.4566
"CB6.2",2025-07-15,7,82.8932,7.86,4.58,27971,17.14,"BAY892","",82.8932
"CB6.2",2025-07-15,8,81.0608,7.44,1.76,31778,19.74,"BAY892","",81.0608
"CB6.2",2025-07-15,9,80.4578,7.38,1.44,33102,20.66,"BAY892","",80.4578
"CB6.3",2025-07-15,1,84.7382,8.22,7.52,26783,16.32,"BAY892","",84.7382
"CB6.3",2025-07-15,2,84.2918,8.23,7.56,26764,16.31,"BAY892","",84.2918
"CB6.3",2025-07-15,3,84.0308,8.22,7.42,26758,16.31,"BAY892","",84.0308
"CB6.3",2025-07-15,4,83.9174,8.2,7.11,26758,16.31,"BAY892","",83.9174
"CB6.3",2025-07-15,5,83.7392,8.13,6.54,26954,16.45,"BAY892","",83.7392
"CB6.3",2025-07-15,6,83.03,7.89,5.17,28351,17.39,"BAY892","",83.03
"CB6.3",2025-07-15,7,82.4522,7.8,4.53,29226,17.99,"BAY892","",82.4522
"CB6.3",2025-07-15,8,81.8636,7.7,3.84,30227,18.68,"BAY892","",81.8636
"CB6.3",2025-07-15,9,80.1482,7.55,2.69,34006,21.29,"BAY892","",80.1482
"CB6.3",2025-07-15,10,78.9062,7.56,2.97,36353,22.93,"BAY892","",78.9062
"CB6.4",2025-07-15,1,83.8274,8.24,7.65,29863,18.41,"BAY892","",83.8274
"CB6.4",2025-07-15,2,83.4782,8.2,7.56,30997,19.18,"BAY892","",83.4782
"CB6.4",2025-07-15,3,83.3882,8.17,7.35,31563,19.57,"BAY892","",83.3882
"CB6.4",2025-07-15,4,83.9102,8.16,7.16,32378,20.12,"BAY892","",83.9102
"CB6.4",2025-07-15,5,83.9084,8.15,7.06,32547,20.24,"BAY892","",83.9084
"CB6.4",2025-07-15,6,83.4908,8.11,6.81,33153,20.66,"BAY892","",83.4908
"CB6.4",2025-07-15,7,82.679,8.04,6.28,33663,21.02,"BAY892","",82.679
"CB6.4",2025-07-15,8,81.1094,7.89,5.27,34781,21.81,"BAY892","",81.1094
"LE3.6",2025-07-15,1,84.6104,8.18,7.08,25077,15.19,"BAY892","",84.6104
"LE3.6",2025-07-15,2,84.4628,8.2,7.05,25091,15.2,"BAY892","",84.4628
"LE3.6",2025-07-15,3,84.4574,8.19,6.93,25099,15.2,"BAY892","",84.4574
"LE3.6",2025-07-15,4,84.2918,8.12,6.26,25194,15.27,"BAY892","",84.2918
"LE3.6",2025-07-15,5,84.2864,8.11,6.16,25200,15.27,"BAY892","",84.2864
"LE3.6",2025-07-15,6,84.0434,7.94,4.85,25393,15.4,"BAY892","",84.0434
"LE3.6",2025-07-15,7,83.4656,7.69,3.36,25872,15.73,"BAY892","",83.4656
"LE3.6",2025-07-15,8,83.1866,7.53,2.43,25991,15.81,"BAY892","",83.1866
"LE3.7",2025-07-15,1,84.9884,8.19,7.3,25109,15.2,"BAY892","",84.9884
"LE3.7",2025-07-15,2,84.5762,8.09,6.32,25278,15.32,"BAY892","",84.5762
"LE3.7",2025-07-15,3,84.5096,8.06,6.08,25320,15.35,"BAY892","",84.5096
"LE3.7",2025-07-15,4,84.344,8.01,5.65,25445,15.43,"BAY892","",84.344
"LE3.7",2025-07-15,5,84.1802,7.9,5.06,25554,15.51,"BAY892","",84.1802
"LE5.5-W",2025-07-15,1,83.2694,7.91,6.81,33875,21.16,"BAY892","",83.2694
"LE5.5-W",2025-07-15,2,82.616,7.9,6.59,33967,21.23,"BAY892","",82.616
"LE5.5-W",2025-07-15,3,82.2002,7.89,6.45,34041,21.29,"BAY892","",82.2002
"LE5.5-W",2025-07-15,4,81.905,7.88,6.39,34154,21.37,"BAY892","",81.905
"LE5.5-W",2025-07-15,5,81.7322,7.88,6.34,34252,21.44,"BAY892","",81.7322
"LE5.5-W",2025-07-15,6,81.3434,7.88,6.24,34558,21.66,"BAY892","",81.3434
"LE5.5-W",2025-07-15,7,80.9042,7.87,6.13,34935,21.92,"BAY892","",80.9042
"LE5.5-W",2025-07-15,8,80.8232,7.87,6.09,34998,21.97,"BAY892","",80.8232
"LE5.5-W",2025-07-15,9,80.3768,7.86,5.97,35454,22.29,"BAY892","",80.3768
"LE5.5-W",2025-07-15,10,80.4038,7.86,5.96,35422,22.27,"BAY892","",80.4038
"LE5.5-W",2025-07-15,11,80.42,7.85,5.87,35423,22.27,"BAY892","",80.42
"LE5.5-W",2025-07-15,12,79.7126,7.83,5.72,36099,22.75,"BAY892","",79.7126
"CB7.4",2025-07-16,1,81.4226,8.06,7.06,33886,21.19,"BAY892","",81.4226
"CB7.4",2025-07-16,2,79.9232,8.01,6.96,35858,22.58,"BAY892","",79.9232
"CB7.4",2025-07-16,3,79.9772,8.02,6.96,35795,22.53,"BAY892","",79.9772
"CB7.4",2025-07-16,4,79.1024,8,6.83,36772,23.22,"BAY892","",79.1024
"CB7.4",2025-07-16,5,76.3034,7.93,6.5,39968,25.51,"BAY892","",76.3034
"CB7.4",2025-07-16,6,75.209,7.9,6.37,41214,26.4,"BAY892","",75.209
"CB7.4",2025-07-16,7,74.6564,7.89,6.31,41834,26.85,"BAY892","",74.6564
"CB7.4",2025-07-16,8,73.6358,7.85,6.3,43016,27.7,"BAY892","",73.6358
"CB7.4",2025-07-16,9,72.3344,7.89,6.35,44227,28.58,"BAY892","",72.3344
"CB7.4",2025-07-16,10,72.0932,7.89,6.36,44377,28.69,"BAY892","",72.0932
"CB7.4",2025-07-16,11,71.339,7.88,6.39,44897,29.07,"BAY892","",71.339
"CB7.4",2025-07-16,12,70.205,7.85,6.34,45415,29.45,"BAY892","",70.205
"CB7.4",2025-07-16,13,69.53,7.83,6.26,45642,29.62,"BAY892","",69.53
"CB7.4N",2025-07-16,1,79.853,8.02,6.85,37998,24.08,"BAY892","",79.853
"CB7.4N",2025-07-16,2,79.8548,8.02,6.82,37964,24.05,"BAY892","",79.8548
"CB7.4N",2025-07-16,3,79.6982,8,6.69,38386,24.35,"BAY892","",79.6982
"CB7.4N",2025-07-16,4,79.6046,7.99,6.61,38762,24.62,"BAY892","",79.6046
"CB7.4N",2025-07-16,5,79.3058,7.97,6.47,39496,25.14,"BAY892","",79.3058
"CB7.4N",2025-07-16,6,79.2536,7.96,6.46,39667,25.26,"BAY892","",79.2536
"CB7.4N",2025-07-16,7,79.1654,7.96,6.45,39945,25.46,"BAY892","",79.1654
"CB7.4N",2025-07-16,8,79.1132,7.95,6.44,40101,25.57,"BAY892","",79.1132
"CB7.4N",2025-07-16,9,78.8864,7.94,6.42,40901,26.14,"BAY892","",78.8864
"CB8.1E",2025-07-16,1,81.2066,7.93,6.76,34210,21.42,"BAY892","",81.2066
"CB8.1E",2025-07-16,2,80.8232,7.91,6.63,34413,21.56,"BAY892","",80.8232
"CB8.1E",2025-07-16,3,80.51,7.89,6.46,34717,21.78,"BAY892","",80.51
"CB8.1E",2025-07-16,4,80.3408,7.87,6.32,34944,21.94,"BAY892","",80.3408
"CB8.1E",2025-07-16,5,79.7972,7.85,5.99,35420,22.27,"BAY892","",79.7972
"CB8.1E",2025-07-16,6,79.1114,7.82,5.78,36131,22.78,"BAY892","",79.1114
"CB8.1E",2025-07-16,7,78.593,7.84,5.84,36534,23.06,"BAY892","",78.593
"CB8.1E",2025-07-16,8,77.7038,7.82,5.57,37523,23.77,"BAY892","",77.7038
"CB8.1E",2025-07-16,9,77.585,7.84,5.65,37607,23.83,"BAY892","",77.585
"CB8.1E",2025-07-16,10,76.9856,7.84,5.6,38281,24.31,"BAY892","",76.9856
"CB8.1E",2025-07-16,11,74.8562,7.8,5.49,40293,25.75,"BAY892","",74.8562
"CB8.1E",2025-07-16,12,74.1758,7.78,5.52,40790,26.11,"BAY892","",74.1758
"CB8.1E",2025-07-16,13,69.5462,7.76,5.7,44731,28.96,"BAY892","",69.5462
"WE4.1",2025-07-16,1,84.3836,8.06,6.97,30654,18.94,"BAY892","",84.3836
"WE4.1",2025-07-16,2,84.2504,8.07,6.91,30656,18.94,"BAY892","",84.2504
"WE4.1",2025-07-16,3,82.7996,7.96,5.57,31371,19.45,"BAY892","",82.7996
"WE4.1",2025-07-16,4,82.391,7.87,4.84,31773,19.73,"BAY892","",82.391
"WE4.2",2025-07-16,1,84.3818,7.94,6.66,30467,18.81,"BAY892","",84.3818
"WE4.2",2025-07-16,2,84.0344,7.9,6.17,30741,19,"BAY892","",84.0344
"WE4.2",2025-07-16,3,83.7608,7.9,5.94,31062,19.22,"BAY892","",83.7608
"WE4.2",2025-07-16,4,83.8112,7.91,5.99,31105,19.25,"BAY892","",83.8112
"WE4.2",2025-07-16,5,83.7842,7.9,5.95,31071,19.23,"BAY892","",83.7842
"WE4.2",2025-07-16,6,83.8706,7.93,6.17,31105,19.25,"BAY892","",83.8706
"WE4.2",2025-07-16,7,83.894,7.95,6.2,31122,19.26,"BAY892","",83.894
"WE4.2",2025-07-16,8,83.8958,7.95,6.12,31192,19.31,"BAY892","",83.8958
"WE4.2",2025-07-16,9,82.1426,7.76,4.17,32706,20.37,"BAY892","",82.1426
"WE4.2",2025-07-16,10,78.0494,7.5,2.04,37469,23.72,"BAY892","",78.0494
"WE4.2",2025-07-16,11,77.9072,7.48,2.04,37639,23.84,"BAY892","",77.9072
"WE4.3",2025-07-16,1,84.3476,8.01,7.13,31182,19.3,"BAY892","",84.3476
"WE4.3",2025-07-16,2,84.3548,8.01,7.12,31186,19.3,"BAY892","",84.3548
"WE4.3",2025-07-16,3,84.1802,8.01,7.03,31185,19.3,"BAY892","",84.1802
"WE4.3",2025-07-16,4,83.5286,7.87,5.69,31225,19.34,"BAY892","",83.5286
"WE4.4",2025-07-16,1,84.4682,7.96,6.83,31703,19.65,"BAY892","",84.4682
"WE4.4",2025-07-16,2,84.6104,7.98,6.94,31676,19.63,"BAY892","",84.6104
"WE4.4",2025-07-16,3,84.4268,7.96,6.76,31696,19.65,"BAY892","",84.4268
"WE4.4",2025-07-16,4,84.0416,7.92,6.31,31754,19.69,"BAY892","",84.0416
"WE4.4",2025-07-16,5,83.4008,7.86,5.66,31867,19.78,"BAY892","",83.4008
"WE4.4",2025-07-16,6,83.2928,7.86,5.64,31890,19.79,"BAY892","",83.2928
"EBB01",2025-07-16,1,82.976,7.23,3.43,26500,16.11,"BAY892","",82.976
"EBB01",2025-07-16,2,83.642,7.26,3.19,28996,17.73,"BAY892","",83.642
"EBB01",2025-07-16,3,83.642,7.31,3.23,29790,18.35,"BAY892","",83.642
"EBB01",2025-07-16,4,83.624,7.36,3.34,30419,18.76,"BAY892","",83.624
"EBE1",2025-07-16,1,82.994,7.32,3.9,32285,20.06,"BAY892","",82.994
"EBE1",2025-07-16,2,82.94,7.32,3.91,32444,20.19,"BAY892","",82.94
"EBE1",2025-07-16,3,82.868,7.33,3.89,32825,20.46,"BAY892","",82.868
"EBE1",2025-07-16,4,82.688,7.34,3.91,33035,20.61,"BAY892","",82.688
"EBE1",2025-07-16,5,82.58,7.37,3.93,33481,20.91,"BAY892","",82.58
"EBE1",2025-07-16,6,82.544,7.4,3.95,33541,20.94,"BAY892","",82.544
"EBE1",2025-07-16,7,82.274,7.43,3.96,38863,21.16,"BAY892","",82.274
"ELE01",2025-07-16,1,82.436,7.41,4.58,33746,21.08,"BAY892","",82.436
"ELE01",2025-07-16,2,82.454,7.41,4.55,33861,21.36,"BAY892","",82.454
"ELE01",2025-07-16,3,82.454,7.41,4.5,33841,21.15,"BAY892","",82.454
"ELE01",2025-07-16,4,82.418,7.41,4.36,33931,21.2,"BAY892","",82.418
"ELE01",2025-07-16,5,82.382,7.4,4.28,34201,21.39,"BAY892","",82.382
"ELE01",2025-07-16,6,82.382,7.41,4.26,34220,21.41,"BAY892","",82.382
"ELE01",2025-07-16,7,82.382,7.41,4.22,34241,21.42,"BAY892","",82.382
"ELE01",2025-07-16,8,82.31,7.41,4.19,34333,21.48,"BAY892","",82.31
"ELE01",2025-07-16,9,82.292,7.42,4.18,34373,21.52,"BAY892","",82.292
"ELE01",2025-07-16,10,82.202,7.43,4.05,34391,21.52,"BAY892","",82.202
"ELE01",2025-07-16,11,81.122,7.42,3.86,35452,22.28,"BAY892","",81.122
"LE3.1",2025-07-14,1,85.334,7.8,5.77,18333,10.78,"BAY892","",85.334
"LE3.1",2025-07-14,2,84.434,7.64,4.92,18454,10.86,"BAY892","",84.434
"LE3.1",2025-07-14,3,84.308,7.54,4.32,18607,10.96,"BAY892","",84.308
"LE3.1",2025-07-14,4,84.29,7.55,4.23,18919,11.17,"BAY892","",84.29
"LE3.1",2025-07-14,5,84.236,7.53,3.97,19256,11.38,"BAY892","",84.236
"LE3.1",2025-07-14,6,83.966,7.44,3.19,19806,11.78,"BAY892","",83.966
"LE3.1",2025-07-14,7,83.48,7.36,2.2,21904,13.1,"BAY892","",83.48
"LE3.2",2025-07-14,1,84.866,7.99,6.45,21777,13,"BAY892","",84.866
"LE3.2",2025-07-14,2,84.704,8,6.44,21755,13,"BAY892","",84.704
"LE3.2",2025-07-14,3,84.56,8,6.33,21752,13,"BAY892","",84.56
"LE3.2",2025-07-14,4,84.254,7.94,5.88,21751,13,"BAY892","",84.254
"LE3.2",2025-07-14,5,84.02,7.92,5.68,21884,13.07,"BAY892","",84.02
"LE3.2",2025-07-14,6,83.966,7.92,5.47,21949,13.13,"BAY892","",83.966
"LE3.2",2025-07-14,7,83.714,7.71,3.82,22402,13.91,"BAY892","",83.714
"LE3.2",2025-07-14,8,83.012,7.38,1.51,23552,14.17,"BAY892","",83.012
"LE3.2",2025-07-14,9,81.77,7.24,0.05,25284,15.35,"BAY892","",81.77
"LE3.2",2025-07-14,10,81.734,7.24,0.04,25342,15.38,"BAY892","",81.734
"LE3.2",2025-07-14,11,81.608,7.24,0.03,25505,15.5,"BAY892","",81.608
"LE3.2",2025-07-14,12,81.59,7.24,0.03,25568,15.54,"BAY892","",81.59
"LE3.2",2025-07-14,13,81.5,7.24,0.04,25701,15.63,"BAY892","",81.5
"LE3.2",2025-07-14,14,81.428,7.24,0.06,25797,15.72,"BAY892","",81.428
"LE3.2",2025-07-14,15,81.302,7.25,0.1,26084,15.89,"BAY892","",81.302
"LE3.3",2025-07-14,1,86.036,8.2,7.22,22030,13.17,"BAY892","",86.036
"LE3.3",2025-07-14,2,85.604,8.17,6.93,22088,13.21,"BAY892","",85.604
"LE3.3",2025-07-14,3,85.514,8.17,6.82,22141,13.25,"BAY892","",85.514
"LE3.3",2025-07-14,4,85.388,8.12,6.32,22212,13.29,"BAY892","",85.388
"LE3.3",2025-07-14,5,85.28,7.99,5.31,22418,13.43,"BAY892","",85.28
"LE3.4",2025-07-14,1,84.92,8.31,8.22,23037,13.84,"BAY892","",84.92
"LE3.4",2025-07-14,2,84.596,8.24,7.74,23456,14.1,"BAY892","",84.596
"LE3.4",2025-07-14,3,84.704,8.23,7.66,23543,14.17,"BAY892","",84.704
"LE3.4",2025-07-14,4,84.722,8.23,7.49,23644,14.24,"BAY892","",84.722
"LE3.4",2025-07-14,5,84.506,8.18,7.09,23627,14.23,"BAY892","",84.506
"LE3.4",2025-07-14,6,84.29,8.06,6.52,23657,14.24,"BAY892","",84.29
"LE3.4",2025-07-14,7,83.876,7.64,3.25,24458,14.75,"BAY892","",83.876
"LE3.4",2025-07-14,8,83.21,7.4,1.46,24750,14.98,"BAY892","",83.21
"LE3.4",2025-07-14,9,82.364,7.26,0.39,25413,15.48,"BAY892","",82.364
"LE3.4",2025-07-14,10,81.716,7.24,0.07,26378,16.08,"BAY892","",81.716
"LE3.4",2025-07-14,11,81.41,7.23,0.04,26834,16.4,"BAY892","",81.41
"LE3.4",2025-07-14,12,81.302,7.23,0.04,27036,16.53,"BAY892","",81.302
"LE3.4",2025-07-14,13,81.158,7.23,0.04,27308,16.7,"BAY892","",81.158
"LE3.4",2025-07-14,14,81.104,7.23,0.05,27354,16.74,"BAY892","",81.104
"LE3.4",2025-07-14,15,81.122,7.23,0.09,27360,16.74,"BAY892","",81.122
"RET3.1",2025-07-14,1,86.612,7.56,7.09,3477,1.81,"BAY892","",86.612
"RET3.1",2025-07-14,2,86.108,7.39,6.35,3645,1.9,"BAY892","",86.108
"RET3.1",2025-07-14,3,86.27,7.43,6.57,4232,2.22,"BAY892","",86.27
"RET3.1",2025-07-14,4,86.378,7.48,6.72,4392,2.33,"BAY892","",86.378
"RET3.1",2025-07-14,5,86.792,7.59,7.18,4761,2.57,"BAY892","",86.792
"RET3.2",2025-07-14,1,84.848,7.45,4.88,13655,7.83,"BAY892","",84.848
"RET3.2",2025-07-14,2,84.776,7.4,4.52,14123,8.12,"BAY892","",84.776
"RET3.2",2025-07-14,3,84.74,7.38,4.32,14286,8.23,"BAY892","",84.74
"RET3.2",2025-07-14,4,84.722,7.39,4.07,14911,8.62,"BAY892","",84.722
"RET3.2",2025-07-14,5,84.722,7.39,3.81,16212,9.43,"BAY892","",84.722
"RET4.2",2025-07-15,1,85.1,6.44,3.4,343.4,0.16,"BAY892","",85.1
"RET4.2",2025-07-15,2,85.064,6.4,3.37,350.9,0.17,"BAY892","",85.064
"RET4.2",2025-07-15,3,85.046,6.43,3.36,343.8,0.16,"BAY892","",85.046
"RET4.2",2025-07-15,4,85.028,6.42,3.33,353.3,0.17,"BAY892","",85.028
"RET4.2",2025-07-15,5,85.01,6.41,3.36,343.4,0.16,"BAY892","",85.01
"RET4.2",2025-07-15,6,85.028,6.44,3.36,349.9,0.16,"BAY892","",85.028
"RET4.2",2025-07-15,7,85.046,6.43,3.34,358.8,0.17,"BAY892","",85.046
"RET4.2",2025-07-15,8,85.064,6.44,3.34,378.6,0.18,"BAY892","",85.064
"RET4.2",2025-07-15,9,85.064,6.43,3.34,425.2,0.2,"BAY892","",85.064
"RET4.2",2025-07-15,10,85.046,6.45,3.35,382.1,0.18,"BAY892","",85.046
"SBE2",2025-07-16,1,82.436,7.29,3.97,34363,21.49,"BAY892","",82.436
"SBE2",2025-07-16,2,82.436,7.29,3.94,34405,21.53,"BAY892","",82.436
"SBE2",2025-07-16,3,82.418,7.3,3.92,34441,21.56,"BAY892","",82.418
"SBE2",2025-07-16,4,82.418,7.3,3.92,34478,21.59,"BAY892","",82.418
"SBE2",2025-07-16,5,82.346,7.31,3.87,34545,21.63,"BAY892","",82.346
"SBE2",2025-07-16,6,82.346,7.34,3.87,34576,21.66,"BAY892","",82.346
"SBE2",2025-07-16,7,82.292,7.34,3.87,34605,21.67,"BAY892","",82.292
"SBE2",2025-07-16,8,82.13,7.39,3.96,34782,21.8,"BAY892","",82.13
"SBE5",2025-07-16,1,83.552,7.15,3.81,32085,19.93,"BAY892","",83.552
"SBE5",2025-07-16,2,83.534,7.16,3.79,32240,20.03,"BAY892","",83.534
"SBE5",2025-07-16,3,83.516,7.16,3.71,32366,20.12,"BAY892","",83.516
"SBE5",2025-07-16,4,83.48,7.17,3.61,32684,20.35,"BAY892","",83.48
"SBE5",2025-07-16,5,83.462,7.18,3.55,32830,20.45,"BAY892","",83.462
"SBE5",2025-07-16,6,101.426,7.2,3.54,32962,20.53,"BAY892","",101.426
"TF3.1B",2025-07-07,1,81.68,6.76,5.46,91,0.04,"BAY892","",81.68
"TF3.1B",2025-07-07,2,81.662,6.76,5.43,91,0.04,"BAY892","",81.662
"TF3.1B",2025-07-07,3,81.644,6.74,5.42,91,0.04,"BAY892","",81.644
"TF3.1E",2025-07-07,1,81.986,7.07,6.92,94,0.04,"BAY892","",81.986
"TF3.1E",2025-07-07,2,81.806,7.04,6.83,95,0.04,"BAY892","",81.806
"TF3.1E",2025-07-07,3,81.626,6.99,6.68,96,0.04,"BAY892","",81.626
"TF3.1F",2025-07-07,1,81.374,7.22,7.41,93,0.04,"BAY892","",81.374
"TF3.1F",2025-07-07,2,81.212,7.26,7.39,93,0.04,"BAY892","",81.212
"TF3.1F",2025-07-07,3,81.23,7.24,7.39,93,0.04,"BAY892","",81.23
"TF3.2",2025-07-07,1,81.716,6.58,3.87,79,0.04,"BAY892","",81.716
"TF3.2",2025-07-07,2,81.662,6.49,3.82,80,0.04,"BAY892","",81.662
"TF3.2",2025-07-07,3,81.734,6.51,3.81,80,0.04,"BAY892","",81.734
"TF3.2",2025-07-07,4,81.662,6.49,3.79,80,0.04,"BAY892","",81.662
"TF3.2",2025-07-07,5,81.644,6.48,3.78,80,0.04,"BAY892","",81.644
"TF3.2",2025-07-07,6,81.626,6.47,3.76,80,0.04,"BAY892","",81.626
"TF3.2",2025-07-07,7,81.644,6.46,3.77,80,0.04,"BAY892","",81.644
"TF3.2",2025-07-07,8,81.644,6.45,3.78,79,0.04,"BAY892","",81.644
"TF3.2A",2025-07-07,1,85.964,7.39,8.31,103,0.05,"BAY892","",85.964
"TF3.2A",2025-07-07,2,85.964,7.41,8.28,103,0.05,"BAY892","",85.964
"TF3.2A",2025-07-07,3,85.982,7.34,8.25,103,0.05,"BAY892","",85.982
"TF3.2A",2025-07-07,4,85.946,7.33,8.24,103,0.05,"BAY892","",85.946
"TF3.2A",2025-07-07,5,85.964,7.27,8.22,103,0.05,"BAY892","",85.964
"TF3.3",2025-07-14,1,87.53,7.29,6.73,153,0.07,"BAY892","",87.53
"TF3.3",2025-07-14,2,86.522,7.16,5.96,157,0.07,"BAY892","",86.522
"TF3.3",2025-07-14,3,86.432,7.14,5.81,161,0.07,"BAY892","",86.432
"TF3.3",2025-07-14,4,86.378,7.14,5.75,162,0.08,"BAY892","",86.378
"TF3.3",2025-07-14,5,86.324,7.14,5.69,164,0.08,"BAY892","",86.324
"TF3.3",2025-07-14,6,86.288,7.16,5.65,165,0.08,"BAY892","",86.288
"TF3.3",2025-07-14,7,86.27,7.18,5.62,165,0.08,"BAY892","",86.27
"TF4.2",2025-07-15,1,81.95,6.52,4.53,84.8,0.04,"BAY892","",81.95
"TF4.2",2025-07-15,2,81.878,6.54,4.51,84.8,0.04,"BAY892","",81.878
"TF4.2",2025-07-15,3,81.842,6.54,4.52,84.9,0.04,"BAY892","",81.842
"TF4.2",2025-07-15,4,81.806,6.55,4.53,85,0.04,"BAY892","",81.806
"TF4.2",2025-07-15,5,81.788,6.55,4.53,85,0.04,"BAY892","",81.788
"TF4.2",2025-07-15,6,81.788,6.56,4.55,84.9,0.04,"BAY892","",81.788
"TF4.2",2025-07-15,7,81.806,6.58,4.56,84.9,0.04,"BAY892","",81.806
"TF4.4",2025-07-15,1,82.796,6.31,4.74,64.3,0.03,"BAY892","",82.796
"TF4.4",2025-07-15,2,82.778,6.3,4.73,65,0.03,"BAY892","",82.778
"TF4.4",2025-07-15,3,82.778,6.33,4.73,64.8,0.03,"BAY892","",82.778
