"UTMX","UTMY","Segment","Sdepth","volume_m","DO","Wtemp","uniqueID","Sdepthm","name","habitat","paramofinterest","heatcol","habitatword"
368000,4280000,"CB4MH",0,1000000,8.43,73.91,"368000 4280000",0,"Randle Cliffs",3,3,"#1E90FF","Suitable"
368000,4289000,"CB4MH",4.92126,1000000,7.86,73.81,"368000 4289000",1.5,"Holland Pt Bar",3,3,"#1E90FF","Suitable"
369000,4278000,"CB4MH",9.84252,1000000,6.5,74.1,"369000 4278000",3,"Randle Cliffs",3,3,"#1E90FF","Suitable"
369000,4289000,"CB4MH",1.64042,1000000,7.7,73.42,"369000 4289000",0.5,"Holland Pt Bar",3,3,"#1E90FF","Suitable"
372000,4271000,"CB4MH",6.56168,1000000,7.94,73.99,"372000 4271000",2,"Winter Gooses",3,3,"#1E90FF","Suitable"
373000,4271000,"CB4MH",3.28084,1000000,8.61,73.89,"373000 4271000",1,"Winter Gooses",3,3,"#1E90FF","Suitable"
373000,4272000,"CB4MH",3.28084,1000000,8.6,73.89,"373000 4272000",1,"Winter Gooses",3,3,"#1E90FF","Suitable"
373000,4307000,"CB4MH",0,1000000,7.51,73.06,"373000 4307000",0,"Thomas Pt Shoal",3,3,"#1E90FF","Suitable"
374000,4271000,"CB4MH",22.96588,1000000,1.04,74.81,"374000 4271000",7,"Winter Gooses",0,0,"#000000","Unsuitable"
374000,4272000,"CB4MH",22.96588,1000000,1.07,74.82,"374000 4272000",7,"Winter Gooses",0,0,"#000000","Unsuitable"
374000,4307000,"CB4MH",0,1000000,7.65,73.1,"374000 4307000",0,"Thomas Pt Shoal",3,3,"#1E90FF","Suitable"
375000,4307000,"CB4MH",1.64042,1000000,7.17,73.26,"375000 4307000",0.5,"Thomas Pt Shoal",3,3,"#1E90FF","Suitable"
375000,4311000,"CB4MH",0,1000000,6.76,73.17,"375000 4311000",0,"Tolly Pt Ground",3,3,"#1E90FF","Suitable"
376000,4268000,"CB4MH",19.68504,1000000,1.85,74.69,"376000 4268000",6,"Summer Gooses",0,0,"#000000","Unsuitable"
376000,4282000,"CB4MH",19.68504,1000000,1.32,74.95,"376000 4282000",6,"Devils Hole",0,0,"#000000","Unsuitable"
376000,4315000,"CB4MH",1.64042,1000000,6.01,73.16,"376000 4315000",0.5,"Hacketts Bar",3,3,"#1E90FF","Suitable"
377000,4267000,"CB4MH",22.96588,1000000,1.37,74.8,"377000 4267000",7,"Summer Gooses",0,0,"#000000","Unsuitable"
377000,4268000,"CB4MH",11.48294,1000000,7.45,73.96,"377000 4268000",3.5,"Summer Gooses",3,3,"#1E90FF","Suitable"
377000,4269000,"CB4MH",14.76378,1000000,6.31,74.16,"377000 4269000",4.5,"Summer Gooses",3,3,"#1E90FF","Suitable"
377000,4281000,"CB4MH",32.8084,1000000,0.51,74.99,"377000 4281000",10,"Devils Hole",0,0,"#000000","Unsuitable"
377000,4282000,"CB4MH",26.24672,1000000,0.59,74.98,"377000 4282000",8,"Devils Hole",0,0,"#000000","Unsuitable"
377000,4294000,"CB4MH",26.24672,1000000,1.28,74.94,"377000 4294000",8,"The Hill",0,0,"#000000","Unsuitable"
377000,4315000,"CB4MH",0,1000000,5.95,73.09,"377000 4315000",0,"Hacketts Bar",3,3,"#1E90FF","Suitable"
378000,4214000,"POTMH",1.64042,1000000,7.87,73.87,"378000 4214000",0.5,"Cornfield Harbor",3,3,"#1E90FF","Suitable"
378000,4215000,"POTMH",4.92126,1000000,7.82,73.86,"378000 4215000",1.5,"Cornfield Harbor",3,3,"#1E90FF","Suitable"
378000,4244000,"CB5MH_MD",4.92126,1000000,6.68,77.85,"378000 4244000",1.5,"Chinese Mud",3,3,"#1E90FF","Suitable"
378000,4245000,"CB5MH_MD",4.92126,1000000,6.86,77.4,"378000 4245000",1.5,"Chinese Mud",3,3,"#1E90FF","Suitable"
378000,4267000,"CB4MH",22.96588,1000000,1.62,74.8,"378000 4267000",7,"Summer Gooses",0,0,"#000000","Unsuitable"
378000,4268000,"CB4MH",14.76378,1000000,7.37,73.89,"378000 4268000",4.5,"Summer Gooses",3,3,"#1E90FF","Suitable"
378000,4269000,"CB4MH",1.64042,1000000,8.32,73.8,"378000 4269000",0.5,"Summer Gooses",3,3,"#1E90FF","Suitable"
378000,4274000,"CB4MH",1.64042,1000000,8.41,73.94,"378000 4274000",0.5,"Clay Banks",3,3,"#1E90FF","Suitable"
378000,4275000,"CB4MH",0,1000000,8.45,73.96,"378000 4275000",0,"Clay Banks",3,3,"#1E90FF","Suitable"
378000,4294000,"CB4MH",3.28084,1000000,7.92,73.74,"378000 4294000",1,"The Hill",3,3,"#1E90FF","Suitable"
378000,4327000,"CB3MH",3.28084,1000000,6.18,73.29,"378000 4327000",1,"Snake Reef",3,3,"#1E90FF","Suitable"
378000,4328000,"CB3MH",1.64042,1000000,6.78,73.41,"378000 4328000",0.5,"Snake Reef",3,3,"#1E90FF","Suitable"
378000,4335000,"CB3MH",6.56168,1000000,3.9,73.68,"378000 4335000",2,"Seven Foot Knoll",2,2,"#FFFE00","Tolerable"
379000,4213000,"POTMH",4.92126,1000000,7.91,73.88,"379000 4213000",1.5,"Cornfield Harbor",3,3,"#1E90FF","Suitable"
379000,4214000,"POTMH",4.92126,1000000,7.87,73.87,"379000 4214000",1.5,"Cornfield Harbor",3,3,"#1E90FF","Suitable"
379000,4243000,"CB5MH_MD",1.64042,1000000,6.92,77.6,"379000 4243000",0.5,"Chinese Mud",3,3,"#1E90FF","Suitable"
379000,4244000,"CB5MH_MD",9.84252,1000000,6.63,77.52,"379000 4244000",3,"Chinese Mud",3,3,"#1E90FF","Suitable"
379000,4245000,"CB5MH_MD",6.56168,1000000,6.98,77.03,"379000 4245000",2,"Chinese Mud",3,3,"#1E90FF","Suitable"
379000,4246000,"CB5MH_MD",1.64042,1000000,7.35,76.47,"379000 4246000",0.5,"Chinese Mud",3,3,"#1E90FF","Suitable"
379000,4268000,"CB4MH",27.88714,1000000,0.48,74.8,"379000 4268000",8.5,"Summer Gooses",0,0,"#000000","Unsuitable"
379000,4273000,"CB4MH",4.92126,1000000,8.32,73.91,"379000 4273000",1.5,"Clay Banks",3,3,"#1E90FF","Suitable"
379000,4274000,"CB4MH",1.64042,1000000,8.41,73.93,"379000 4274000",0.5,"Clay Banks",3,3,"#1E90FF","Suitable"
379000,4275000,"CB4MH",1.64042,1000000,8.43,73.95,"379000 4275000",0.5,"Clay Banks",3,3,"#1E90FF","Suitable"
379000,4279000,"CB4MH",6.56168,1000000,8.31,73.9,"379000 4279000",2,"Stone Rock",3,3,"#1E90FF","Suitable"
379000,4285000,"CB4MH",0,1000000,8.38,73.82,"379000 4285000",0,"The Hook",3,3,"#1E90FF","Suitable"
379000,4288000,"CB4MH",13.12336,1000000,7.12,74.08,"379000 4288000",4,"The Hook",3,3,"#1E90FF","Suitable"
379000,4296000,"CB4MH",18.04462,1000000,3.19,74.82,"379000 4296000",5.5,"Wild Ground",2,2,"#FFFE00","Tolerable"
379000,4297000,"CB4MH",11.48294,1000000,7.38,73.99,"379000 4297000",3.5,"Wild Ground",3,3,"#1E90FF","Suitable"
380000,4213000,"POTMH",3.28084,1000000,7.92,73.88,"380000 4213000",1,"Cornfield Harbor",3,3,"#1E90FF","Suitable"
380000,4242000,"CB5MH_MD",11.48294,1000000,6.59,77.4,"380000 4242000",3.5,"Chinese Mud",3,3,"#1E90FF","Suitable"
380000,4243000,"CB5MH_MD",11.48294,1000000,6.59,77.23,"380000 4243000",3.5,"Chinese Mud",3,3,"#1E90FF","Suitable"
380000,4244000,"CB5MH_MD",3.28084,1000000,7.19,76.72,"380000 4244000",1,"Chinese Mud",3,3,"#1E90FF","Suitable"
380000,4245000,"CB5MH_MD",9.84252,1000000,7,76.61,"380000 4245000",3,"Chinese Mud",3,3,"#1E90FF","Suitable"
380000,4246000,"CB5MH_MD",1.64042,1000000,7.51,76.06,"380000 4246000",0.5,"Chinese Mud",3,3,"#1E90FF","Suitable"
380000,4247000,"CB5MH_MD",1.64042,1000000,7.65,75.7,"380000 4247000",0.5,"Chinese Mud",3,3,"#1E90FF","Suitable"
380000,4248000,"CB5MH_MD",4.92126,1000000,7.71,75.36,"380000 4248000",1.5,"Chinese Mud",3,3,"#1E90FF","Suitable"
380000,4264000,"CB4MH",0,1000000,8.49,73.63,"380000 4264000",0,"James Is Stone Piles",3,3,"#1E90FF","Suitable"
380000,4265000,"CB4MH",0,1000000,8.45,73.67,"380000 4265000",0,"James Is Stone Piles",3,3,"#1E90FF","Suitable"
380000,4279000,"CB4MH",0,1000000,8.48,73.9,"380000 4279000",0,"Stone Rock",3,3,"#1E90FF","Suitable"
380000,4280000,"CB4MH",1.64042,1000000,8.43,73.9,"380000 4280000",0.5,"Stone Rock",3,3,"#1E90FF","Suitable"
380000,4296000,"CB4MH",18.04462,1000000,3.23,74.82,"380000 4296000",5.5,"Wild Ground",2,2,"#FFFE00","Tolerable"
380000,4297000,"CB4MH",27.88714,1000000,0.83,75,"380000 4297000",8.5,"Wild Ground",0,0,"#000000","Unsuitable"
380000,4299000,"CB4MH",0,1000000,8.21,73.83,"380000 4299000",0,"Bloody Pt Bar",3,3,"#1E90FF","Suitable"
380000,4300000,"CB4MH",1.64042,1000000,8.17,73.83,"380000 4300000",0.5,"Bloody Pt Bar",3,3,"#1E90FF","Suitable"
380000,4303000,"CB4MH",8.2021,1000000,7.57,73.86,"380000 4303000",2.5,"Gum Thickets",3,3,"#1E90FF","Suitable"
380000,4304000,"CB4MH",1.64042,1000000,7.99,73.8,"380000 4304000",0.5,"Gum Thickets",3,3,"#1E90FF","Suitable"
380000,4305000,"CB4MH",1.64042,1000000,7.95,73.8,"380000 4305000",0.5,"Gum Thickets",3,3,"#1E90FF","Suitable"
380000,4306000,"CB4MH",27.88714,1000000,1.06,74.9,"380000 4306000",8.5,"Gum Thickets",0,0,"#000000","Unsuitable"
380000,4327000,"CB3MH",13.12336,1000000,4.11,73.79,"380000 4327000",4,"Belvidere Shoal",3,3,"#1E90FF","Suitable"
380000,4328000,"CB3MH",4.92126,1000000,5.19,73.15,"380000 4328000",1.5,"Belvidere Shoal",3,3,"#1E90FF","Suitable"
380000,4329000,"CB3MH",1.64042,1000000,6.4,73.22,"380000 4329000",0.5,"Belvidere Shoal",3,3,"#1E90FF","Suitable"
380000,4330000,"CB3MH",4.92126,1000000,5.21,73.1,"380000 4330000",1.5,"Belvidere Shoal",3,3,"#1E90FF","Suitable"
381000,4212000,"POTMH",14.76378,1000000,7.57,74.7,"381000 4212000",4.5,"Cornfield Harbor",3,3,"#1E90FF","Suitable"
381000,4240000,"CB5MH_MD",14.76378,1000000,5.53,76.81,"381000 4240000",4.5,"Cedar Pt Rips",3,3,"#1E90FF","Suitable"
381000,4243000,"CB5MH_MD",3.28084,1000000,7.36,76.31,"381000 4243000",1,"Chinese Mud",3,3,"#1E90FF","Suitable"
381000,4244000,"CB5MH_MD",3.28084,1000000,7.42,76.15,"381000 4244000",1,"Chinese Mud",3,3,"#1E90FF","Suitable"
381000,4245000,"CB5MH_MD",16.4042,1000000,4.15,76.27,"381000 4245000",5,"Chinese Mud",3,3,"#1E90FF","Suitable"
381000,4246000,"CB5MH_MD",1.64042,1000000,7.66,75.69,"381000 4246000",0.5,"Chinese Mud",3,3,"#1E90FF","Suitable"
381000,4265000,"CB4MH",1.64042,1000000,8.36,73.58,"381000 4265000",0.5,"James Is Stone Piles",3,3,"#1E90FF","Suitable"
381000,4266000,"CB4MH",0,1000000,8.44,73.63,"381000 4266000",0,"James Is Stone Piles",3,3,"#1E90FF","Suitable"
381000,4297000,"CB4MH",22.96588,1000000,1.27,75,"381000 4297000",7,"Wild Ground",0,0,"#000000","Unsuitable"
381000,4311000,"CB4MH",0,1000000,5.91,72.95,"381000 4311000",0,"Brickhouse Bar",3,3,"#1E90FF","Suitable"
381000,4312000,"CB4MH",6.56168,1000000,5.2,73.04,"381000 4312000",2,"Brickhouse Bar",3,3,"#1E90FF","Suitable"
381000,4327000,"CB3MH",8.2021,1000000,5.3,72.84,"381000 4327000",2.5,"Belvidere Shoal",3,3,"#1E90FF","Suitable"
381000,4328000,"CB3MH",6.56168,1000000,4.7,73.08,"381000 4328000",2,"Belvidere Shoal",3,3,"#1E90FF","Suitable"
381000,4329000,"CB3MH",0,1000000,6.53,73.24,"381000 4329000",0,"Belvidere Shoal",3,3,"#1E90FF","Suitable"
381000,4330000,"CB3MH",0,1000000,6.51,73.21,"381000 4330000",0,"Belvidere Shoal",3,3,"#1E90FF","Suitable"
381000,4334000,"CB3MH",0,1000000,6.46,73.03,"381000 4334000",0,"Six Foot Knoll",3,3,"#1E90FF","Suitable"
382000,4211000,"POTMH",3.28084,1000000,7.99,73.89,"382000 4211000",1,"Cornfield Harbor",3,3,"#1E90FF","Suitable"
382000,4212000,"POTMH",4.92126,1000000,7.96,73.88,"382000 4212000",1.5,"Cornfield Harbor",3,3,"#1E90FF","Suitable"
382000,4266000,"CB4MH",1.64042,1000000,8.33,73.48,"382000 4266000",0.5,"James Is Stone Piles",3,3,"#1E90FF","Suitable"
382000,4299000,"EASMH",1.64042,250000,8.22,73.87,"382000 4299000",0.5,"Kent Island Ground",3,3,"#1E90FF","Suitable"
382000,4299500,"EASMH",3.28084,250000,8.18,73.86,"382000 4299500",1,"Kent Island Ground",3,3,"#1E90FF","Suitable"
382000,4300000,"EASMH",3.28084,250000,8.15,73.85,"382000 4300000",1,"Kent Island Ground",3,3,"#1E90FF","Suitable"
382000,4300500,"EASMH",4.92126,250000,8.05,73.83,"382000 4300500",1.5,"Kent Island Ground",3,3,"#1E90FF","Suitable"
382000,4327000,"CB3MH",1.64042,1000000,6.18,73.1,"382000 4327000",0.5,"Belvidere Shoal",3,3,"#1E90FF","Suitable"
382000,4328000,"CB3MH",1.64042,1000000,6.16,73.1,"382000 4328000",0.5,"Belvidere Shoal",3,3,"#1E90FF","Suitable"
382000,4329000,"CB3MH",0,1000000,6.4,73.16,"382000 4329000",0,"Belvidere Shoal",3,3,"#1E90FF","Suitable"
382000,4330000,"CB3MH",3.28084,1000000,5.76,72.96,"382000 4330000",1,"Belvidere Shoal",3,3,"#1E90FF","Suitable"
382000,4344000,"CB2OH",3.28084,1000000,5.15,73.32,"382000 4344000",1,"Sparty's Lump",3,3,"#1E90FF","Suitable"
382500,4299000,"EASMH",0,250000,8.21,73.86,"382500 4299000",0,"Kent Island Ground",3,3,"#1E90FF","Suitable"
382500,4299500,"EASMH",6.56168,250000,7.95,73.85,"382500 4299500",2,"Kent Island Ground",3,3,"#1E90FF","Suitable"
382500,4300000,"EASMH",0,250000,8.16,73.85,"382500 4300000",0,"Kent Island Ground",3,3,"#1E90FF","Suitable"
382500,4300500,"EASMH",0,250000,8.13,73.84,"382500 4300500",0,"Kent Island Ground",3,3,"#1E90FF","Suitable"
382500,4301000,"EASMH",0,250000,8.11,73.83,"382500 4301000",0,"Kent Island Ground",3,3,"#1E90FF","Suitable"
383000,4266000,"CB4MH",1.64042,1000000,8.28,73.3,"383000 4266000",0.5,"James Is Stone Piles",3,3,"#1E90FF","Suitable"
383000,4293000,"EASMH",0,250000,8.1,73.83,"383000 4293000",0,"Poplar Is Narrows",3,3,"#1E90FF","Suitable"
383000,4296000,"EASMH",4.92126,250000,8.11,73.86,"383000 4296000",1.5,"Wade Pt Ground",3,3,"#1E90FF","Suitable"
383000,4296500,"EASMH",4.92126,250000,8.12,73.87,"383000 4296500",1.5,"Wade Pt Ground",3,3,"#1E90FF","Suitable"
383000,4297000,"EASMH",3.28084,250000,8.22,73.87,"383000 4297000",1,"Wade Pt Ground",3,3,"#1E90FF","Suitable"
383000,4299500,"EASMH",11.48294,250000,6.82,74.1,"383000 4299500",3.5,"Kent Island Ground",3,3,"#1E90FF","Suitable"
383000,4300000,"EASMH",4.92126,250000,8.04,73.84,"383000 4300000",1.5,"Kent Island Ground",3,3,"#1E90FF","Suitable"
383000,4300500,"EASMH",0,250000,8.12,73.84,"383000 4300500",0,"Kent Island Ground",3,3,"#1E90FF","Suitable"
383000,4301000,"EASMH",1.64042,250000,8.08,73.83,"383000 4301000",0.5,"Kent Island Ground",3,3,"#1E90FF","Suitable"
383000,4318000,"CB3MH",31.16798,1000000,1.3,74.8,"383000 4318000",9.5,"Dumping Ground",0,0,"#000000","Unsuitable"
383000,4319000,"CB3MH",22.96588,1000000,3.82,73.82,"383000 4319000",7,"Dumping Ground",2,2,"#FFFE00","Tolerable"
383000,4320000,"CB3MH",8.2021,1000000,5.29,72.95,"383000 4320000",2.5,"Dumping Ground",3,3,"#1E90FF","Suitable"
383000,4329000,"CB3MH",8.2021,1000000,5.29,72.76,"383000 4329000",2.5,"Belvidere Shoal",3,3,"#1E90FF","Suitable"
383000,4334000,"CB3MH",3.28084,1000000,5.59,72.71,"383000 4334000",1,"Nine Foot Knoll",3,3,"#1E90FF","Suitable"
383500,4295500,"EASMH",9.84252,250000,7.28,74,"383500 4295500",3,"Wade Pt Ground",3,3,"#1E90FF","Suitable"
383500,4296000,"EASMH",6.56168,250000,7.94,73.86,"383500 4296000",2,"Wade Pt Ground",3,3,"#1E90FF","Suitable"
383500,4296500,"EASMH",6.56168,250000,7.94,73.86,"383500 4296500",2,"Wade Pt Ground",3,3,"#1E90FF","Suitable"
383500,4297000,"EASMH",8.2021,250000,7.72,73.88,"383500 4297000",2.5,"Wade Pt Ground",3,3,"#1E90FF","Suitable"
384000,4230000,"CB5MH_MD",11.48294,1000000,7.04,75.25,"384000 4230000",3.5,"The Targets",3,3,"#1E90FF","Suitable"
384000,4231000,"CB5MH_MD",1.64042,1000000,7.53,75.23,"384000 4231000",0.5,"The Targets",3,3,"#1E90FF","Suitable"
384000,4251000,"CB4MH",22.96588,1000000,0.73,74.8,"384000 4251000",7,"Punch Island Ground",0,0,"#000000","Unsuitable"
384000,4265500,"LCHMH",1.64042,250000,8.26,73.14,"384000 4265500",0.5,"James Is Stone Piles",3,3,"#1E90FF","Suitable"
384000,4266000,"LCHMH",1.64042,250000,8.26,73.14,"384000 4266000",0.5,"James Is Stone Piles",3,3,"#1E90FF","Suitable"
384000,4266500,"LCHMH",0,250000,8.59,73.15,"384000 4266500",0,"James Is Stone Piles",3,3,"#1E90FF","Suitable"
384000,4274000,"CHOMH1",3.28084,1000000,8.14,73.35,"384000 4274000",1,"Diamonds",3,3,"#1E90FF","Suitable"
384000,4295000,"EASMH",0,250000,8.14,73.85,"384000 4295000",0,"Wade Pt Ground",3,3,"#1E90FF","Suitable"
384000,4295500,"EASMH",6.56168,250000,7.91,73.85,"384000 4295500",2,"Wade Pt Ground",3,3,"#1E90FF","Suitable"
384000,4296000,"EASMH",3.28084,250000,8.15,73.86,"384000 4296000",1,"Wade Pt Ground",3,3,"#1E90FF","Suitable"
384000,4296500,"EASMH",0,250000,8.17,73.86,"384000 4296500",0,"Wade Pt Ground",3,3,"#1E90FF","Suitable"
384000,4297000,"EASMH",8.2021,250000,7.69,73.87,"384000 4297000",2.5,"Wade Pt Ground",3,3,"#1E90FF","Suitable"
384000,4321000,"CB3MH",24.6063,1000000,2.92,74.15,"384000 4321000",7.5,"Dumping Ground",1,1,"#F9A100","Marginal"
384000,4322000,"CB3MH",24.6063,1000000,2.9,74.17,"384000 4322000",7.5,"Dumping Ground",1,1,"#F9A100","Marginal"
384000,4323000,"CB3MH",18.04462,1000000,5.11,73.8,"384000 4323000",5.5,"Dumping Ground",3,3,"#1E90FF","Suitable"
384000,4334000,"CB3MH",1.64042,1000000,5.79,72.76,"384000 4334000",0.5,"Nine Foot Knoll",3,3,"#1E90FF","Suitable"
384000,4340000,"CB3MH",1.64042,1000000,6.22,73.01,"384000 4340000",0.5,"Tea Kettle Shoals",3,3,"#1E90FF","Suitable"
384000,4341000,"CB3MH",3.28084,1000000,5.4,72.91,"384000 4341000",1,"Tea Kettle Shoals",3,3,"#1E90FF","Suitable"
384000,4342000,"CB2OH",1.64042,1000000,6.54,73.2,"384000 4342000",0.5,"Tea Kettle Shoals",3,3,"#1E90FF","Suitable"
384000,4343000,"CB2OH",0,1000000,7.41,74.03,"384000 4343000",0,"Tea Kettle Shoals",3,3,"#1E90FF","Suitable"
384500,4295000,"EASMH",4.92126,250000,8.02,73.84,"384500 4295000",1.5,"Wade Pt Ground",3,3,"#1E90FF","Suitable"
384500,4295500,"EASMH",1.64042,250000,8.13,73.85,"384500 4295500",0.5,"Wade Pt Ground",3,3,"#1E90FF","Suitable"
384500,4296000,"EASMH",3.28084,250000,8.12,73.85,"384500 4296000",1,"Wade Pt Ground",3,3,"#1E90FF","Suitable"
384500,4296500,"EASMH",1.64042,250000,8.14,73.85,"384500 4296500",0.5,"Wade Pt Ground",3,3,"#1E90FF","Suitable"
384500,4297000,"EASMH",3.28084,250000,8.12,73.85,"384500 4297000",1,"Wade Pt Ground",3,3,"#1E90FF","Suitable"
384500,4300500,"EASMH",3.28084,250000,8,73.83,"384500 4300500",1,"Long Pt Ground",3,3,"#1E90FF","Suitable"
384500,4301000,"EASMH",8.2021,250000,7.53,73.83,"384500 4301000",2.5,"Long Pt Ground",3,3,"#1E90FF","Suitable"
384500,4301500,"EASMH",1.64042,250000,7.96,73.83,"384500 4301500",0.5,"Long Pt Ground",3,3,"#1E90FF","Suitable"
384500,4302000,"EASMH",0,250000,7.95,73.82,"384500 4302000",0,"Long Pt Ground",3,3,"#1E90FF","Suitable"
385000,4209000,"CB5MH_MD",1.64042,1000000,7.95,73.89,"385000 4209000",0.5,"The Triangle",3,3,"#1E90FF","Suitable"
385000,4230000,"CB5MH_MD",18.04462,1000000,3.86,75.43,"385000 4230000",5.5,"The Targets",2,2,"#FFFE00","Tolerable"
385000,4231000,"CB5MH_MD",18.04462,1000000,3.38,75.55,"385000 4231000",5.5,"The Targets",2,2,"#FFFE00","Tolerable"
385000,4251000,"CB4MH",3.28084,1000000,8.2,74.25,"385000 4251000",1,"Punch Island Ground",3,3,"#1E90FF","Suitable"
385000,4252000,"CB4MH",1.64042,1000000,8.21,74.26,"385000 4252000",0.5,"Punch Island Ground",3,3,"#1E90FF","Suitable"
385000,4295500,"EASMH",1.64042,250000,8.1,73.84,"385000 4295500",0.5,"Wade Pt Ground",3,3,"#1E90FF","Suitable"
385000,4296000,"EASMH",0,250000,8.11,73.85,"385000 4296000",0,"Wade Pt Ground",3,3,"#1E90FF","Suitable"
385000,4296500,"EASMH",4.92126,250000,8.01,73.84,"385000 4296500",1.5,"Wade Pt Ground",3,3,"#1E90FF","Suitable"
385000,4301000,"EASMH",9.84252,250000,7.09,73.93,"385000 4301000",3,"Long Pt Ground",3,3,"#1E90FF","Suitable"
385000,4301500,"EASMH",0,250000,7.94,73.82,"385000 4301500",0,"Long Pt Ground",3,3,"#1E90FF","Suitable"
385000,4302000,"EASMH",6.56168,250000,7.68,73.77,"385000 4302000",2,"Long Pt Ground",3,3,"#1E90FF","Suitable"
385000,4331000,"CB3MH",3.28084,1000000,5.61,72.77,"385000 4331000",1,"Swan Pt Ground",3,3,"#1E90FF","Suitable"
385000,4332000,"CB3MH",4.92126,1000000,5.31,72.65,"385000 4332000",1.5,"Swan Pt Ground",3,3,"#1E90FF","Suitable"
385000,4333000,"CB3MH",9.84252,1000000,5.17,72.65,"385000 4333000",3,"Swan Pt Ground",3,3,"#1E90FF","Suitable"
385000,4340000,"CB3MH",0,1000000,6.28,73,"385000 4340000",0,"Tea Kettle Shoals",3,3,"#1E90FF","Suitable"
385000,4341000,"CB3MH",3.28084,1000000,5.39,72.85,"385000 4341000",1,"Tea Kettle Shoals",3,3,"#1E90FF","Suitable"
385000,4342000,"CB2OH",8.2021,1000000,5.15,72.62,"385000 4342000",2.5,"Tea Kettle Shoals",3,3,"#1E90FF","Suitable"
385000,4343000,"CB2OH",1.64042,1000000,6.53,73.2,"385000 4343000",0.5,"Tea Kettle Shoals",3,3,"#1E90FF","Suitable"
385000,4344000,"CB2OH",3.28084,1000000,5.24,73,"385000 4344000",1,"Tea Kettle Shoals",3,3,"#1E90FF","Suitable"
385500,4296000,"EASMH",3.28084,250000,8.06,73.84,"385500 4296000",1,"Wade Pt Ground",3,3,"#1E90FF","Suitable"
385500,4302000,"EASMH",11.48294,250000,5.97,74.24,"385500 4302000",3.5,"Long Pt Ground",3,3,"#1E90FF","Suitable"
386000,4209000,"CB5MH_MD",8.2021,1000000,8.05,73.78,"386000 4209000",2.5,"The Triangle",3,3,"#1E90FF","Suitable"
386000,4210000,"CB5MH_MD",0,1000000,7.91,73.87,"386000 4210000",0,"The Triangle",3,3,"#1E90FF","Suitable"
386000,4231000,"CB5MH_MD",19.68504,1000000,3.14,75.44,"386000 4231000",6,"The Targets",2,2,"#FFFE00","Tolerable"
386000,4331000,"CB3MH",22.96588,1000000,3.85,73.8,"386000 4331000",7,"Swan Pt Ground",2,2,"#FFFE00","Tolerable"
386000,4332000,"CB3MH",14.76378,1000000,4.71,72.89,"386000 4332000",4.5,"Swan Pt Ground",3,3,"#1E90FF","Suitable"
386000,4333000,"CB3MH",13.12336,1000000,4.86,72.8,"386000 4333000",4,"Swan Pt Ground",3,3,"#1E90FF","Suitable"
386000,4340000,"CB3MH",0,1000000,6.18,72.93,"386000 4340000",0,"Tea Kettle Shoals",3,3,"#1E90FF","Suitable"
386000,4341000,"CB3MH",1.64042,1000000,6.1,72.97,"386000 4341000",0.5,"Tea Kettle Shoals",3,3,"#1E90FF","Suitable"
386000,4342000,"CB2OH",3.28084,1000000,5.32,72.8,"386000 4342000",1,"Tea Kettle Shoals",3,3,"#1E90FF","Suitable"
386000,4343000,"CB2OH",4.92126,1000000,5.3,72.51,"386000 4343000",1.5,"Tea Kettle Shoals",3,3,"#1E90FF","Suitable"
386000,4344000,"CB2OH",0,1000000,6.99,73.74,"386000 4344000",0,"Tea Kettle Shoals",3,3,"#1E90FF","Suitable"
387000,4208000,"CB5MH_MD",13.12336,1000000,7.59,74.17,"387000 4208000",4,"The Triangle",3,3,"#1E90FF","Suitable"
387000,4209000,"CB5MH_MD",6.56168,1000000,7.98,73.84,"387000 4209000",2,"The Triangle",3,3,"#1E90FF","Suitable"
387000,4210000,"CB5MH_MD",1.64042,1000000,7.88,73.86,"387000 4210000",0.5,"The Triangle",3,3,"#1E90FF","Suitable"
387000,4211000,"CB5MH_MD",8.2021,1000000,7.95,73.77,"387000 4211000",2.5,"The Triangle",3,3,"#1E90FF","Suitable"
387000,4323000,"CB3MH",4.92126,1000000,5.73,72.84,"387000 4323000",1.5,"Love Pt Ground",3,3,"#1E90FF","Suitable"
387000,4340000,"CB3MH",3.28084,1000000,5.41,72.72,"387000 4340000",1,"Tea Kettle Shoals",3,3,"#1E90FF","Suitable"
387000,4341000,"CB3MH",4.92126,1000000,5.28,72.58,"387000 4341000",1.5,"Tea Kettle Shoals",3,3,"#1E90FF","Suitable"
387000,4342000,"CB2OH",0,1000000,6.45,73.31,"387000 4342000",0,"Tea Kettle Shoals",3,3,"#1E90FF","Suitable"
387000,4343000,"CB2OH",4.92126,1000000,5.28,72.52,"387000 4343000",1.5,"Tea Kettle Shoals",3,3,"#1E90FF","Suitable"
387000,4344000,"CB2OH",6.56168,1000000,5.15,72.64,"387000 4344000",2,"Tea Kettle Shoals",3,3,"#1E90FF","Suitable"
388000,4208000,"CB5MH_MD",0,1000000,7.85,73.87,"388000 4208000",0,"The Triangle",3,3,"#1E90FF","Suitable"
388000,4209000,"CB5MH_MD",6.56168,1000000,7.94,73.82,"388000 4209000",2,"The Triangle",3,3,"#1E90FF","Suitable"
388000,4210000,"CB5MH_MD",4.92126,1000000,7.85,73.81,"388000 4210000",1.5,"The Triangle",3,3,"#1E90FF","Suitable"
388000,4211000,"CB5MH_MD",0,1000000,7.85,73.78,"388000 4211000",0,"The Triangle",3,3,"#1E90FF","Suitable"
388000,4212000,"CB5MH_MD",14.76378,1000000,7.07,74.51,"388000 4212000",4.5,"The Triangle",3,3,"#1E90FF","Suitable"
388000,4323000,"CB3MH",1.64042,1000000,6.12,72.77,"388000 4323000",0.5,"Love Pt Ground",3,3,"#1E90FF","Suitable"
388000,4324000,"CB3MH",0,1000000,6.18,72.73,"388000 4324000",0,"Love Pt Ground",3,3,"#1E90FF","Suitable"
388000,4340000,"CB3MH",0,1000000,6.03,72.83,"388000 4340000",0,"Tea Kettle Shoals",3,3,"#1E90FF","Suitable"
388000,4341000,"CB3MH",1.64042,1000000,5.89,72.82,"388000 4341000",0.5,"Tea Kettle Shoals",3,3,"#1E90FF","Suitable"
388000,4342000,"CB2OH",3.28084,1000000,5.31,72.7,"388000 4342000",1,"Tea Kettle Shoals",3,3,"#1E90FF","Suitable"
388000,4343000,"CB2OH",0,1000000,6.26,73.22,"388000 4343000",0,"Tea Kettle Shoals",3,3,"#1E90FF","Suitable"
388000,4344000,"CB2OH",4.92126,1000000,5.23,72.53,"388000 4344000",1.5,"Tea Kettle Shoals",3,3,"#1E90FF","Suitable"
389000,4207000,"CB5MH_MD",9.84252,1000000,7.81,73.8,"389000 4207000",3,"The Triangle",3,3,"#1E90FF","Suitable"
389000,4208000,"CB5MH_MD",4.92126,1000000,7.84,73.81,"389000 4208000",1.5,"The Triangle",3,3,"#1E90FF","Suitable"
389000,4324000,"CB3MH",3.28084,1000000,6.08,72.8,"389000 4324000",1,"Love Pt Ground",3,3,"#1E90FF","Suitable"
389000,4325000,"CB3MH",4.92126,1000000,5.96,72.74,"389000 4325000",1.5,"Love Pt Ground",3,3,"#1E90FF","Suitable"
389000,4336000,"CB3MH",3.28084,1000000,5.48,72.62,"389000 4336000",1,"Hodges Bar",3,3,"#1E90FF","Suitable"
389000,4337000,"CB3MH",14.76378,1000000,4.8,72.76,"389000 4337000",4.5,"Hodges Bar",3,3,"#1E90FF","Suitable"
389000,4341000,"CB3MH",4.92126,1000000,5.25,72.58,"389000 4341000",1.5,"Tea Kettle Shoals",3,3,"#1E90FF","Suitable"
389000,4342000,"CB2OH",4.92126,1000000,5.24,72.53,"389000 4342000",1.5,"Tea Kettle Shoals",3,3,"#1E90FF","Suitable"
389000,4343000,"CB2OH",1.64042,1000000,5.74,72.76,"389000 4343000",0.5,"Tea Kettle Shoals",3,3,"#1E90FF","Suitable"
390000,4234000,"CB5MH_MD",19.68504,1000000,2.57,75.25,"390000 4234000",6,"Hooper Island Light",1,1,"#F9A100","Marginal"
390000,4235000,"CB5MH_MD",6.56168,1000000,7.72,74.86,"390000 4235000",2,"Hooper Island Light",3,3,"#1E90FF","Suitable"
390000,4236000,"CB5MH_MD",0,1000000,7.94,74.74,"390000 4236000",0,"Hooper Island Light",3,3,"#1E90FF","Suitable"
390000,4237000,"CB5MH_MD",8.2021,1000000,7.72,74.89,"390000 4237000",2.5,"Hooper Island Light",3,3,"#1E90FF","Suitable"
390000,4330000,"CB3MH",1.64042,1000000,5.99,72.7,"390000 4330000",0.5,"Swan Pt Bar",3,3,"#1E90FF","Suitable"
390000,4331000,"CB3MH",1.64042,1000000,5.84,72.68,"390000 4331000",0.5,"Swan Pt Bar",3,3,"#1E90FF","Suitable"
390000,4332000,"CB3MH",0,1000000,5.94,72.66,"390000 4332000",0,"Swan Pt Bar",3,3,"#1E90FF","Suitable"
391000,4234000,"CB5MH_MD",4.92126,1000000,7.72,74.7,"391000 4234000",1.5,"Hooper Island Light",3,3,"#1E90FF","Suitable"
391000,4235000,"CB5MH_MD",3.28084,1000000,7.79,74.74,"391000 4235000",1,"Hooper Island Light",3,3,"#1E90FF","Suitable"
391000,4236000,"CB5MH_MD",1.64042,1000000,7.89,74.73,"391000 4236000",0.5,"Hooper Island Light",3,3,"#1E90FF","Suitable"
391000,4237000,"CB5MH_MD",8.2021,1000000,7.7,74.88,"391000 4237000",2.5,"Hooper Island Light",3,3,"#1E90FF","Suitable"
391000,4329000,"CB3MH",0,1000000,6.24,72.66,"391000 4329000",0,"Swan Pt Bar",3,3,"#1E90FF","Suitable"
391000,4340000,"CB3MH",3.28084,1000000,5.32,72.62,"391000 4340000",1,"Gales Shoals",3,3,"#1E90FF","Suitable"
391000,4341000,"CB2OH",0,1000000,5.71,72.72,"391000 4341000",0,"Gales Shoals",3,3,"#1E90FF","Suitable"
392000,4234000,"CB5MH_MD",4.92126,1000000,7.71,74.66,"392000 4234000",1.5,"Hooper Island Light",3,3,"#1E90FF","Suitable"
392000,4235000,"CB5MH_MD",8.2021,1000000,7.57,74.88,"392000 4235000",2.5,"Hooper Island Light",3,3,"#1E90FF","Suitable"
392000,4236000,"CB5MH_MD",1.64042,1000000,7.87,74.71,"392000 4236000",0.5,"Hooper Island Light",3,3,"#1E90FF","Suitable"
392000,4324000,"CB3MH",0,1000000,6.66,72.56,"392000 4324000",0,"Hickory Thicket",3,3,"#1E90FF","Suitable"
392000,4325000,"CB3MH",3.28084,1000000,6.36,72.73,"392000 4325000",1,"Hickory Thicket",3,3,"#1E90FF","Suitable"
392000,4326000,"CB3MH",3.28084,1000000,6.26,72.72,"392000 4326000",1,"Hickory Thicket",3,3,"#1E90FF","Suitable"
392000,4327000,"CB3MH",4.92126,1000000,6.03,72.69,"392000 4327000",1.5,"Hickory Thicket",3,3,"#1E90FF","Suitable"
393000,4235000,"CB5MH_MD",1.64042,1000000,7.8,74.68,"393000 4235000",0.5,"Hooper Island Light",3,3,"#1E90FF","Suitable"
394000,4217000,"CB5MH_MD",34.44882,1000000,2.1,74.49,"394000 4217000",10.5,"Northwest Middle Grounds",1,1,"#F9A100","Marginal"
394000,4218000,"CB5MH_MD",1.64042,1000000,7.47,73.55,"394000 4218000",0.5,"Northwest Middle Grounds",3,3,"#1E90FF","Suitable"
395000,4217000,"CB5MH_MD",4.92126,1000000,7.48,73.47,"395000 4217000",1.5,"Northwest Middle Grounds",3,3,"#1E90FF","Suitable"
395000,4218000,"CB5MH_MD",8.2021,1000000,7.25,73.62,"395000 4218000",2.5,"Northwest Middle Grounds",3,3,"#1E90FF","Suitable"
395000,4219000,"CB5MH_MD",0,1000000,7.46,73.45,"395000 4219000",0,"Northwest Middle Grounds",3,3,"#1E90FF","Suitable"
396000,4211000,"CB5MH_MD",8.2021,1000000,7.59,73.71,"396000 4211000",2.5,"Middle Grounds",3,3,"#1E90FF","Suitable"
396000,4218000,"CB5MH_MD",9.84252,1000000,7.21,73.63,"396000 4218000",3,"Northwest Middle Grounds",3,3,"#1E90FF","Suitable"
396000,4315500,"CHSMH",1.64042,250000,7.57,72.51,"396000 4315500",0.5,"Black Beard's Bluff",3,3,"#1E90FF","Suitable"
396500,4316000,"CHSMH",3.28084,250000,7.5,72.71,"396500 4316000",1,"Black Beard's Bluff",3,3,"#1E90FF","Suitable"
396500,4316500,"CHSMH",4.92126,250000,7.45,72.71,"396500 4316500",1.5,"Black Beard's Bluff",3,3,"#1E90FF","Suitable"
397000,4206000,"CB5MH_MD",8.2021,1000000,7.69,73.81,"397000 4206000",2.5,"Southwest Middle Grounds",3,3,"#1E90FF","Suitable"
397000,4207000,"CB5MH_MD",1.64042,1000000,7.76,73.84,"397000 4207000",0.5,"Southwest Middle Grounds",3,3,"#1E90FF","Suitable"
397000,4210000,"CB5MH_MD",9.84252,1000000,7.54,73.72,"397000 4210000",3,"Middle Grounds",3,3,"#1E90FF","Suitable"
397000,4211000,"CB5MH_MD",0,1000000,7.67,73.65,"397000 4211000",0,"Middle Grounds",3,3,"#1E90FF","Suitable"
397000,4212000,"CB5MH_MD",0,1000000,7.65,73.62,"397000 4212000",0,"Middle Grounds",3,3,"#1E90FF","Suitable"
397000,4316500,"CHSMH",0,250000,7.57,72.25,"397000 4316500",0,"Black Beard's Bluff",3,3,"#1E90FF","Suitable"
397000,4317000,"CHSMH",14.76378,250000,0.49,76.46,"397000 4317000",4.5,"Black Beard's Bluff",0,0,"#000000","Unsuitable"
397500,4237000,"HNGMH",3.28084,10000,7.87,73.89,"397500 4237000",1,"Hooper Island Bar",3,3,"#1E90FF","Suitable"
397500,4237100,"HNGMH",0,10000,8.03,73.9,"397500 4237100",0,"Hooper Island Bar",3,3,"#1E90FF","Suitable"
397500,4237200,"HNGMH",1.64042,10000,7.96,73.9,"397500 4237200",0.5,"Hooper Island Bar",3,3,"#1E90FF","Suitable"
397500,4237300,"HNGMH",0,10000,8.04,73.91,"397500 4237300",0,"Hooper Island Bar",3,3,"#1E90FF","Suitable"
397600,4236800,"HNGMH",1.64042,10000,7.95,73.88,"397600 4236800",0.5,"Hooper Island Bar",3,3,"#1E90FF","Suitable"
397600,4236900,"HNGMH",1.64042,10000,7.95,73.88,"397600 4236900",0.5,"Hooper Island Bar",3,3,"#1E90FF","Suitable"
397600,4237000,"HNGMH",0,10000,8.03,73.9,"397600 4237000",0,"Hooper Island Bar",3,3,"#1E90FF","Suitable"
397600,4237100,"HNGMH",0,10000,8.03,73.9,"397600 4237100",0,"Hooper Island Bar",3,3,"#1E90FF","Suitable"
397600,4237200,"HNGMH",0,10000,8.03,73.9,"397600 4237200",0,"Hooper Island Bar",3,3,"#1E90FF","Suitable"
397600,4237300,"HNGMH",0,10000,8.04,73.91,"397600 4237300",0,"Hooper Island Bar",3,3,"#1E90FF","Suitable"
397600,4237400,"HNGMH",0,10000,8.04,73.91,"397600 4237400",0,"Hooper Island Bar",3,3,"#1E90FF","Suitable"
397700,4236600,"HNGMH",0,10000,8.01,73.88,"397700 4236600",0,"Hooper Island Bar",3,3,"#1E90FF","Suitable"
397700,4236700,"HNGMH",0,10000,8.02,73.88,"397700 4236700",0,"Hooper Island Bar",3,3,"#1E90FF","Suitable"
397700,4236800,"HNGMH",1.64042,10000,7.95,73.87,"397700 4236800",0.5,"Hooper Island Bar",3,3,"#1E90FF","Suitable"
397700,4236900,"HNGMH",3.28084,10000,7.87,73.88,"397700 4236900",1,"Hooper Island Bar",3,3,"#1E90FF","Suitable"
397700,4237000,"HNGMH",0,10000,8.03,73.89,"397700 4237000",0,"Hooper Island Bar",3,3,"#1E90FF","Suitable"
397700,4237100,"HNGMH",0,10000,8.03,73.9,"397700 4237100",0,"Hooper Island Bar",3,3,"#1E90FF","Suitable"
397700,4237200,"HNGMH",0,10000,8.03,73.9,"397700 4237200",0,"Hooper Island Bar",3,3,"#1E90FF","Suitable"
397700,4237300,"HNGMH",1.64042,10000,7.96,73.89,"397700 4237300",0.5,"Hooper Island Bar",3,3,"#1E90FF","Suitable"
397700,4237400,"HNGMH",0,10000,8.04,73.91,"397700 4237400",0,"Hooper Island Bar",3,3,"#1E90FF","Suitable"
397700,4237500,"HNGMH",0,10000,8.04,73.91,"397700 4237500",0,"Hooper Island Bar",3,3,"#1E90FF","Suitable"
397800,4236400,"HNGMH",0,10000,8.01,73.87,"397800 4236400",0,"Hooper Island Bar",3,3,"#1E90FF","Suitable"
397800,4236500,"HNGMH",1.64042,10000,7.94,73.86,"397800 4236500",0.5,"Hooper Island Bar",3,3,"#1E90FF","Suitable"
397800,4236600,"HNGMH",3.28084,10000,7.85,73.86,"397800 4236600",1,"Hooper Island Bar",3,3,"#1E90FF","Suitable"
397800,4236700,"HNGMH",1.64042,10000,7.94,73.87,"397800 4236700",0.5,"Hooper Island Bar",3,3,"#1E90FF","Suitable"
397800,4236800,"HNGMH",1.64042,10000,7.94,73.87,"397800 4236800",0.5,"Hooper Island Bar",3,3,"#1E90FF","Suitable"
397800,4236900,"HNGMH",1.64042,10000,7.95,73.87,"397800 4236900",0.5,"Hooper Island Bar",3,3,"#1E90FF","Suitable"
397800,4237000,"HNGMH",1.64042,10000,7.95,73.88,"397800 4237000",0.5,"Hooper Island Bar",3,3,"#1E90FF","Suitable"
397800,4237100,"HNGMH",3.28084,10000,7.87,73.88,"397800 4237100",1,"Hooper Island Bar",3,3,"#1E90FF","Suitable"
397800,4237200,"HNGMH",0,10000,8.03,73.9,"397800 4237200",0,"Hooper Island Bar",3,3,"#1E90FF","Suitable"
397800,4237300,"HNGMH",1.64042,10000,7.96,73.89,"397800 4237300",0.5,"Hooper Island Bar",3,3,"#1E90FF","Suitable"
397800,4237400,"HNGMH",0,10000,8.03,73.9,"397800 4237400",0,"Hooper Island Bar",3,3,"#1E90FF","Suitable"
397800,4237500,"HNGMH",0,10000,8.04,73.91,"397800 4237500",0,"Hooper Island Bar",3,3,"#1E90FF","Suitable"
397800,4237600,"HNGMH",1.64042,10000,7.97,73.9,"397800 4237600",0.5,"Hooper Island Bar",3,3,"#1E90FF","Suitable"
397900,4236300,"HNGMH",0,10000,8,73.86,"397900 4236300",0,"Hooper Island Bar",3,3,"#1E90FF","Suitable"
397900,4236400,"HNGMH",4.92126,10000,7.79,73.83,"397900 4236400",1.5,"Hooper Island Bar",3,3,"#1E90FF","Suitable"
397900,4236500,"HNGMH",0,10000,8.01,73.87,"397900 4236500",0,"Hooper Island Bar",3,3,"#1E90FF","Suitable"
397900,4236600,"HNGMH",4.92126,10000,7.8,73.83,"397900 4236600",1.5,"Hooper Island Bar",3,3,"#1E90FF","Suitable"
397900,4236700,"HNGMH",3.28084,10000,7.85,73.86,"397900 4236700",1,"Hooper Island Bar",3,3,"#1E90FF","Suitable"
397900,4236800,"HNGMH",0,10000,8.02,73.88,"397900 4236800",0,"Hooper Island Bar",3,3,"#1E90FF","Suitable"
397900,4236900,"HNGMH",0,10000,8.02,73.88,"397900 4236900",0,"Hooper Island Bar",3,3,"#1E90FF","Suitable"
397900,4237000,"HNGMH",0,10000,8.02,73.88,"397900 4237000",0,"Hooper Island Bar",3,3,"#1E90FF","Suitable"
397900,4237100,"HNGMH",1.64042,10000,7.95,73.88,"397900 4237100",0.5,"Hooper Island Bar",3,3,"#1E90FF","Suitable"
397900,4237200,"HNGMH",0,10000,8.03,73.89,"397900 4237200",0,"Hooper Island Bar",3,3,"#1E90FF","Suitable"
397900,4237300,"HNGMH",1.64042,10000,7.96,73.88,"397900 4237300",0.5,"Hooper Island Bar",3,3,"#1E90FF","Suitable"
397900,4237400,"HNGMH",1.64042,10000,7.96,73.89,"397900 4237400",0.5,"Hooper Island Bar",3,3,"#1E90FF","Suitable"
397900,4237500,"HNGMH",1.64042,10000,7.96,73.89,"397900 4237500",0.5,"Hooper Island Bar",3,3,"#1E90FF","Suitable"
397900,4237600,"HNGMH",0,10000,8.04,73.91,"397900 4237600",0,"Hooper Island Bar",3,3,"#1E90FF","Suitable"
397900,4237700,"HNGMH",1.64042,10000,7.97,73.9,"397900 4237700",0.5,"Hooper Island Bar",3,3,"#1E90FF","Suitable"
397900,4237800,"HNGMH",0,10000,8.04,73.91,"397900 4237800",0,"Hooper Island Bar",3,3,"#1E90FF","Suitable"
398000,4205000,"CB5MH_MD",6.56168,1000000,7.76,73.83,"398000 4205000",2,"Southwest Middle Grounds",3,3,"#1E90FF","Suitable"
398000,4206000,"CB5MH_MD",4.92126,1000000,7.75,73.82,"398000 4206000",1.5,"Southwest Middle Grounds",3,3,"#1E90FF","Suitable"
398000,4207000,"CB5MH_MD",4.92126,1000000,7.74,73.81,"398000 4207000",1.5,"Southwest Middle Grounds",3,3,"#1E90FF","Suitable"
398000,4209000,"CB5MH_MD",4.92126,1000000,7.71,73.77,"398000 4209000",1.5,"Middle Grounds",3,3,"#1E90FF","Suitable"
398000,4210000,"CB5MH_MD",6.56168,1000000,7.68,73.71,"398000 4210000",2,"Middle Grounds",3,3,"#1E90FF","Suitable"
398000,4211000,"CB5MH_MD",6.56168,1000000,7.65,73.69,"398000 4211000",2,"Middle Grounds",3,3,"#1E90FF","Suitable"
398000,4212000,"CB5MH_MD",0,1000000,7.65,73.62,"398000 4212000",0,"Middle Grounds",3,3,"#1E90FF","Suitable"
398000,4236000,"HNGMH",3.28084,10000,7.83,73.83,"398000 4236000",1,"Hooper Island Bar",3,3,"#1E90FF","Suitable"
398000,4236100,"HNGMH",0,10000,7.99,73.85,"398000 4236100",0,"Hooper Island Bar",3,3,"#1E90FF","Suitable"
398000,4236200,"HNGMH",1.64042,10000,7.92,73.84,"398000 4236200",0.5,"Hooper Island Bar",3,3,"#1E90FF","Suitable"
398000,4236300,"HNGMH",3.28084,10000,7.84,73.84,"398000 4236300",1,"Hooper Island Bar",3,3,"#1E90FF","Suitable"
398000,4236400,"HNGMH",0,10000,8,73.86,"398000 4236400",0,"Hooper Island Bar",3,3,"#1E90FF","Suitable"
398000,4236500,"HNGMH",3.28084,10000,7.84,73.85,"398000 4236500",1,"Hooper Island Bar",3,3,"#1E90FF","Suitable"
398000,4236600,"HNGMH",3.28084,10000,7.85,73.85,"398000 4236600",1,"Hooper Island Bar",3,3,"#1E90FF","Suitable"
398000,4236700,"HNGMH",1.64042,10000,7.94,73.86,"398000 4236700",0.5,"Hooper Island Bar",3,3,"#1E90FF","Suitable"
398000,4236800,"HNGMH",1.64042,10000,7.94,73.86,"398000 4236800",0.5,"Hooper Island Bar",3,3,"#1E90FF","Suitable"
398000,4236900,"HNGMH",0,10000,8.02,73.88,"398000 4236900",0,"Hooper Island Bar",3,3,"#1E90FF","Suitable"
398000,4237000,"HNGMH",0,10000,8.02,73.88,"398000 4237000",0,"Hooper Island Bar",3,3,"#1E90FF","Suitable"
398000,4237100,"HNGMH",1.64042,10000,7.95,73.87,"398000 4237100",0.5,"Hooper Island Bar",3,3,"#1E90FF","Suitable"
398000,4237200,"HNGMH",3.28084,10000,7.87,73.88,"398000 4237200",1,"Hooper Island Bar",3,3,"#1E90FF","Suitable"
398000,4237300,"HNGMH",0,10000,8.03,73.89,"398000 4237300",0,"Hooper Island Bar",3,3,"#1E90FF","Suitable"
398000,4237400,"HNGMH",3.28084,10000,7.87,73.88,"398000 4237400",1,"Hooper Island Bar",3,3,"#1E90FF","Suitable"
398000,4237500,"HNGMH",3.28084,10000,7.87,73.89,"398000 4237500",1,"Hooper Island Bar",3,3,"#1E90FF","Suitable"
398000,4237600,"HNGMH",3.28084,10000,7.88,73.89,"398000 4237600",1,"Hooper Island Bar",3,3,"#1E90FF","Suitable"
398000,4237700,"HNGMH",3.28084,10000,7.88,73.89,"398000 4237700",1,"Hooper Island Bar",3,3,"#1E90FF","Suitable"
398000,4237800,"HNGMH",0,10000,8.04,73.91,"398000 4237800",0,"Hooper Island Bar",3,3,"#1E90FF","Suitable"
398000,4237900,"HNGMH",0,10000,8.04,73.91,"398000 4237900",0,"Hooper Island Bar",3,3,"#1E90FF","Suitable"
398100,4235800,"HNGMH",1.64042,10000,7.91,73.82,"398100 4235800",0.5,"Hooper Island Bar",3,3,"#1E90FF","Suitable"
398100,4235900,"HNGMH",1.64042,10000,7.91,73.82,"398100 4235900",0.5,"Hooper Island Bar",3,3,"#1E90FF","Suitable"
398100,4236000,"HNGMH",1.64042,10000,7.91,73.83,"398100 4236000",0.5,"Hooper Island Bar",3,3,"#1E90FF","Suitable"
398100,4236100,"HNGMH",1.64042,10000,7.92,73.83,"398100 4236100",0.5,"Hooper Island Bar",3,3,"#1E90FF","Suitable"
398100,4236200,"HNGMH",1.64042,10000,7.92,73.84,"398100 4236200",0.5,"Hooper Island Bar",3,3,"#1E90FF","Suitable"
398100,4236300,"HNGMH",0,10000,8,73.85,"398100 4236300",0,"Hooper Island Bar",3,3,"#1E90FF","Suitable"
398100,4236400,"HNGMH",1.64042,10000,7.93,73.84,"398100 4236400",0.5,"Hooper Island Bar",3,3,"#1E90FF","Suitable"
398100,4236500,"HNGMH",1.64042,10000,7.93,73.85,"398100 4236500",0.5,"Hooper Island Bar",3,3,"#1E90FF","Suitable"
398100,4236600,"HNGMH",0,10000,8.01,73.86,"398100 4236600",0,"Hooper Island Bar",3,3,"#1E90FF","Suitable"
398100,4236700,"HNGMH",3.28084,10000,7.85,73.85,"398100 4236700",1,"Hooper Island Bar",3,3,"#1E90FF","Suitable"
398100,4236800,"HNGMH",0,10000,8.01,73.87,"398100 4236800",0,"Hooper Island Bar",3,3,"#1E90FF","Suitable"
398100,4236900,"HNGMH",4.92126,10000,7.8,73.84,"398100 4236900",1.5,"Hooper Island Bar",3,3,"#1E90FF","Suitable"
398100,4237000,"HNGMH",4.92126,10000,7.8,73.84,"398100 4237000",1.5,"Hooper Island Bar",3,3,"#1E90FF","Suitable"
398100,4237100,"HNGMH",3.28084,10000,7.86,73.87,"398100 4237100",1,"Hooper Island Bar",3,3,"#1E90FF","Suitable"
398100,4237200,"HNGMH",1.64042,10000,7.95,73.87,"398100 4237200",0.5,"Hooper Island Bar",3,3,"#1E90FF","Suitable"
398100,4237300,"HNGMH",0,10000,8.03,73.89,"398100 4237300",0,"Hooper Island Bar",3,3,"#1E90FF","Suitable"
398100,4237400,"HNGMH",1.64042,10000,7.96,73.88,"398100 4237400",0.5,"Hooper Island Bar",3,3,"#1E90FF","Suitable"
398100,4237500,"HNGMH",0,10000,8.03,73.89,"398100 4237500",0,"Hooper Island Bar",3,3,"#1E90FF","Suitable"
398100,4237600,"HNGMH",3.28084,10000,7.87,73.88,"398100 4237600",1,"Hooper Island Bar",3,3,"#1E90FF","Suitable"
398100,4237700,"HNGMH",3.28084,10000,7.88,73.89,"398100 4237700",1,"Hooper Island Bar",3,3,"#1E90FF","Suitable"
398100,4237800,"HNGMH",0,10000,8.04,73.9,"398100 4237800",0,"Hooper Island Bar",3,3,"#1E90FF","Suitable"
398100,4237900,"HNGMH",3.28084,10000,7.88,73.89,"398100 4237900",1,"Hooper Island Bar",3,3,"#1E90FF","Suitable"
398100,4238000,"HNGMH",1.64042,10000,7.97,73.9,"398100 4238000",0.5,"Hooper Island Bar",3,3,"#1E90FF","Suitable"
398200,4235700,"HNGMH",1.64042,10000,7.9,73.81,"398200 4235700",0.5,"Hooper Island Bar",3,3,"#1E90FF","Suitable"
398200,4235800,"HNGMH",0,10000,7.98,73.83,"398200 4235800",0,"Hooper Island Bar",3,3,"#1E90FF","Suitable"
398200,4235900,"HNGMH",0,10000,7.99,73.83,"398200 4235900",0,"Hooper Island Bar",3,3,"#1E90FF","Suitable"
398200,4236000,"HNGMH",1.64042,10000,7.91,73.82,"398200 4236000",0.5,"Hooper Island Bar",3,3,"#1E90FF","Suitable"
398200,4236100,"HNGMH",4.92126,10000,7.77,73.8,"398200 4236100",1.5,"Hooper Island Bar",3,3,"#1E90FF","Suitable"
398200,4236200,"HNGMH",0,10000,7.99,73.84,"398200 4236200",0,"Hooper Island Bar",3,3,"#1E90FF","Suitable"
398200,4236300,"HNGMH",4.92126,10000,7.77,73.81,"398200 4236300",1.5,"Hooper Island Bar",3,3,"#1E90FF","Suitable"
398200,4236400,"HNGMH",0,10000,8,73.85,"398200 4236400",0,"Hooper Island Bar",3,3,"#1E90FF","Suitable"
398200,4236500,"HNGMH",0,10000,8,73.86,"398200 4236500",0,"Hooper Island Bar",3,3,"#1E90FF","Suitable"
398200,4236600,"HNGMH",6.56168,10000,7.66,73.91,"398200 4236600",2,"Hooper Island Bar",3,3,"#1E90FF","Suitable"
398200,4236700,"HNGMH",9.84252,10000,7.08,74.21,"398200 4236700",3,"Hooper Island Bar",3,3,"#1E90FF","Suitable"
398200,4236800,"HNGMH",9.84252,10000,7.08,74.21,"398200 4236800",3,"Hooper Island Bar",3,3,"#1E90FF","Suitable"
398200,4236900,"HNGMH",11.48294,10000,6.83,74.35,"398200 4236900",3.5,"Hooper Island Bar",3,3,"#1E90FF","Suitable"
398200,4237000,"HNGMH",0,10000,8.02,73.87,"398200 4237000",0,"Hooper Island Bar",3,3,"#1E90FF","Suitable"
398200,4237100,"HNGMH",1.64042,10000,7.94,73.86,"398200 4237100",0.5,"Hooper Island Bar",3,3,"#1E90FF","Suitable"
398200,4237200,"HNGMH",0,10000,8.02,73.88,"398200 4237200",0,"Hooper Island Bar",3,3,"#1E90FF","Suitable"
398200,4237300,"HNGMH",1.64042,10000,7.95,73.87,"398200 4237300",0.5,"Hooper Island Bar",3,3,"#1E90FF","Suitable"
398200,4237400,"HNGMH",0,10000,8.03,73.89,"398200 4237400",0,"Hooper Island Bar",3,3,"#1E90FF","Suitable"
398200,4237500,"HNGMH",3.28084,10000,7.87,73.88,"398200 4237500",1,"Hooper Island Bar",3,3,"#1E90FF","Suitable"
398200,4237600,"HNGMH",1.64042,10000,7.96,73.88,"398200 4237600",0.5,"Hooper Island Bar",3,3,"#1E90FF","Suitable"
398200,4237700,"HNGMH",0,10000,8.04,73.9,"398200 4237700",0,"Hooper Island Bar",3,3,"#1E90FF","Suitable"
398200,4237800,"HNGMH",0,10000,8.04,73.9,"398200 4237800",0,"Hooper Island Bar",3,3,"#1E90FF","Suitable"
398200,4237900,"HNGMH",1.64042,10000,7.97,73.89,"398200 4237900",0.5,"Hooper Island Bar",3,3,"#1E90FF","Suitable"
398200,4238000,"HNGMH",3.28084,10000,7.88,73.89,"398200 4238000",1,"Hooper Island Bar",3,3,"#1E90FF","Suitable"
398200,4238100,"HNGMH",0,10000,8.05,73.91,"398200 4238100",0,"Hooper Island Bar",3,3,"#1E90FF","Suitable"
398300,4235600,"HNGMH",1.64042,10000,7.9,73.81,"398300 4235600",0.5,"Hooper Island Bar",3,3,"#1E90FF","Suitable"
398300,4235700,"HNGMH",0,10000,7.98,73.82,"398300 4235700",0,"Hooper Island Bar",3,3,"#1E90FF","Suitable"
398300,4235800,"HNGMH",0,10000,7.98,73.83,"398300 4235800",0,"Hooper Island Bar",3,3,"#1E90FF","Suitable"
398300,4235900,"HNGMH",0,10000,7.98,73.83,"398300 4235900",0,"Hooper Island Bar",3,3,"#1E90FF","Suitable"
398300,4236000,"HNGMH",3.28084,10000,7.82,73.82,"398300 4236000",1,"Hooper Island Bar",3,3,"#1E90FF","Suitable"
398300,4236100,"HNGMH",3.28084,10000,7.82,73.82,"398300 4236100",1,"Hooper Island Bar",3,3,"#1E90FF","Suitable"
398300,4236200,"HNGMH",1.64042,10000,7.92,73.83,"398300 4236200",0.5,"Hooper Island Bar",3,3,"#1E90FF","Suitable"
398300,4236300,"HNGMH",4.92126,10000,7.77,73.8,"398300 4236300",1.5,"Hooper Island Bar",3,3,"#1E90FF","Suitable"
398300,4236400,"HNGMH",13.12336,10000,6.27,74.5,"398300 4236400",4,"Hooper Island Bar",3,3,"#1E90FF","Suitable"
398300,4236500,"HNGMH",14.76378,10000,4.95,74.66,"398300 4236500",4.5,"Hooper Island Bar",3,3,"#1E90FF","Suitable"
398300,4236600,"HNGMH",13.12336,10000,6.28,74.5,"398300 4236600",4,"Hooper Island Bar",3,3,"#1E90FF","Suitable"
398300,4236700,"HNGMH",0,10000,8.01,73.86,"398300 4236700",0,"Hooper Island Bar",3,3,"#1E90FF","Suitable"
398300,4237400,"HNGMH",9.84252,10000,7.11,74.22,"398300 4237400",3,"Hooper Island Bar",3,3,"#1E90FF","Suitable"
398300,4237500,"HNGMH",3.28084,10000,7.87,73.87,"398300 4237500",1,"Hooper Island Bar",3,3,"#1E90FF","Suitable"
398300,4237600,"HNGMH",0,10000,8.03,73.89,"398300 4237600",0,"Hooper Island Bar",3,3,"#1E90FF","Suitable"
398300,4237700,"HNGMH",0,10000,8.03,73.89,"398300 4237700",0,"Hooper Island Bar",3,3,"#1E90FF","Suitable"
398300,4237800,"HNGMH",3.28084,10000,7.87,73.88,"398300 4237800",1,"Hooper Island Bar",3,3,"#1E90FF","Suitable"
398300,4237900,"HNGMH",0,10000,8.04,73.9,"398300 4237900",0,"Hooper Island Bar",3,3,"#1E90FF","Suitable"
398300,4238000,"HNGMH",0,10000,8.04,73.9,"398300 4238000",0,"Hooper Island Bar",3,3,"#1E90FF","Suitable"
398300,4238100,"HNGMH",0,10000,8.04,73.91,"398300 4238100",0,"Hooper Island Bar",3,3,"#1E90FF","Suitable"
398300,4238200,"HNGMH",3.28084,10000,7.88,73.89,"398300 4238200",1,"Hooper Island Bar",3,3,"#1E90FF","Suitable"
398400,4235400,"HNGMH",1.64042,10000,7.89,73.79,"398400 4235400",0.5,"Hooper Island Bar",3,3,"#1E90FF","Suitable"
398400,4235500,"HNGMH",0,10000,7.97,73.81,"398400 4235500",0,"Hooper Island Bar",3,3,"#1E90FF","Suitable"
398400,4235600,"HNGMH",1.64042,10000,7.9,73.8,"398400 4235600",0.5,"Hooper Island Bar",3,3,"#1E90FF","Suitable"
398400,4235700,"HNGMH",0,10000,7.98,73.82,"398400 4235700",0,"Hooper Island Bar",3,3,"#1E90FF","Suitable"
398400,4235800,"HNGMH",3.28084,10000,7.81,73.81,"398400 4235800",1,"Hooper Island Bar",3,3,"#1E90FF","Suitable"
398400,4235900,"HNGMH",3.28084,10000,7.81,73.81,"398400 4235900",1,"Hooper Island Bar",3,3,"#1E90FF","Suitable"
398400,4236000,"HNGMH",8.2021,10000,7.34,74.07,"398400 4236000",2.5,"Hooper Island Bar",3,3,"#1E90FF","Suitable"
398400,4236100,"HNGMH",1.64042,10000,7.91,73.82,"398400 4236100",0.5,"Hooper Island Bar",3,3,"#1E90FF","Suitable"
398400,4236200,"HNGMH",9.84252,10000,7.04,74.19,"398400 4236200",3,"Hooper Island Bar",3,3,"#1E90FF","Suitable"
398400,4236300,"HNGMH",11.48294,10000,6.78,74.34,"398400 4236300",3.5,"Hooper Island Bar",3,3,"#1E90FF","Suitable"
398400,4237600,"HNGMH",3.28084,10000,7.87,73.87,"398400 4237600",1,"Hooper Island Bar",3,3,"#1E90FF","Suitable"
398400,4237700,"HNGMH",3.28084,10000,7.87,73.87,"398400 4237700",1,"Hooper Island Bar",3,3,"#1E90FF","Suitable"
398400,4237800,"HNGMH",0,10000,8.04,73.89,"398400 4237800",0,"Hooper Island Bar",3,3,"#1E90FF","Suitable"
398400,4237900,"HNGMH",1.64042,10000,7.96,73.88,"398400 4237900",0.5,"Hooper Island Bar",3,3,"#1E90FF","Suitable"
398400,4238000,"HNGMH",3.28084,10000,7.88,73.88,"398400 4238000",1,"Hooper Island Bar",3,3,"#1E90FF","Suitable"
398400,4238100,"HNGMH",0,10000,8.04,73.9,"398400 4238100",0,"Hooper Island Bar",3,3,"#1E90FF","Suitable"
398400,4238200,"HNGMH",0,10000,8.05,73.91,"398400 4238200",0,"Hooper Island Bar",3,3,"#1E90FF","Suitable"
398400,4238300,"HNGMH",0,10000,8.05,73.91,"398400 4238300",0,"Hooper Island Bar",3,3,"#1E90FF","Suitable"
398500,4235300,"HNGMH",1.64042,10000,7.89,73.79,"398500 4235300",0.5,"Hooper Island Bar",3,3,"#1E90FF","Suitable"
398500,4235400,"HNGMH",3.28084,10000,7.8,73.79,"398500 4235400",1,"Hooper Island Bar",3,3,"#1E90FF","Suitable"
398500,4235500,"HNGMH",1.64042,10000,7.89,73.79,"398500 4235500",0.5,"Hooper Island Bar",3,3,"#1E90FF","Suitable"
398500,4235600,"HNGMH",3.28084,10000,7.8,73.8,"398500 4235600",1,"Hooper Island Bar",3,3,"#1E90FF","Suitable"
398500,4235700,"HNGMH",0,10000,7.98,73.81,"398500 4235700",0,"Hooper Island Bar",3,3,"#1E90FF","Suitable"
398500,4235800,"HNGMH",1.64042,10000,7.9,73.8,"398500 4235800",0.5,"Hooper Island Bar",3,3,"#1E90FF","Suitable"
398500,4235900,"HNGMH",8.2021,10000,7.33,74.06,"398500 4235900",2.5,"Hooper Island Bar",3,3,"#1E90FF","Suitable"
398500,4236000,"HNGMH",4.92126,10000,7.75,73.78,"398500 4236000",1.5,"Hooper Island Bar",3,3,"#1E90FF","Suitable"
398500,4236100,"HNGMH",1.64042,10000,7.91,73.82,"398500 4236100",0.5,"Hooper Island Bar",3,3,"#1E90FF","Suitable"
398500,4237700,"HNGMH",6.56168,10000,7.69,73.93,"398500 4237700",2,"Hooper Island Bar",3,3,"#1E90FF","Suitable"
398500,4237800,"HNGMH",4.92126,10000,7.81,73.85,"398500 4237800",1.5,"Hooper Island Bar",3,3,"#1E90FF","Suitable"
398500,4237900,"HNGMH",6.56168,10000,7.69,73.94,"398500 4237900",2,"Hooper Island Bar",3,3,"#1E90FF","Suitable"
398500,4238000,"HNGMH",1.64042,10000,7.96,73.88,"398500 4238000",0.5,"Hooper Island Bar",3,3,"#1E90FF","Suitable"
398500,4238100,"HNGMH",1.64042,10000,7.96,73.88,"398500 4238100",0.5,"Hooper Island Bar",3,3,"#1E90FF","Suitable"
398500,4238200,"HNGMH",0,10000,8.04,73.9,"398500 4238200",0,"Hooper Island Bar",3,3,"#1E90FF","Suitable"
398500,4238300,"HNGMH",1.64042,10000,7.97,73.89,"398500 4238300",0.5,"Hooper Island Bar",3,3,"#1E90FF","Suitable"
398600,4235200,"HNGMH",1.64042,10000,7.88,73.78,"398600 4235200",0.5,"Hooper Island Bar",3,3,"#1E90FF","Suitable"
398600,4235300,"HNGMH",1.64042,10000,7.88,73.78,"398600 4235300",0.5,"Hooper Island Bar",3,3,"#1E90FF","Suitable"
398600,4235400,"HNGMH",0,10000,7.97,73.8,"398600 4235400",0,"Hooper Island Bar",3,3,"#1E90FF","Suitable"
398600,4235500,"HNGMH",3.28084,10000,7.8,73.79,"398600 4235500",1,"Hooper Island Bar",3,3,"#1E90FF","Suitable"
398600,4235600,"HNGMH",4.92126,10000,7.74,73.76,"398600 4235600",1.5,"Hooper Island Bar",3,3,"#1E90FF","Suitable"
398600,4235700,"HNGMH",0,10000,7.98,73.81,"398600 4235700",0,"Hooper Island Bar",3,3,"#1E90FF","Suitable"
398600,4235800,"HNGMH",8.2021,10000,7.32,74.05,"398600 4235800",2.5,"Hooper Island Bar",3,3,"#1E90FF","Suitable"
398600,4235900,"HNGMH",4.92126,10000,7.75,73.78,"398600 4235900",1.5,"Hooper Island Bar",3,3,"#1E90FF","Suitable"
398600,4236000,"HNGMH",9.84252,10000,7.01,74.19,"398600 4236000",3,"Hooper Island Bar",3,3,"#1E90FF","Suitable"
398600,4236100,"HNGMH",0,10000,7.99,73.83,"398600 4236100",0,"Hooper Island Bar",3,3,"#1E90FF","Suitable"
398600,4237900,"HNGMH",6.56168,10000,7.69,73.93,"398600 4237900",2,"Hooper Island Bar",3,3,"#1E90FF","Suitable"
398600,4238000,"HNGMH",1.64042,10000,7.96,73.87,"398600 4238000",0.5,"Hooper Island Bar",3,3,"#1E90FF","Suitable"
398600,4238100,"HNGMH",3.28084,10000,7.87,73.88,"398600 4238100",1,"Hooper Island Bar",3,3,"#1E90FF","Suitable"
398600,4238200,"HNGMH",1.64042,10000,7.96,73.88,"398600 4238200",0.5,"Hooper Island Bar",3,3,"#1E90FF","Suitable"
398600,4238300,"HNGMH",0,10000,8.04,73.9,"398600 4238300",0,"Hooper Island Bar",3,3,"#1E90FF","Suitable"
398700,4235100,"HNGMH",0,10000,7.96,73.79,"398700 4235100",0,"Hooper Island Bar",3,3,"#1E90FF","Suitable"
398700,4235200,"HNGMH",1.64042,10000,7.88,73.77,"398700 4235200",0.5,"Hooper Island Bar",3,3,"#1E90FF","Suitable"
398700,4235300,"HNGMH",1.64042,10000,7.88,73.78,"398700 4235300",0.5,"Hooper Island Bar",3,3,"#1E90FF","Suitable"
398700,4235400,"HNGMH",1.64042,10000,7.89,73.78,"398700 4235400",0.5,"Hooper Island Bar",3,3,"#1E90FF","Suitable"
398700,4235500,"HNGMH",3.28084,10000,7.79,73.79,"398700 4235500",1,"Hooper Island Bar",3,3,"#1E90FF","Suitable"
398700,4235600,"HNGMH",0,10000,7.97,73.8,"398700 4235600",0,"Hooper Island Bar",3,3,"#1E90FF","Suitable"
398700,4235700,"HNGMH",0,10000,7.97,73.81,"398700 4235700",0,"Hooper Island Bar",3,3,"#1E90FF","Suitable"
398700,4235800,"HNGMH",4.92126,10000,7.74,73.77,"398700 4235800",1.5,"Hooper Island Bar",3,3,"#1E90FF","Suitable"
398700,4235900,"HNGMH",9.84252,10000,6.99,74.18,"398700 4235900",3,"Hooper Island Bar",3,3,"#1E90FF","Suitable"
398700,4236000,"HNGMH",8.2021,10000,7.32,74.06,"398700 4236000",2.5,"Hooper Island Bar",3,3,"#1E90FF","Suitable"
398700,4238100,"HNGMH",11.48294,10000,6.83,74.37,"398700 4238100",3.5,"Hooper Island Bar",3,3,"#1E90FF","Suitable"
398700,4238200,"HNGMH",11.48294,10000,6.84,74.37,"398700 4238200",3.5,"Hooper Island Bar",3,3,"#1E90FF","Suitable"
398700,4238300,"HNGMH",0,10000,8.04,73.9,"398700 4238300",0,"Hooper Island Bar",3,3,"#1E90FF","Suitable"
398800,4235000,"HNGMH",3.28084,10000,7.78,73.76,"398800 4235000",1,"Hooper Island Bar",3,3,"#1E90FF","Suitable"
398800,4235100,"HNGMH",1.64042,10000,7.88,73.77,"398800 4235100",0.5,"Hooper Island Bar",3,3,"#1E90FF","Suitable"
398800,4235200,"HNGMH",1.64042,10000,7.88,73.77,"398800 4235200",0.5,"Hooper Island Bar",3,3,"#1E90FF","Suitable"
398800,4235300,"HNGMH",3.28084,10000,7.79,73.77,"398800 4235300",1,"Hooper Island Bar",3,3,"#1E90FF","Suitable"
398800,4235400,"HNGMH",3.28084,10000,7.79,73.78,"398800 4235400",1,"Hooper Island Bar",3,3,"#1E90FF","Suitable"
398800,4235500,"HNGMH",4.92126,10000,7.73,73.75,"398800 4235500",1.5,"Hooper Island Bar",3,3,"#1E90FF","Suitable"
398800,4235600,"HNGMH",3.28084,10000,7.79,73.78,"398800 4235600",1,"Hooper Island Bar",3,3,"#1E90FF","Suitable"
398800,4235700,"HNGMH",0,10000,7.97,73.8,"398800 4235700",0,"Hooper Island Bar",3,3,"#1E90FF","Suitable"
398800,4235800,"HNGMH",3.28084,10000,7.8,73.79,"398800 4235800",1,"Hooper Island Bar",3,3,"#1E90FF","Suitable"
398800,4235900,"HNGMH",4.92126,10000,7.74,73.77,"398800 4235900",1.5,"Hooper Island Bar",3,3,"#1E90FF","Suitable"
398900,4234900,"HNGMH",1.64042,10000,7.87,73.76,"398900 4234900",0.5,"Hooper Island Bar",3,3,"#1E90FF","Suitable"
398900,4235000,"HNGMH",3.28084,10000,7.77,73.76,"398900 4235000",1,"Hooper Island Bar",3,3,"#1E90FF","Suitable"
398900,4235100,"HNGMH",1.64042,10000,7.87,73.76,"398900 4235100",0.5,"Hooper Island Bar",3,3,"#1E90FF","Suitable"
398900,4235200,"HNGMH",1.64042,10000,7.88,73.77,"398900 4235200",0.5,"Hooper Island Bar",3,3,"#1E90FF","Suitable"
398900,4235300,"HNGMH",0,10000,7.96,73.79,"398900 4235300",0,"Hooper Island Bar",3,3,"#1E90FF","Suitable"
398900,4235400,"HNGMH",4.92126,10000,7.72,73.74,"398900 4235400",1.5,"Hooper Island Bar",3,3,"#1E90FF","Suitable"
398900,4235500,"HNGMH",0,10000,7.97,73.79,"398900 4235500",0,"Hooper Island Bar",3,3,"#1E90FF","Suitable"
398900,4235600,"HNGMH",1.64042,10000,7.89,73.78,"398900 4235600",0.5,"Hooper Island Bar",3,3,"#1E90FF","Suitable"
398900,4235700,"HNGMH",0,10000,7.97,73.8,"398900 4235700",0,"Hooper Island Bar",3,3,"#1E90FF","Suitable"
398900,4235800,"HNGMH",8.2021,10000,7.3,74.05,"398900 4235800",2.5,"Hooper Island Bar",3,3,"#1E90FF","Suitable"
398900,4235900,"HNGMH",8.2021,10000,7.3,74.05,"398900 4235900",2.5,"Hooper Island Bar",3,3,"#1E90FF","Suitable"
399000,4205000,"CB5MH_MD",0,1000000,7.78,73.84,"399000 4205000",0,"Southwest Middle Grounds",3,3,"#1E90FF","Suitable"
399000,4206000,"CB5MH_MD",4.92126,1000000,7.75,73.82,"399000 4206000",1.5,"Southwest Middle Grounds",3,3,"#1E90FF","Suitable"
399000,4207000,"CB5MH_MD",4.92126,1000000,7.74,73.81,"399000 4207000",1.5,"Southwest Middle Grounds",3,3,"#1E90FF","Suitable"
399000,4209000,"CB5MH_MD",8.2021,1000000,7.62,73.79,"399000 4209000",2.5,"Middle Grounds",3,3,"#1E90FF","Suitable"
399000,4210000,"CB5MH_MD",4.92126,1000000,7.69,73.67,"399000 4210000",1.5,"Middle Grounds",3,3,"#1E90FF","Suitable"
399000,4211000,"CB5MH_MD",0,1000000,7.67,73.65,"399000 4211000",0,"Middle Grounds",3,3,"#1E90FF","Suitable"
399000,4212000,"CB5MH_MD",3.28084,1000000,7.65,73.67,"399000 4212000",1,"Middle Grounds",3,3,"#1E90FF","Suitable"
399000,4234700,"HNGMH",0,10000,7.94,73.76,"399000 4234700",0,"Hooper Island Bar",3,3,"#1E90FF","Suitable"
399000,4234800,"HNGMH",1.64042,10000,7.86,73.75,"399000 4234800",0.5,"Hooper Island Bar",3,3,"#1E90FF","Suitable"
399000,4234900,"HNGMH",0,10000,7.95,73.77,"399000 4234900",0,"Hooper Island Bar",3,3,"#1E90FF","Suitable"
399000,4235000,"HNGMH",1.64042,10000,7.87,73.76,"399000 4235000",0.5,"Hooper Island Bar",3,3,"#1E90FF","Suitable"
399000,4235100,"HNGMH",0,10000,7.95,73.77,"399000 4235100",0,"Hooper Island Bar",3,3,"#1E90FF","Suitable"
399000,4235200,"HNGMH",1.64042,10000,7.88,73.76,"399000 4235200",0.5,"Hooper Island Bar",3,3,"#1E90FF","Suitable"
399000,4235300,"HNGMH",3.28084,10000,7.78,73.77,"399000 4235300",1,"Hooper Island Bar",3,3,"#1E90FF","Suitable"
399000,4235400,"HNGMH",0,10000,7.96,73.79,"399000 4235400",0,"Hooper Island Bar",3,3,"#1E90FF","Suitable"
399000,4235500,"HNGMH",6.56168,10000,7.58,73.83,"399000 4235500",2,"Hooper Island Bar",3,3,"#1E90FF","Suitable"
399000,4235600,"HNGMH",9.84252,10000,6.95,74.17,"399000 4235600",3,"Hooper Island Bar",3,3,"#1E90FF","Suitable"
399000,4235700,"HNGMH",3.28084,10000,7.79,73.78,"399000 4235700",1,"Hooper Island Bar",3,3,"#1E90FF","Suitable"
399000,4235800,"HNGMH",0,10000,7.97,73.8,"399000 4235800",0,"Hooper Island Bar",3,3,"#1E90FF","Suitable"
399100,4234700,"HNGMH",0,10000,7.94,73.76,"399100 4234700",0,"Hooper Island Bar",3,3,"#1E90FF","Suitable"
399100,4234800,"HNGMH",1.64042,10000,7.86,73.74,"399100 4234800",0.5,"Hooper Island Bar",3,3,"#1E90FF","Suitable"
399100,4234900,"HNGMH",1.64042,10000,7.87,73.75,"399100 4234900",0.5,"Hooper Island Bar",3,3,"#1E90FF","Suitable"
399100,4235000,"HNGMH",4.92126,10000,7.7,73.72,"399100 4235000",1.5,"Hooper Island Bar",3,3,"#1E90FF","Suitable"
399100,4235100,"HNGMH",3.28084,10000,7.77,73.75,"399100 4235100",1,"Hooper Island Bar",3,3,"#1E90FF","Suitable"
399100,4235200,"HNGMH",1.64042,10000,7.87,73.76,"399100 4235200",0.5,"Hooper Island Bar",3,3,"#1E90FF","Suitable"
399100,4235300,"HNGMH",1.64042,10000,7.88,73.76,"399100 4235300",0.5,"Hooper Island Bar",3,3,"#1E90FF","Suitable"
399100,4235400,"HNGMH",0,10000,7.96,73.78,"399100 4235400",0,"Hooper Island Bar",3,3,"#1E90FF","Suitable"
399100,4235500,"HNGMH",4.92126,10000,7.71,73.74,"399100 4235500",1.5,"Hooper Island Bar",3,3,"#1E90FF","Suitable"
399100,4235600,"HNGMH",6.56168,10000,7.58,73.83,"399100 4235600",2,"Hooper Island Bar",3,3,"#1E90FF","Suitable"
399100,4235700,"HNGMH",0,10000,7.97,73.79,"399100 4235700",0,"Hooper Island Bar",3,3,"#1E90FF","Suitable"
399100,4235800,"HNGMH",0,10000,7.97,73.8,"399100 4235800",0,"Hooper Island Bar",3,3,"#1E90FF","Suitable"
399200,4234700,"HNGMH",0,10000,7.94,73.75,"399200 4234700",0,"Hooper Island Bar",3,3,"#1E90FF","Suitable"
399200,4234800,"HNGMH",0,10000,7.94,73.76,"399200 4234800",0,"Hooper Island Bar",3,3,"#1E90FF","Suitable"
399200,4234900,"HNGMH",0,10000,7.95,73.76,"399200 4234900",0,"Hooper Island Bar",3,3,"#1E90FF","Suitable"
399200,4235000,"HNGMH",3.28084,10000,7.77,73.75,"399200 4235000",1,"Hooper Island Bar",3,3,"#1E90FF","Suitable"
399200,4235100,"HNGMH",0,10000,7.95,73.77,"399200 4235100",0,"Hooper Island Bar",3,3,"#1E90FF","Suitable"
399200,4235200,"HNGMH",0,10000,7.96,73.77,"399200 4235200",0,"Hooper Island Bar",3,3,"#1E90FF","Suitable"
399200,4235300,"HNGMH",0,10000,7.96,73.78,"399200 4235300",0,"Hooper Island Bar",3,3,"#1E90FF","Suitable"
399200,4235400,"HNGMH",1.64042,10000,7.88,73.76,"399200 4235400",0.5,"Hooper Island Bar",3,3,"#1E90FF","Suitable"
399200,4235500,"HNGMH",4.92126,10000,7.71,73.74,"399200 4235500",1.5,"Hooper Island Bar",3,3,"#1E90FF","Suitable"
399200,4235600,"HNGMH",3.28084,10000,7.78,73.77,"399200 4235600",1,"Hooper Island Bar",3,3,"#1E90FF","Suitable"
399200,4235700,"HNGMH",9.84252,10000,6.93,74.18,"399200 4235700",3,"Hooper Island Bar",3,3,"#1E90FF","Suitable"
399300,4234700,"HNGMH",0,10000,7.94,73.75,"399300 4234700",0,"Hooper Island Bar",3,3,"#1E90FF","Suitable"
399300,4234800,"HNGMH",1.64042,10000,7.86,73.74,"399300 4234800",0.5,"Hooper Island Bar",3,3,"#1E90FF","Suitable"
399300,4234900,"HNGMH",3.28084,10000,7.76,73.74,"399300 4234900",1,"Hooper Island Bar",3,3,"#1E90FF","Suitable"
399300,4235000,"HNGMH",0,10000,7.95,73.76,"399300 4235000",0,"Hooper Island Bar",3,3,"#1E90FF","Suitable"
399300,4235100,"HNGMH",3.28084,10000,7.77,73.75,"399300 4235100",1,"Hooper Island Bar",3,3,"#1E90FF","Suitable"
399300,4235200,"HNGMH",3.28084,10000,7.77,73.75,"399300 4235200",1,"Hooper Island Bar",3,3,"#1E90FF","Suitable"
399300,4235300,"HNGMH",0,10000,7.96,73.77,"399300 4235300",0,"Hooper Island Bar",3,3,"#1E90FF","Suitable"
399300,4235400,"HNGMH",3.28084,10000,7.78,73.76,"399300 4235400",1,"Hooper Island Bar",3,3,"#1E90FF","Suitable"
399300,4235500,"HNGMH",3.28084,10000,7.78,73.76,"399300 4235500",1,"Hooper Island Bar",3,3,"#1E90FF","Suitable"
399300,4235600,"HNGMH",4.92126,10000,7.71,73.73,"399300 4235600",1.5,"Hooper Island Bar",3,3,"#1E90FF","Suitable"
399300,4235700,"HNGMH",6.56168,10000,7.57,73.83,"399300 4235700",2,"Hooper Island Bar",3,3,"#1E90FF","Suitable"
399400,4234700,"HNGMH",0,10000,7.94,73.75,"399400 4234700",0,"Hooper Island Bar",3,3,"#1E90FF","Suitable"
399400,4234800,"HNGMH",0,10000,7.94,73.75,"399400 4234800",0,"Hooper Island Bar",3,3,"#1E90FF","Suitable"
399400,4234900,"HNGMH",3.28084,10000,7.76,73.73,"399400 4234900",1,"Hooper Island Bar",3,3,"#1E90FF","Suitable"
399400,4235000,"HNGMH",3.28084,10000,7.76,73.74,"399400 4235000",1,"Hooper Island Bar",3,3,"#1E90FF","Suitable"
399400,4235100,"HNGMH",4.92126,10000,7.69,73.71,"399400 4235100",1.5,"Hooper Island Bar",3,3,"#1E90FF","Suitable"
399400,4235200,"HNGMH",0,10000,7.95,73.76,"399400 4235200",0,"Hooper Island Bar",3,3,"#1E90FF","Suitable"
399400,4235300,"HNGMH",1.64042,10000,7.87,73.75,"399400 4235300",0.5,"Hooper Island Bar",3,3,"#1E90FF","Suitable"
399400,4235400,"HNGMH",3.28084,10000,7.77,73.75,"399400 4235400",1,"Hooper Island Bar",3,3,"#1E90FF","Suitable"
399400,4235500,"HNGMH",4.92126,10000,7.7,73.73,"399400 4235500",1.5,"Hooper Island Bar",3,3,"#1E90FF","Suitable"
399400,4235600,"HNGMH",11.48294,10000,6.64,74.33,"399400 4235600",3.5,"Hooper Island Bar",3,3,"#1E90FF","Suitable"
399500,4234700,"HNGMH",0,10000,7.94,73.74,"399500 4234700",0,"Hooper Island Bar",3,3,"#1E90FF","Suitable"
399500,4234800,"HNGMH",1.64042,10000,7.86,73.73,"399500 4234800",0.5,"Hooper Island Bar",3,3,"#1E90FF","Suitable"
399500,4234900,"HNGMH",1.64042,10000,7.86,73.73,"399500 4234900",0.5,"Hooper Island Bar",3,3,"#1E90FF","Suitable"
399500,4235000,"HNGMH",0,10000,7.95,73.75,"399500 4235000",0,"Hooper Island Bar",3,3,"#1E90FF","Suitable"
399500,4235100,"HNGMH",0,10000,7.95,73.76,"399500 4235100",0,"Hooper Island Bar",3,3,"#1E90FF","Suitable"
399500,4235200,"HNGMH",3.28084,10000,7.77,73.74,"399500 4235200",1,"Hooper Island Bar",3,3,"#1E90FF","Suitable"
399500,4235300,"HNGMH",4.92126,10000,7.69,73.71,"399500 4235300",1.5,"Hooper Island Bar",3,3,"#1E90FF","Suitable"
399500,4235400,"HNGMH",9.84252,10000,6.89,74.17,"399500 4235400",3,"Hooper Island Bar",3,3,"#1E90FF","Suitable"
399500,4235500,"HNGMH",6.56168,10000,7.56,73.81,"399500 4235500",2,"Hooper Island Bar",3,3,"#1E90FF","Suitable"
399500,4235600,"HNGMH",11.48294,10000,6.62,74.34,"399500 4235600",3.5,"Hooper Island Bar",3,3,"#1E90FF","Suitable"
399600,4234700,"HNGMH",0,10000,7.94,73.74,"399600 4234700",0,"Hooper Island Bar",3,3,"#1E90FF","Suitable"
399600,4234800,"HNGMH",1.64042,10000,7.86,73.72,"399600 4234800",0.5,"Hooper Island Bar",3,3,"#1E90FF","Suitable"
399600,4234900,"HNGMH",0,10000,7.95,73.75,"399600 4234900",0,"Hooper Island Bar",3,3,"#1E90FF","Suitable"
399600,4235000,"HNGMH",1.64042,10000,7.86,73.73,"399600 4235000",0.5,"Hooper Island Bar",3,3,"#1E90FF","Suitable"
399600,4235100,"HNGMH",0,10000,7.95,73.75,"399600 4235100",0,"Hooper Island Bar",3,3,"#1E90FF","Suitable"
399600,4235200,"HNGMH",1.64042,10000,7.87,73.74,"399600 4235200",0.5,"Hooper Island Bar",3,3,"#1E90FF","Suitable"
399600,4235300,"HNGMH",4.92126,10000,7.69,73.71,"399600 4235300",1.5,"Hooper Island Bar",3,3,"#1E90FF","Suitable"
399600,4235400,"HNGMH",8.2021,10000,7.23,74.02,"399600 4235400",2.5,"Hooper Island Bar",3,3,"#1E90FF","Suitable"
399600,4235500,"HNGMH",13.12336,10000,6.09,74.51,"399600 4235500",4,"Hooper Island Bar",3,3,"#1E90FF","Suitable"
399600,4235600,"HNGMH",8.2021,10000,7.24,74.02,"399600 4235600",2.5,"Hooper Island Bar",3,3,"#1E90FF","Suitable"
399700,4234700,"HNGMH",1.64042,10000,7.85,73.72,"399700 4234700",0.5,"Hooper Island Bar",3,3,"#1E90FF","Suitable"
399700,4234800,"HNGMH",0,10000,7.94,73.74,"399700 4234800",0,"Hooper Island Bar",3,3,"#1E90FF","Suitable"
399700,4234900,"HNGMH",1.64042,10000,7.86,73.72,"399700 4234900",0.5,"Hooper Island Bar",3,3,"#1E90FF","Suitable"
399700,4235000,"HNGMH",1.64042,10000,7.86,73.73,"399700 4235000",0.5,"Hooper Island Bar",3,3,"#1E90FF","Suitable"
399700,4235100,"HNGMH",3.28084,10000,7.76,73.73,"399700 4235100",1,"Hooper Island Bar",3,3,"#1E90FF","Suitable"
399700,4235200,"HNGMH",0,10000,7.95,73.75,"399700 4235200",0,"Hooper Island Bar",3,3,"#1E90FF","Suitable"
399700,4235300,"HNGMH",0,10000,7.96,73.76,"399700 4235300",0,"Hooper Island Bar",3,3,"#1E90FF","Suitable"
399700,4235400,"HNGMH",9.84252,10000,6.86,74.17,"399700 4235400",3,"Hooper Island Bar",3,3,"#1E90FF","Suitable"
399700,4235500,"HNGMH",4.92126,10000,7.69,73.71,"399700 4235500",1.5,"Hooper Island Bar",3,3,"#1E90FF","Suitable"
399800,4234700,"HNGMH",0,10000,7.94,73.73,"399800 4234700",0,"Hooper Island Bar",3,3,"#1E90FF","Suitable"
399800,4234800,"HNGMH",1.64042,10000,7.85,73.71,"399800 4234800",0.5,"Hooper Island Bar",3,3,"#1E90FF","Suitable"
399800,4234900,"HNGMH",1.64042,10000,7.86,73.72,"399800 4234900",0.5,"Hooper Island Bar",3,3,"#1E90FF","Suitable"
399800,4235000,"HNGMH",4.92126,10000,7.67,73.69,"399800 4235000",1.5,"Hooper Island Bar",3,3,"#1E90FF","Suitable"
399800,4235100,"HNGMH",4.92126,10000,7.68,73.69,"399800 4235100",1.5,"Hooper Island Bar",3,3,"#1E90FF","Suitable"
399800,4235200,"HNGMH",0,10000,7.95,73.75,"399800 4235200",0,"Hooper Island Bar",3,3,"#1E90FF","Suitable"
399800,4235300,"HNGMH",0,10000,7.96,73.75,"399800 4235300",0,"Hooper Island Bar",3,3,"#1E90FF","Suitable"
399800,4235400,"HNGMH",11.48294,10000,6.58,74.34,"399800 4235400",3.5,"Hooper Island Bar",3,3,"#1E90FF","Suitable"
399800,4235500,"HNGMH",13.12336,10000,6.07,74.52,"399800 4235500",4,"Hooper Island Bar",3,3,"#1E90FF","Suitable"
399900,4234700,"HNGMH",1.64042,10000,7.85,73.71,"399900 4234700",0.5,"Hooper Island Bar",3,3,"#1E90FF","Suitable"
399900,4234800,"HNGMH",1.64042,10000,7.85,73.71,"399900 4234800",0.5,"Hooper Island Bar",3,3,"#1E90FF","Suitable"
399900,4234900,"HNGMH",3.28084,10000,7.75,73.71,"399900 4234900",1,"Hooper Island Bar",3,3,"#1E90FF","Suitable"
399900,4235000,"HNGMH",0,10000,7.95,73.74,"399900 4235000",0,"Hooper Island Bar",3,3,"#1E90FF","Suitable"
399900,4235100,"HNGMH",3.28084,10000,7.75,73.72,"399900 4235100",1,"Hooper Island Bar",3,3,"#1E90FF","Suitable"
399900,4235200,"HNGMH",4.92126,10000,7.68,73.69,"399900 4235200",1.5,"Hooper Island Bar",3,3,"#1E90FF","Suitable"
399900,4235300,"HNGMH",4.92126,10000,7.68,73.7,"399900 4235300",1.5,"Hooper Island Bar",3,3,"#1E90FF","Suitable"
399900,4235400,"HNGMH",6.56168,10000,7.53,73.79,"399900 4235400",2,"Hooper Island Bar",3,3,"#1E90FF","Suitable"
399900,4235500,"HNGMH",11.48294,10000,6.57,74.34,"399900 4235500",3.5,"Hooper Island Bar",3,3,"#1E90FF","Suitable"
400000,4209000,"CB5MH_MD",1.64042,1000000,7.72,73.81,"400000 4209000",0.5,"Middle Grounds",3,3,"#1E90FF","Suitable"
400000,4210000,"CB5MH_MD",3.28084,1000000,7.69,73.71,"400000 4210000",1,"Middle Grounds",3,3,"#1E90FF","Suitable"
400000,4211000,"CB5MH_MD",4.92126,1000000,7.67,73.65,"400000 4211000",1.5,"Middle Grounds",3,3,"#1E90FF","Suitable"
400000,4234700,"HNGMH",1.64042,10000,7.85,73.7,"400000 4234700",0.5,"Hooper Island Bar",3,3,"#1E90FF","Suitable"
400000,4234800,"HNGMH",1.64042,10000,7.85,73.71,"400000 4234800",0.5,"Hooper Island Bar",3,3,"#1E90FF","Suitable"
400000,4234900,"HNGMH",3.28084,10000,7.74,73.71,"400000 4234900",1,"Hooper Island Bar",3,3,"#1E90FF","Suitable"
400000,4235000,"HNGMH",3.28084,10000,7.75,73.71,"400000 4235000",1,"Hooper Island Bar",3,3,"#1E90FF","Suitable"
400000,4235100,"HNGMH",4.92126,10000,7.67,73.69,"400000 4235100",1.5,"Hooper Island Bar",3,3,"#1E90FF","Suitable"
400000,4235200,"HNGMH",1.64042,10000,7.86,73.72,"400000 4235200",0.5,"Hooper Island Bar",3,3,"#1E90FF","Suitable"
400000,4235300,"HNGMH",8.2021,10000,7.19,74,"400000 4235300",2.5,"Hooper Island Bar",3,3,"#1E90FF","Suitable"
400000,4235400,"HNGMH",0,10000,7.96,73.75,"400000 4235400",0,"Hooper Island Bar",3,3,"#1E90FF","Suitable"
400100,4234700,"HNGMH",0,10000,7.94,73.72,"400100 4234700",0,"Hooper Island Bar",3,3,"#1E90FF","Suitable"
400100,4234800,"HNGMH",1.64042,10000,7.85,73.7,"400100 4234800",0.5,"Hooper Island Bar",3,3,"#1E90FF","Suitable"
400100,4234900,"HNGMH",4.92126,10000,7.66,73.67,"400100 4234900",1.5,"Hooper Island Bar",3,3,"#1E90FF","Suitable"
400100,4235000,"HNGMH",3.28084,10000,7.74,73.71,"400100 4235000",1,"Hooper Island Bar",3,3,"#1E90FF","Suitable"
400100,4235100,"HNGMH",4.92126,10000,7.67,73.68,"400100 4235100",1.5,"Hooper Island Bar",3,3,"#1E90FF","Suitable"
400100,4235200,"HNGMH",3.28084,10000,7.75,73.71,"400100 4235200",1,"Hooper Island Bar",3,3,"#1E90FF","Suitable"
400100,4235300,"HNGMH",1.64042,10000,7.86,73.72,"400100 4235300",0.5,"Hooper Island Bar",3,3,"#1E90FF","Suitable"
400100,4235400,"HNGMH",13.12336,10000,6.02,74.52,"400100 4235400",4,"Hooper Island Bar",3,3,"#1E90FF","Suitable"
400200,4234600,"HNGMH",0,10000,7.9,73.64,"400200 4234600",0,"Hooper Island Bar",3,3,"#1E90FF","Suitable"
400200,4234700,"HNGMH",3.28084,10000,7.73,73.69,"400200 4234700",1,"Hooper Island Bar",3,3,"#1E90FF","Suitable"
400200,4234800,"HNGMH",4.92126,10000,7.65,73.67,"400200 4234800",1.5,"Hooper Island Bar",3,3,"#1E90FF","Suitable"
400200,4234900,"HNGMH",4.92126,10000,7.66,73.67,"400200 4234900",1.5,"Hooper Island Bar",3,3,"#1E90FF","Suitable"
400200,4235000,"HNGMH",0,10000,7.95,73.73,"400200 4235000",0,"Hooper Island Bar",3,3,"#1E90FF","Suitable"
400200,4235100,"HNGMH",1.64042,10000,7.86,73.71,"400200 4235100",0.5,"Hooper Island Bar",3,3,"#1E90FF","Suitable"
400200,4235200,"HNGMH",0,10000,7.95,73.74,"400200 4235200",0,"Hooper Island Bar",3,3,"#1E90FF","Suitable"
400200,4235300,"HNGMH",6.56168,10000,7.51,73.77,"400200 4235300",2,"Hooper Island Bar",3,3,"#1E90FF","Suitable"
400300,4234600,"HNGMH",1.64042,10000,7.8,73.61,"400300 4234600",0.5,"Hooper Island Bar",3,3,"#1E90FF","Suitable"
400300,4234700,"HNGMH",3.28084,10000,7.67,73.61,"400300 4234700",1,"Hooper Island Bar",3,3,"#1E90FF","Suitable"
400300,4234800,"HNGMH",4.92126,10000,7.65,73.66,"400300 4234800",1.5,"Hooper Island Bar",3,3,"#1E90FF","Suitable"
400300,4234900,"HNGMH",1.64042,10000,7.85,73.7,"400300 4234900",0.5,"Hooper Island Bar",3,3,"#1E90FF","Suitable"
400300,4235000,"HNGMH",1.64042,10000,7.85,73.7,"400300 4235000",0.5,"Hooper Island Bar",3,3,"#1E90FF","Suitable"
400300,4235100,"HNGMH",3.28084,10000,7.74,73.7,"400300 4235100",1,"Hooper Island Bar",3,3,"#1E90FF","Suitable"
400300,4235200,"HNGMH",3.28084,10000,7.75,73.71,"400300 4235200",1,"Hooper Island Bar",3,3,"#1E90FF","Suitable"
400300,4235300,"HNGMH",0,10000,7.95,73.74,"400300 4235300",0,"Hooper Island Bar",3,3,"#1E90FF","Suitable"
400400,4234500,"HNGMH",1.64042,10000,7.8,73.6,"400400 4234500",0.5,"Hooper Island Bar",3,3,"#1E90FF","Suitable"
400400,4234600,"HNGMH",3.28084,10000,7.67,73.61,"400400 4234600",1,"Hooper Island Bar",3,3,"#1E90FF","Suitable"
400400,4234700,"HNGMH",3.28084,10000,7.67,73.61,"400400 4234700",1,"Hooper Island Bar",3,3,"#1E90FF","Suitable"
400400,4234800,"HNGMH",3.28084,10000,7.67,73.61,"400400 4234800",1,"Hooper Island Bar",3,3,"#1E90FF","Suitable"
400400,4234900,"HNGMH",3.28084,10000,7.73,73.69,"400400 4234900",1,"Hooper Island Bar",3,3,"#1E90FF","Suitable"
400400,4235000,"HNGMH",4.92126,10000,7.65,73.67,"400400 4235000",1.5,"Hooper Island Bar",3,3,"#1E90FF","Suitable"
400400,4235100,"HNGMH",0,10000,7.95,73.73,"400400 4235100",0,"Hooper Island Bar",3,3,"#1E90FF","Suitable"
400400,4235200,"HNGMH",4.92126,10000,7.66,73.67,"400400 4235200",1.5,"Hooper Island Bar",3,3,"#1E90FF","Suitable"
400500,4234500,"HNGMH",0,10000,7.89,73.63,"400500 4234500",0,"Hooper Island Bar",3,3,"#1E90FF","Suitable"
400500,4234600,"HNGMH",0,10000,7.9,73.63,"400500 4234600",0,"Hooper Island Bar",3,3,"#1E90FF","Suitable"
400500,4234700,"HNGMH",3.28084,10000,7.67,73.6,"400500 4234700",1,"Hooper Island Bar",3,3,"#1E90FF","Suitable"
400500,4234800,"HNGMH",0,10000,7.9,73.64,"400500 4234800",0,"Hooper Island Bar",3,3,"#1E90FF","Suitable"
400500,4234900,"HNGMH",3.28084,10000,7.67,73.61,"400500 4234900",1,"Hooper Island Bar",3,3,"#1E90FF","Suitable"
400500,4235000,"HNGMH",3.28084,10000,7.74,73.69,"400500 4235000",1,"Hooper Island Bar",3,3,"#1E90FF","Suitable"
400500,4235100,"HNGMH",3.28084,10000,7.74,73.69,"400500 4235100",1,"Hooper Island Bar",3,3,"#1E90FF","Suitable"
400500,4235200,"HNGMH",6.56168,10000,7.49,73.76,"400500 4235200",2,"Hooper Island Bar",3,3,"#1E90FF","Suitable"
400600,4234500,"HNGMH",1.64042,10000,7.79,73.59,"400600 4234500",0.5,"Hooper Island Bar",3,3,"#1E90FF","Suitable"
400600,4234600,"HNGMH",1.64042,10000,7.8,73.6,"400600 4234600",0.5,"Hooper Island Bar",3,3,"#1E90FF","Suitable"
400600,4234700,"HNGMH",0,10000,7.9,73.63,"400600 4234700",0,"Hooper Island Bar",3,3,"#1E90FF","Suitable"
400600,4234800,"HNGMH",3.28084,10000,7.67,73.6,"400600 4234800",1,"Hooper Island Bar",3,3,"#1E90FF","Suitable"
400600,4234900,"HNGMH",3.28084,10000,7.67,73.6,"400600 4234900",1,"Hooper Island Bar",3,3,"#1E90FF","Suitable"
400600,4235000,"HNGMH",1.64042,10000,7.81,73.61,"400600 4235000",0.5,"Hooper Island Bar",3,3,"#1E90FF","Suitable"
400600,4235100,"HNGMH",0,10000,7.95,73.72,"400600 4235100",0,"Hooper Island Bar",3,3,"#1E90FF","Suitable"
400700,4234400,"HNGMH",0,10000,7.89,73.62,"400700 4234400",0,"Hooper Island Bar",3,3,"#1E90FF","Suitable"
400700,4234500,"HNGMH",3.28084,10000,7.66,73.59,"400700 4234500",1,"Hooper Island Bar",3,3,"#1E90FF","Suitable"
400700,4234600,"HNGMH",3.28084,10000,7.66,73.59,"400700 4234600",1,"Hooper Island Bar",3,3,"#1E90FF","Suitable"
400700,4234700,"HNGMH",3.28084,10000,7.66,73.59,"400700 4234700",1,"Hooper Island Bar",3,3,"#1E90FF","Suitable"
400700,4234800,"HNGMH",1.64042,10000,7.8,73.6,"400700 4234800",0.5,"Hooper Island Bar",3,3,"#1E90FF","Suitable"
400700,4234900,"HNGMH",0,10000,7.9,73.63,"400700 4234900",0,"Hooper Island Bar",3,3,"#1E90FF","Suitable"
400700,4235000,"HNGMH",1.64042,10000,7.81,73.6,"400700 4235000",0.5,"Hooper Island Bar",3,3,"#1E90FF","Suitable"
400700,4235100,"HNGMH",3.28084,10000,7.67,73.6,"400700 4235100",1,"Hooper Island Bar",3,3,"#1E90FF","Suitable"
400800,4234400,"HNGMH",0,10000,7.89,73.62,"400800 4234400",0,"Hooper Island Bar",3,3,"#1E90FF","Suitable"
400800,4234500,"HNGMH",1.64042,10000,7.79,73.58,"400800 4234500",0.5,"Hooper Island Bar",3,3,"#1E90FF","Suitable"
400800,4234600,"HNGMH",3.28084,10000,7.66,73.59,"400800 4234600",1,"Hooper Island Bar",3,3,"#1E90FF","Suitable"
400800,4234700,"HNGMH",3.28084,10000,7.66,73.59,"400800 4234700",1,"Hooper Island Bar",3,3,"#1E90FF","Suitable"
400800,4234800,"HNGMH",0,10000,7.9,73.63,"400800 4234800",0,"Hooper Island Bar",3,3,"#1E90FF","Suitable"
400800,4234900,"HNGMH",0,10000,7.9,73.63,"400800 4234900",0,"Hooper Island Bar",3,3,"#1E90FF","Suitable"
400800,4235000,"HNGMH",3.28084,10000,7.67,73.6,"400800 4235000",1,"Hooper Island Bar",3,3,"#1E90FF","Suitable"
400800,4235100,"HNGMH",6.56168,10000,7.38,73.67,"400800 4235100",2,"Hooper Island Bar",3,3,"#1E90FF","Suitable"
400900,4234400,"HNGMH",1.64042,10000,7.79,73.58,"400900 4234400",0.5,"Hooper Island Bar",3,3,"#1E90FF","Suitable"
400900,4234500,"HNGMH",3.28084,10000,7.65,73.58,"400900 4234500",1,"Hooper Island Bar",3,3,"#1E90FF","Suitable"
400900,4234600,"HNGMH",0,10000,7.9,73.62,"400900 4234600",0,"Hooper Island Bar",3,3,"#1E90FF","Suitable"
400900,4234700,"HNGMH",1.64042,10000,7.8,73.58,"400900 4234700",0.5,"Hooper Island Bar",3,3,"#1E90FF","Suitable"
400900,4234800,"HNGMH",3.28084,10000,7.66,73.59,"400900 4234800",1,"Hooper Island Bar",3,3,"#1E90FF","Suitable"
400900,4234900,"HNGMH",0,10000,7.9,73.63,"400900 4234900",0,"Hooper Island Bar",3,3,"#1E90FF","Suitable"
400900,4235000,"HNGMH",4.92126,10000,7.56,73.56,"400900 4235000",1.5,"Hooper Island Bar",3,3,"#1E90FF","Suitable"
401000,4210000,"CB5MH_MD",3.28084,1000000,7.69,73.71,"401000 4210000",1,"Middle Grounds",3,3,"#1E90FF","Suitable"
401000,4234300,"HNGMH",1.64042,10000,7.79,73.57,"401000 4234300",0.5,"Hooper Island Bar",3,3,"#1E90FF","Suitable"
401000,4234400,"HNGMH",1.64042,10000,7.79,73.57,"401000 4234400",0.5,"Hooper Island Bar",3,3,"#1E90FF","Suitable"
401000,4234500,"HNGMH",3.28084,10000,7.65,73.57,"401000 4234500",1,"Hooper Island Bar",3,3,"#1E90FF","Suitable"
401000,4234600,"HNGMH",3.28084,10000,7.65,73.58,"401000 4234600",1,"Hooper Island Bar",3,3,"#1E90FF","Suitable"
401000,4234700,"HNGMH",1.64042,10000,7.8,73.58,"401000 4234700",0.5,"Hooper Island Bar",3,3,"#1E90FF","Suitable"
401000,4234800,"HNGMH",3.28084,10000,7.66,73.58,"401000 4234800",1,"Hooper Island Bar",3,3,"#1E90FF","Suitable"
401000,4234900,"HNGMH",4.92126,10000,7.55,73.55,"401000 4234900",1.5,"Hooper Island Bar",3,3,"#1E90FF","Suitable"
401000,4235000,"HNGMH",4.92126,10000,7.56,73.56,"401000 4235000",1.5,"Hooper Island Bar",3,3,"#1E90FF","Suitable"
401000,4358000,"CB2OH",8.2021,1000000,6,72.23,"401000 4358000",2.5,"Shad Battery Shoal",3,3,"#1E90FF","Suitable"
401100,4234300,"HNGMH",1.64042,10000,7.79,73.56,"401100 4234300",0.5,"Hooper Island Bar",3,3,"#1E90FF","Suitable"
401100,4234400,"HNGMH",1.64042,10000,7.79,73.57,"401100 4234400",0.5,"Hooper Island Bar",3,3,"#1E90FF","Suitable"
401100,4234500,"HNGMH",0,10000,7.89,73.61,"401100 4234500",0,"Hooper Island Bar",3,3,"#1E90FF","Suitable"
401100,4234600,"HNGMH",1.64042,10000,7.79,73.57,"401100 4234600",0.5,"Hooper Island Bar",3,3,"#1E90FF","Suitable"
401100,4234700,"HNGMH",0,10000,7.9,73.61,"401100 4234700",0,"Hooper Island Bar",3,3,"#1E90FF","Suitable"
401100,4234800,"HNGMH",0,10000,7.9,73.62,"401100 4234800",0,"Hooper Island Bar",3,3,"#1E90FF","Suitable"
401100,4234900,"HNGMH",1.64042,10000,7.8,73.58,"401100 4234900",0.5,"Hooper Island Bar",3,3,"#1E90FF","Suitable"
401100,4235000,"HNGMH",0,10000,7.91,73.62,"401100 4235000",0,"Hooper Island Bar",3,3,"#1E90FF","Suitable"
401200,4234300,"HNGMH",0,10000,7.89,73.6,"401200 4234300",0,"Hooper Island Bar",3,3,"#1E90FF","Suitable"
401200,4234400,"HNGMH",0,10000,7.89,73.6,"401200 4234400",0,"Hooper Island Bar",3,3,"#1E90FF","Suitable"
401200,4234500,"HNGMH",1.64042,10000,7.79,73.56,"401200 4234500",0.5,"Hooper Island Bar",3,3,"#1E90FF","Suitable"
401200,4234600,"HNGMH",1.64042,10000,7.79,73.57,"401200 4234600",0.5,"Hooper Island Bar",3,3,"#1E90FF","Suitable"
401200,4234700,"HNGMH",0,10000,7.9,73.61,"401200 4234700",0,"Hooper Island Bar",3,3,"#1E90FF","Suitable"
401200,4234800,"HNGMH",1.64042,10000,7.8,73.57,"401200 4234800",0.5,"Hooper Island Bar",3,3,"#1E90FF","Suitable"
401200,4234900,"HNGMH",0,10000,7.9,73.61,"401200 4234900",0,"Hooper Island Bar",3,3,"#1E90FF","Suitable"
401300,4234300,"HNGMH",1.64042,10000,7.78,73.55,"401300 4234300",0.5,"Hooper Island Bar",3,3,"#1E90FF","Suitable"
401300,4234400,"HNGMH",1.64042,10000,7.79,73.56,"401300 4234400",0.5,"Hooper Island Bar",3,3,"#1E90FF","Suitable"
401300,4234500,"HNGMH",3.28084,10000,7.64,73.56,"401300 4234500",1,"Hooper Island Bar",3,3,"#1E90FF","Suitable"
401300,4234600,"HNGMH",1.64042,10000,7.79,73.56,"401300 4234600",0.5,"Hooper Island Bar",3,3,"#1E90FF","Suitable"
401300,4234700,"HNGMH",1.64042,10000,7.79,73.56,"401300 4234700",0.5,"Hooper Island Bar",3,3,"#1E90FF","Suitable"
401300,4234800,"HNGMH",1.64042,10000,7.79,73.57,"401300 4234800",0.5,"Hooper Island Bar",3,3,"#1E90FF","Suitable"
401300,4234900,"HNGMH",4.92126,10000,7.54,73.54,"401300 4234900",1.5,"Hooper Island Bar",3,3,"#1E90FF","Suitable"
401400,4234200,"HNGMH",0,10000,7.89,73.59,"401400 4234200",0,"Hooper Island Bar",3,3,"#1E90FF","Suitable"
401400,4234300,"HNGMH",0,10000,7.89,73.59,"401400 4234300",0,"Hooper Island Bar",3,3,"#1E90FF","Suitable"
401400,4234400,"HNGMH",0,10000,7.89,73.59,"401400 4234400",0,"Hooper Island Bar",3,3,"#1E90FF","Suitable"
401400,4234500,"HNGMH",1.64042,10000,7.79,73.55,"401400 4234500",0.5,"Hooper Island Bar",3,3,"#1E90FF","Suitable"
401400,4234600,"HNGMH",1.64042,10000,7.79,73.56,"401400 4234600",0.5,"Hooper Island Bar",3,3,"#1E90FF","Suitable"
401400,4234700,"HNGMH",1.64042,10000,7.79,73.56,"401400 4234700",0.5,"Hooper Island Bar",3,3,"#1E90FF","Suitable"
401400,4234800,"HNGMH",3.28084,10000,7.65,73.56,"401400 4234800",1,"Hooper Island Bar",3,3,"#1E90FF","Suitable"
401500,4234200,"HNGMH",0,10000,7.89,73.58,"401500 4234200",0,"Hooper Island Bar",3,3,"#1E90FF","Suitable"
401500,4234300,"HNGMH",0,10000,7.89,73.59,"401500 4234300",0,"Hooper Island Bar",3,3,"#1E90FF","Suitable"
401500,4234400,"HNGMH",0,10000,7.89,73.59,"401500 4234400",0,"Hooper Island Bar",3,3,"#1E90FF","Suitable"
401500,4234500,"HNGMH",0,10000,7.9,73.59,"401500 4234500",0,"Hooper Island Bar",3,3,"#1E90FF","Suitable"
401500,4234600,"HNGMH",3.28084,10000,7.64,73.55,"401500 4234600",1,"Hooper Island Bar",3,3,"#1E90FF","Suitable"
401500,4234700,"HNGMH",3.28084,10000,7.64,73.55,"401500 4234700",1,"Hooper Island Bar",3,3,"#1E90FF","Suitable"
401600,4234200,"HNGMH",1.64042,10000,7.78,73.54,"401600 4234200",0.5,"Hooper Island Bar",3,3,"#1E90FF","Suitable"
401600,4234300,"HNGMH",1.64042,10000,7.78,73.54,"401600 4234300",0.5,"Hooper Island Bar",3,3,"#1E90FF","Suitable"
401600,4234400,"HNGMH",1.64042,10000,7.78,73.54,"401600 4234400",0.5,"Hooper Island Bar",3,3,"#1E90FF","Suitable"
401600,4234500,"HNGMH",0,10000,7.9,73.59,"401600 4234500",0,"Hooper Island Bar",3,3,"#1E90FF","Suitable"
401600,4234600,"HNGMH",3.28084,10000,7.64,73.55,"401600 4234600",1,"Hooper Island Bar",3,3,"#1E90FF","Suitable"
401600,4234700,"HNGMH",6.56168,10000,7.33,73.62,"401600 4234700",2,"Hooper Island Bar",3,3,"#1E90FF","Suitable"
401700,4234200,"HNGMH",0,10000,7.89,73.58,"401700 4234200",0,"Hooper Island Bar",3,3,"#1E90FF","Suitable"
401700,4234300,"HNGMH",0,10000,7.89,73.58,"401700 4234300",0,"Hooper Island Bar",3,3,"#1E90FF","Suitable"
401700,4234400,"HNGMH",3.28084,10000,7.63,73.54,"401700 4234400",1,"Hooper Island Bar",3,3,"#1E90FF","Suitable"
401700,4234500,"HNGMH",4.92126,10000,7.52,73.51,"401700 4234500",1.5,"Hooper Island Bar",3,3,"#1E90FF","Suitable"
401700,4234600,"HNGMH",16.4042,10000,3.4,74.88,"401700 4234600",5,"Hooper Island Bar",2,2,"#FFFE00","Tolerable"
401800,4234100,"HNGMH",0,10000,7.89,73.57,"401800 4234100",0,"Hooper Island Bar",3,3,"#1E90FF","Suitable"
401800,4234200,"HNGMH",0,10000,7.89,73.57,"401800 4234200",0,"Hooper Island Bar",3,3,"#1E90FF","Suitable"
401800,4234300,"HNGMH",1.64042,10000,7.78,73.53,"401800 4234300",0.5,"Hooper Island Bar",3,3,"#1E90FF","Suitable"
401800,4234400,"HNGMH",3.28084,10000,7.63,73.53,"401800 4234400",1,"Hooper Island Bar",3,3,"#1E90FF","Suitable"
401800,4234500,"HNGMH",18.04462,10000,2.73,74.54,"401800 4234500",5.5,"Hooper Island Bar",1,1,"#F9A100","Marginal"
401900,4233900,"HNGMH",0,10000,7.89,73.56,"401900 4233900",0,"Hooper Island Bar",3,3,"#1E90FF","Suitable"
401900,4234000,"HNGMH",1.64042,10000,7.77,73.52,"401900 4234000",0.5,"Hooper Island Bar",3,3,"#1E90FF","Suitable"
401900,4234100,"HNGMH",0,10000,7.89,73.57,"401900 4234100",0,"Hooper Island Bar",3,3,"#1E90FF","Suitable"
401900,4234200,"HNGMH",0,10000,7.89,73.57,"401900 4234200",0,"Hooper Island Bar",3,3,"#1E90FF","Suitable"
401900,4234300,"HNGMH",1.64042,10000,7.78,73.52,"401900 4234300",0.5,"Hooper Island Bar",3,3,"#1E90FF","Suitable"
401900,4234400,"HNGMH",9.84252,10000,6.36,74.14,"401900 4234400",3,"Hooper Island Bar",3,3,"#1E90FF","Suitable"
402000,4233800,"HNGMH",1.64042,10000,7.77,73.51,"402000 4233800",0.5,"Hooper Island Bar",3,3,"#1E90FF","Suitable"
402000,4233900,"HNGMH",1.64042,10000,7.77,73.51,"402000 4233900",0.5,"Hooper Island Bar",3,3,"#1E90FF","Suitable"
402000,4234000,"HNGMH",0,10000,7.89,73.56,"402000 4234000",0,"Hooper Island Bar",3,3,"#1E90FF","Suitable"
402000,4234100,"HNGMH",0,10000,7.89,73.56,"402000 4234100",0,"Hooper Island Bar",3,3,"#1E90FF","Suitable"
402000,4234200,"HNGMH",1.64042,10000,7.78,73.52,"402000 4234200",0.5,"Hooper Island Bar",3,3,"#1E90FF","Suitable"
402000,4234300,"HNGMH",1.64042,10000,7.78,73.52,"402000 4234300",0.5,"Hooper Island Bar",3,3,"#1E90FF","Suitable"
402000,4234400,"HNGMH",19.68504,10000,2.57,74.54,"402000 4234400",6,"Hooper Island Bar",1,1,"#F9A100","Marginal"
402100,4233700,"HNGMH",1.64042,10000,7.77,73.5,"402100 4233700",0.5,"Hooper Island Bar",3,3,"#1E90FF","Suitable"
402100,4233800,"HNGMH",1.64042,10000,7.77,73.5,"402100 4233800",0.5,"Hooper Island Bar",3,3,"#1E90FF","Suitable"
402100,4233900,"HNGMH",1.64042,10000,7.77,73.5,"402100 4233900",0.5,"Hooper Island Bar",3,3,"#1E90FF","Suitable"
402100,4234000,"HNGMH",1.64042,10000,7.77,73.51,"402100 4234000",0.5,"Hooper Island Bar",3,3,"#1E90FF","Suitable"
402100,4234100,"HNGMH",3.28084,10000,7.62,73.51,"402100 4234100",1,"Hooper Island Bar",3,3,"#1E90FF","Suitable"
402100,4234200,"HNGMH",13.12336,10000,5.41,74.6,"402100 4234200",4,"Hooper Island Bar",3,3,"#1E90FF","Suitable"
402100,4234300,"HNGMH",18.04462,10000,2.76,74.53,"402100 4234300",5.5,"Hooper Island Bar",1,1,"#F9A100","Marginal"
402200,4233500,"HNGMH",0,10000,7.88,73.54,"402200 4233500",0,"Hooper Island Bar",3,3,"#1E90FF","Suitable"
402200,4233600,"HNGMH",0,10000,7.88,73.54,"402200 4233600",0,"Hooper Island Bar",3,3,"#1E90FF","Suitable"
402200,4233700,"HNGMH",1.64042,10000,7.77,73.49,"402200 4233700",0.5,"Hooper Island Bar",3,3,"#1E90FF","Suitable"
402200,4233800,"HNGMH",1.64042,10000,7.77,73.5,"402200 4233800",0.5,"Hooper Island Bar",3,3,"#1E90FF","Suitable"
402200,4233900,"HNGMH",3.28084,10000,7.61,73.5,"402200 4233900",1,"Hooper Island Bar",3,3,"#1E90FF","Suitable"
402200,4234000,"HNGMH",13.12336,10000,5.39,74.6,"402200 4234000",4,"Hooper Island Bar",3,3,"#1E90FF","Suitable"
402300,4233500,"HNGMH",4.92126,10000,7.47,73.45,"402300 4233500",1.5,"Hooper Island Bar",3,3,"#1E90FF","Suitable"
402300,4233600,"HNGMH",1.64042,10000,7.76,73.49,"402300 4233600",0.5,"Hooper Island Bar",3,3,"#1E90FF","Suitable"
402300,4233700,"HNGMH",8.2021,10000,6.79,73.87,"402300 4233700",2.5,"Hooper Island Bar",3,3,"#1E90FF","Suitable"
404000,4199000,"CB5MH_VA",4.92126,1000000,7.67,73.91,"404000 4199000",1.5,"Shell Leads",3,3,"#1E90FF","Suitable"
404000,4200000,"CB5MH_MD",9.84252,1000000,7.5,73.88,"404000 4200000",3,"Shell Leads",3,3,"#1E90FF","Suitable"
404000,4201000,"CB5MH_MD",1.64042,1000000,7.69,73.97,"404000 4201000",0.5,"Shell Leads",3,3,"#1E90FF","Suitable"
404000,4202000,"CB5MH_MD",4.92126,1000000,7.64,73.87,"404000 4202000",1.5,"Shell Leads",3,3,"#1E90FF","Suitable"
404000,4203000,"TANMH_MD",8.2021,1000000,7.67,73.86,"404000 4203000",2.5,"Shell Leads",3,3,"#1E90FF","Suitable"
404000,4204000,"TANMH_MD",1.64042,1000000,7.91,73.86,"404000 4204000",0.5,"Shell Leads",3,3,"#1E90FF","Suitable"
404000,4205000,"TANMH_MD",4.92126,1000000,7.81,73.83,"404000 4205000",1.5,"Shell Leads",3,3,"#1E90FF","Suitable"
405000,4200000,"TANMH_MD",4.92126,1000000,7.74,73.9,"405000 4200000",1.5,"Shell Leads",3,3,"#1E90FF","Suitable"
405000,4201000,"TANMH_MD",4.92126,1000000,7.75,73.9,"405000 4201000",1.5,"Shell Leads",3,3,"#1E90FF","Suitable"
405000,4202000,"TANMH_MD",4.92126,1000000,7.76,73.9,"405000 4202000",1.5,"Shell Leads",3,3,"#1E90FF","Suitable"
405000,4203000,"TANMH_MD",0,1000000,7.94,73.94,"405000 4203000",0,"Shell Leads",3,3,"#1E90FF","Suitable"
405000,4204000,"TANMH_MD",6.56168,1000000,7.75,73.84,"405000 4204000",2,"Shell Leads",3,3,"#1E90FF","Suitable"
405000,4205000,"TANMH_MD",8.2021,1000000,7.65,73.86,"405000 4205000",2.5,"Shell Leads",3,3,"#1E90FF","Suitable"
406000,4200000,"TANMH_VA",4.92126,1000000,7.74,73.9,"406000 4200000",1.5,"Shell Leads",3,3,"#1E90FF","Suitable"
406000,4201000,"TANMH_MD",3.28084,1000000,7.84,73.9,"406000 4201000",1,"Shell Leads",3,3,"#1E90FF","Suitable"
406000,4202000,"TANMH_MD",1.64042,1000000,7.91,73.91,"406000 4202000",0.5,"Shell Leads",3,3,"#1E90FF","Suitable"
406000,4203000,"TANMH_MD",0,1000000,7.98,73.95,"406000 4203000",0,"Shell Leads",3,3,"#1E90FF","Suitable"
406000,4205000,"TANMH_MD",1.64042,1000000,7.98,73.85,"406000 4205000",0.5,"Shell Leads",3,3,"#1E90FF","Suitable"
407000,4201000,"TANMH_MD",4.92126,1000000,7.76,73.9,"407000 4201000",1.5,"Shell Leads",3,3,"#1E90FF","Suitable"
407000,4202000,"TANMH_MD",4.92126,1000000,7.78,73.9,"407000 4202000",1.5,"Shell Leads",3,3,"#1E90FF","Suitable"
407000,4373000,"CB1TF",0,1000000,7.22,73.93,"407000 4373000",0,"Susquehanna Flats",3,3,"#1E90FF","Suitable"
408000,4371000,"CB1TF",1.64042,1000000,7.09,73.17,"408000 4371000",0.5,"Susquehanna Flats",3,3,"#1E90FF","Suitable"
408000,4372000,"CB1TF",0,1000000,7.43,73.37,"408000 4372000",0,"Susquehanna Flats",3,3,"#1E90FF","Suitable"
408000,4373000,"CB1TF",0,1000000,7.28,73.83,"408000 4373000",0,"Susquehanna Flats",3,3,"#1E90FF","Suitable"
408000,4374000,"CB1TF",0,1000000,7.12,74.23,"408000 4374000",0,"Susquehanna Flats",3,3,"#1E90FF","Suitable"
408000,4375000,"CB1TF",0,1000000,6.96,74.57,"408000 4375000",0,"Susquehanna Flats",3,3,"#1E90FF","Suitable"
408000,4376000,"CB1TF",0,1000000,6.84,74.8,"408000 4376000",0,"Susquehanna Flats",3,3,"#1E90FF","Suitable"
408000,4377000,"CB1TF",1.64042,1000000,6.78,74.93,"408000 4377000",0.5,"Susquehanna Flats",3,3,"#1E90FF","Suitable"
409000,4371000,"CB1TF",0,1000000,7.64,72.73,"409000 4371000",0,"Susquehanna Flats",3,3,"#1E90FF","Suitable"
409000,4372000,"CB1TF",0,1000000,7.51,73.2,"409000 4372000",0,"Susquehanna Flats",3,3,"#1E90FF","Suitable"
409000,4373000,"CB1TF",0,1000000,7.37,73.67,"409000 4373000",0,"Susquehanna Flats",3,3,"#1E90FF","Suitable"
409000,4377000,"CB1TF",1.64042,1000000,6.86,74.8,"409000 4377000",0.5,"Susquehanna Flats",3,3,"#1E90FF","Suitable"
410000,4212000,"TANMH_MD",0,1000000,8.12,74.22,"410000 4212000",0,"Solomons Lump",3,3,"#1E90FF","Suitable"
410000,4370000,"CB1TF",0,1000000,7.79,72.11,"410000 4370000",0,"Susquehanna Flats",3,3,"#1E90FF","Suitable"
410000,4371000,"CB1TF",0,1000000,7.71,72.55,"410000 4371000",0,"Susquehanna Flats",3,3,"#1E90FF","Suitable"
410000,4372000,"CB1TF",0,1000000,7.6,73.02,"410000 4372000",0,"Susquehanna Flats",3,3,"#1E90FF","Suitable"
410000,4377000,"CB1TF",0,1000000,7.06,74.58,"410000 4377000",0,"Susquehanna Flats",3,3,"#1E90FF","Suitable"
411000,4212000,"TANMH_MD",11.48294,1000000,6.33,74.25,"411000 4212000",3.5,"Solomons Lump",3,3,"#1E90FF","Suitable"
411000,4369000,"CB1TF",1.64042,1000000,7.06,72.13,"411000 4369000",0.5,"Susquehanna Flats",3,3,"#1E90FF","Suitable"
411000,4370000,"CB1TF",0,1000000,7.84,71.98,"411000 4370000",0,"Susquehanna Flats",3,3,"#1E90FF","Suitable"
411000,4371000,"CB1TF",0,1000000,7.77,72.4,"411000 4371000",0,"Susquehanna Flats",3,3,"#1E90FF","Suitable"
411000,4372000,"CB1TF",0,1000000,7.69,72.86,"411000 4372000",0,"Susquehanna Flats",3,3,"#1E90FF","Suitable"
411000,4373000,"CB1TF",0,1000000,7.6,73.3,"411000 4373000",0,"Susquehanna Flats",3,3,"#1E90FF","Suitable"
412000,4212000,"TANMH_MD",3.28084,1000000,7.76,73.73,"412000 4212000",1,"Solomons Lump",3,3,"#1E90FF","Suitable"
412000,4229000,"TANMH_MD",1.64042,1000000,7.73,73.08,"412000 4229000",0.5,"Sharkfin Shoal",3,3,"#1E90FF","Suitable"
412000,4369000,"CB1TF",0,1000000,7.91,71.58,"412000 4369000",0,"Susquehanna Flats",3,3,"#1E90FF","Suitable"
412000,4370000,"CB1TF",1.64042,1000000,7.12,72.35,"412000 4370000",0.5,"Susquehanna Flats",3,3,"#1E90FF","Suitable"
412000,4371000,"CB1TF",0,1000000,7.82,72.32,"412000 4371000",0,"Susquehanna Flats",3,3,"#1E90FF","Suitable"
412000,4372000,"CB1TF",0,1000000,7.77,72.74,"412000 4372000",0,"Susquehanna Flats",3,3,"#1E90FF","Suitable"
412000,4373000,"CB1TF",0,1000000,7.72,73.15,"412000 4373000",0,"Susquehanna Flats",3,3,"#1E90FF","Suitable"
412000,4374000,"CB1TF",0,1000000,7.67,73.5,"412000 4374000",0,"Susquehanna Flats",3,3,"#1E90FF","Suitable"
412000,4376000,"CB1TF",0,1000000,7.63,73.96,"412000 4376000",0,"Susquehanna Flats",3,3,"#1E90FF","Suitable"
412000,4377000,"CB1TF",0,1000000,7.65,74.07,"412000 4377000",0,"Susquehanna Flats",3,3,"#1E90FF","Suitable"
413000,4217000,"TANMH_MD",4.92126,1000000,7.35,73.57,"413000 4217000",1.5,"Sheepshead Ground",3,3,"#1E90FF","Suitable"
413000,4218000,"TANMH_MD",0,1000000,8.03,74.52,"413000 4218000",0,"Sheepshead Ground",3,3,"#1E90FF","Suitable"
413000,4219000,"TANMH_MD",1.64042,1000000,7.79,73.87,"413000 4219000",0.5,"Sheepshead Ground",3,3,"#1E90FF","Suitable"
413000,4220000,"TANMH_MD",3.28084,1000000,7.43,73.43,"413000 4220000",1,"Sheepshead Ground",3,3,"#1E90FF","Suitable"
413000,4223000,"TANMH_MD",1.64042,1000000,7.75,73.42,"413000 4223000",0.5,"Old Orchard",3,3,"#1E90FF","Suitable"
413000,4225000,"TANMH_MD",4.92126,1000000,7.1,73.09,"413000 4225000",1.5,"Old Orchard",3,3,"#1E90FF","Suitable"
413000,4227000,"TANMH_MD",1.64042,1000000,7.74,73.07,"413000 4227000",0.5,"Sharkfin Shoal",3,3,"#1E90FF","Suitable"
413000,4228000,"TANMH_MD",0,1000000,7.99,73.25,"413000 4228000",0,"Sharkfin Shoal",3,3,"#1E90FF","Suitable"
413000,4229000,"TANMH_MD",1.64042,1000000,7.74,73.04,"413000 4229000",0.5,"Sharkfin Shoal",3,3,"#1E90FF","Suitable"
413000,4371000,"CB1TF",1.64042,1000000,7.22,72.63,"413000 4371000",0.5,"Susquehanna Flats",3,3,"#1E90FF","Suitable"
413000,4372000,"CB1TF",0,1000000,7.85,72.68,"413000 4372000",0,"Susquehanna Flats",3,3,"#1E90FF","Suitable"
413000,4373000,"CB1TF",0,1000000,7.84,73.04,"413000 4373000",0,"Susquehanna Flats",3,3,"#1E90FF","Suitable"
413000,4375000,"CB1TF",0,1000000,7.86,73.6,"413000 4375000",0,"Susquehanna Flats",3,3,"#1E90FF","Suitable"
413000,4376000,"CB1TF",0,1000000,7.91,73.76,"413000 4376000",0,"Susquehanna Flats",3,3,"#1E90FF","Suitable"
414000,4216000,"TANMH_MD",0,1000000,8.05,74.72,"414000 4216000",0,"Sheepshead Ground",3,3,"#1E90FF","Suitable"
414000,4217000,"TANMH_MD",9.84252,1000000,6.03,74.1,"414000 4217000",3,"Sheepshead Ground",3,3,"#1E90FF","Suitable"
414000,4219000,"TANMH_MD",22.96588,1000000,3.91,74.89,"414000 4219000",7,"Sheepshead Ground",2,2,"#FFFE00","Tolerable"
414000,4220000,"TANMH_MD",16.4042,1000000,3.77,75.26,"414000 4220000",5,"Sheepshead Ground",2,2,"#FFFE00","Tolerable"
414000,4228000,"TANMH_MD",0,1000000,8,73.21,"414000 4228000",0,"Sharkfin Shoal",3,3,"#1E90FF","Suitable"
414000,4229000,"TANMH_MD",0,1000000,8,73.21,"414000 4229000",0,"Sharkfin Shoal",3,3,"#1E90FF","Suitable"
414000,4231000,"TANMH_MD",3.28084,1000000,7.39,73.04,"414000 4231000",1,"Clay Island Ground",3,3,"#1E90FF","Suitable"
414000,4374000,"CB1TF",0,1000000,8,73.26,"414000 4374000",0,"Susquehanna Flats",3,3,"#1E90FF","Suitable"
414000,4375000,"CB1TF",0,1000000,8.07,73.48,"414000 4375000",0,"Susquehanna Flats",3,3,"#1E90FF","Suitable"
414000,4376000,"CB1TF",0,1000000,8.2,73.67,"414000 4376000",0,"Susquehanna Flats",3,3,"#1E90FF","Suitable"
415000,4218000,"TANMH_MD",1.64042,1000000,7.79,74.05,"415000 4218000",0.5,"Chain Shoal",3,3,"#1E90FF","Suitable"
415000,4219000,"TANMH_MD",3.28084,1000000,7.43,73.53,"415000 4219000",1,"Chain Shoal",3,3,"#1E90FF","Suitable"
415000,4220000,"TANMH_MD",4.92126,1000000,7.22,73.45,"415000 4220000",1.5,"Chain Shoal",3,3,"#1E90FF","Suitable"
416000,4217000,"TANMH_MD",4.92126,1000000,7.33,73.64,"416000 4217000",1.5,"Chain Shoal",3,3,"#1E90FF","Suitable"
416000,4218000,"TANMH_MD",1.64042,1000000,7.78,74.12,"416000 4218000",0.5,"Chain Shoal",3,3,"#1E90FF","Suitable"
416000,4219000,"TANMH_MD",1.64042,1000000,7.76,74.04,"416000 4219000",0.5,"Chain Shoal",3,3,"#1E90FF","Suitable"
417000,4217000,"TANMH_MD",3.28084,1000000,7.47,73.69,"417000 4217000",1,"Chain Shoal",3,3,"#1E90FF","Suitable"
417000,4218000,"TANMH_MD",4.92126,1000000,7.28,73.63,"417000 4218000",1.5,"Chain Shoal",3,3,"#1E90FF","Suitable"
418000,4201000,"TANMH_MD",22.96588,1000000,4.36,75.13,"418000 4201000",7,"James Island Ground",3,3,"#1E90FF","Suitable"
418000,4202000,"TANMH_MD",14.76378,1000000,5.57,74.78,"418000 4202000",4.5,"James Island Ground",3,3,"#1E90FF","Suitable"
418000,4211000,"TANMH_MD",16.4042,1000000,4.77,74.98,"418000 4211000",5,"Piney Island Bar",3,3,"#1E90FF","Suitable"
418000,4212000,"TANMH_MD",3.28084,1000000,7.76,73.83,"418000 4212000",1,"Piney Island Bar",3,3,"#1E90FF","Suitable"
419000,4200000,"TANMH_MD",8.2021,1000000,7.69,73.9,"419000 4200000",2.5,"James Island Ground",3,3,"#1E90FF","Suitable"
419000,4201000,"TANMH_MD",9.84252,1000000,7.36,74,"419000 4201000",3,"James Island Ground",3,3,"#1E90FF","Suitable"
419000,4202000,"TANMH_MD",6.56168,1000000,7.86,73.81,"419000 4202000",2,"James Island Ground",3,3,"#1E90FF","Suitable"
419000,4203000,"TANMH_MD",29.52756,1000000,4.21,75.29,"419000 4203000",9,"James Island Ground",3,3,"#1E90FF","Suitable"
419000,4211000,"TANMH_MD",3.28084,1000000,7.85,73.89,"419000 4211000",1,"Piney Island Bar",3,3,"#1E90FF","Suitable"
419000,4212000,"TANMH_MD",4.92126,1000000,7.6,73.82,"419000 4212000",1.5,"Piney Island Bar",3,3,"#1E90FF","Suitable"
419000,4213000,"TANMH_MD",3.28084,1000000,7.65,73.84,"419000 4213000",1,"Piney Island Bar",3,3,"#1E90FF","Suitable"
420000,4201000,"TANMH_MD",4.92126,1000000,7.95,73.81,"420000 4201000",1.5,"James Island Ground",3,3,"#1E90FF","Suitable"
420000,4202000,"TANMH_MD",1.64042,1000000,8.36,73.84,"420000 4202000",0.5,"James Island Ground",3,3,"#1E90FF","Suitable"
