"Station","Date","Sdepth","Wtemp","Ph","DO","Spcond","Salinity","Cruise","SECCHI","tempF"
"CB5.3",2025-05-05,0.5,64.58,8.2,8.9,26900,16.5,NA,"1.6",64.58
"CB5.3",2025-05-05,1,64.4,8.1,8.9,26900,16.5,NA,NA,64.4
"CB5.3",2025-05-05,2,64.4,8.2,8.9,26900,16.5,NA,NA,64.4
"CB5.3",2025-05-05,3,64.4,8.1,8.8,26900,16.6,NA,NA,64.4
"CB5.3",2025-05-05,5,63.68,8.1,8.5,27400,16.9,NA,NA,63.68
"CB5.3",2025-05-05,7,63.68,8.1,8.3,27600,17,NA,NA,63.68
"CB5.3",2025-05-05,9,63.32,8,8.1,27700,17.1,NA,NA,63.32
"CB5.3",2025-05-05,10,63.32,8,8.1,27900,17.2,NA,NA,63.32
"CB5.3",2025-05-05,11,61.16,7.9,7.1,29300,18.2,NA,NA,61.16
"CB5.3",2025-05-05,12,60.26,7.9,6.9,29400,18.3,NA,NA,60.26
"CB5.3",2025-05-05,13,60.26,7.8,6.9,29600,18.4,NA,NA,60.26
"CB5.3",2025-05-05,14,60.08,7.8,6.8,30300,18.8,NA,NA,60.08
"CB5.3",2025-05-05,15,59.72,7.8,6.7,30500,18.9,NA,NA,59.72
"CB5.3",2025-05-05,17,59.72,7.8,6.7,30600,19.1,NA,NA,59.72
"CB5.3",2025-05-05,19,59.9,7.8,6.7,30700,19.2,NA,NA,59.9
"CB5.3",2025-05-05,21,59.9,7.8,6.7,30900,19.3,NA,NA,59.9
"CB5.3",2025-05-05,23,60.44,7.8,6.9,31000,19.3,NA,NA,60.44
"CB5.3",2025-05-05,25,60.62,7.8,7,31700,19.8,NA,NA,60.62
"LE2.3",2025-05-05,0.5,65.3,8.2,9,25400,15.5,NA,"2",65.3
"LE2.3",2025-05-05,1,65.3,8.2,9,25400,15.5,NA,NA,65.3
"LE2.3",2025-05-05,2,65.12,8.2,9,25400,15.5,NA,NA,65.12
"LE2.3",2025-05-05,3,65.12,8.2,9,25400,15.5,NA,NA,65.12
"LE2.3",2025-05-05,4,65.12,8.2,8.9,25400,15.5,NA,NA,65.12
"LE2.3",2025-05-05,5,62.96,8,8.3,26600,16.4,NA,NA,62.96
"LE2.3",2025-05-05,6,62.78,8,8,26600,16.4,NA,NA,62.78
"LE2.3",2025-05-05,7,61.88,8,7.5,26900,16.5,NA,NA,61.88
"LE2.3",2025-05-05,9,60.44,7.9,7.2,27100,16.7,NA,NA,60.44
"LE2.3",2025-05-05,11,60.26,7.9,7.2,27200,16.7,NA,NA,60.26
"LE2.3",2025-05-05,12,60.26,7.9,7.2,27200,16.7,NA,NA,60.26
"LE2.3",2025-05-05,13,60.26,7.9,7.2,27300,16.8,NA,NA,60.26
"LE2.3",2025-05-05,15,60.26,7.8,6.9,27600,17,NA,NA,60.26
"LE2.3",2025-05-05,17,60.08,7.8,6.9,27700,17.1,NA,NA,60.08
"LE2.3",2025-05-05,18,60.08,7.8,6.9,27700,17.1,NA,NA,60.08
"CB5.2",2025-05-05,0.5,64.76,8.3,9.5,25600,15.7,NA,"1.8",64.76
"CB5.2",2025-05-05,1,64.76,8.3,9.5,25600,15.7,NA,NA,64.76
"CB5.2",2025-05-05,2,64.76,8.3,9.5,25600,15.7,NA,NA,64.76
"CB5.2",2025-05-05,3,64.76,8.3,9.4,25600,15.7,NA,NA,64.76
"CB5.2",2025-05-05,4,64.76,8.3,9.4,25600,15.7,NA,NA,64.76
"CB5.2",2025-05-05,5,64.4,8.3,9.4,25600,15.7,NA,NA,64.4
"CB5.2",2025-05-05,7,64.22,8.2,9.2,25700,15.8,NA,NA,64.22
"CB5.2",2025-05-05,8,64.22,8.2,9,25700,15.8,NA,NA,64.22
"CB5.2",2025-05-05,9,63.5,8.1,7.9,26400,16.2,NA,NA,63.5
"CB5.2",2025-05-05,10,62.6,8,7.4,26900,16.6,NA,NA,62.6
"CB5.2",2025-05-05,11,60.44,7.8,6.6,27000,16.6,NA,NA,60.44
"CB5.2",2025-05-05,12,59.54,7.7,6.3,27000,16.6,NA,NA,59.54
"CB5.2",2025-05-05,13,59.54,7.7,6.3,27400,16.9,NA,NA,59.54
"CB5.2",2025-05-05,14,58.46,7.6,5.7,28200,17.4,NA,NA,58.46
"CB5.2",2025-05-05,15,58.1,7.6,5.6,28200,17.4,NA,NA,58.1
"CB5.2",2025-05-05,16,57.74,7.5,5.4,28500,17.5,NA,NA,57.74
"CB5.2",2025-05-05,17,56.48,7.5,5.1,29800,18.5,NA,NA,56.48
"CB5.2",2025-05-05,18,56.3,7.5,4.9,30100,18.7,NA,NA,56.3
"CB5.2",2025-05-05,19,56.3,7.5,4.9,30100,18.7,NA,NA,56.3
"CB5.2",2025-05-05,20,56.3,7.5,4.9,30600,19,NA,NA,56.3
"CB5.2",2025-05-05,21,56.3,7.5,5,30900,19.2,NA,NA,56.3
"CB5.2",2025-05-05,23,56.12,7.5,5,31000,19.3,NA,NA,56.12
"CB5.2",2025-05-05,25,56.3,7.5,5,31400,19.6,NA,NA,56.3
"CB5.2",2025-05-05,27,56.48,7.5,5.1,31600,19.7,NA,NA,56.48
"CB5.2",2025-05-05,29,56.48,7.5,5.1,31900,19.9,NA,NA,56.48
"CB5.1",2025-05-05,0.5,66.74,8.2,9,25200,15.4,NA,"1.6",66.74
"CB5.1",2025-05-05,1,66.74,8.2,9,25200,15.4,NA,NA,66.74
"CB5.1",2025-05-05,2,66.74,8.2,9,25200,15.4,NA,NA,66.74
"CB5.1",2025-05-05,3,66.74,8.2,8.9,25200,15.4,NA,NA,66.74
"CB5.1",2025-05-05,5,66.74,8.2,8.9,25200,15.4,NA,NA,66.74
"CB5.1",2025-05-05,7,66.74,8.2,8.9,25200,15.4,NA,NA,66.74
"CB5.1",2025-05-05,9,66.74,8.2,8.9,25300,15.4,NA,NA,66.74
"CB5.1",2025-05-05,11,66.2,8.2,8.8,25300,15.4,NA,NA,66.2
"CB5.1",2025-05-05,12,65.48,8.2,8.7,25200,15.4,NA,NA,65.48
"CB5.1",2025-05-05,13,62.42,8,7.6,25800,15.8,NA,NA,62.42
"CB5.1",2025-05-05,15,59.9,7.7,6.4,26200,16.1,NA,NA,59.9
"CB5.1",2025-05-05,17,58.82,7.6,6,26700,16.4,NA,NA,58.82
"CB5.1",2025-05-05,18,58.46,7.6,5.6,26800,16.5,NA,NA,58.46
"CB5.1",2025-05-05,19,58.28,7.6,5.5,27200,16.7,NA,NA,58.28
"CB5.1",2025-05-05,20,58.1,7.6,4.5,27200,16.7,NA,NA,58.1
"CB5.1",2025-05-05,21,56.48,7.4,4.5,29100,18,NA,NA,56.48
"CB5.1",2025-05-05,23,55.94,7.5,4.5,29700,18.4,NA,NA,55.94
"CB5.1",2025-05-05,25,55.94,7.5,4.5,30200,18.7,NA,NA,55.94
"CB5.1",2025-05-05,27,55.76,7.5,4.7,30900,19.2,NA,NA,55.76
"CB5.1",2025-05-05,29,55.94,7.5,4.7,31000,19.3,NA,NA,55.94
"CB5.1",2025-05-05,31,55.94,7.5,4.8,31400,19.6,NA,NA,55.94
"CB5.1",2025-05-05,33,55.94,7.5,4.8,31600,19.7,NA,NA,55.94
"CB4.4",2025-05-05,0.5,65.66,8.3,9.5,24600,15,NA,"1.8",65.66
"CB4.4",2025-05-05,1,65.48,8.3,9.5,24600,15,NA,NA,65.48
"CB4.4",2025-05-05,2,65.48,8.3,9.4,24600,15,NA,NA,65.48
"CB4.4",2025-05-05,3,65.48,8.3,9.4,24600,15,NA,NA,65.48
"CB4.4",2025-05-05,5,65.3,8.2,9.4,24600,15,NA,NA,65.3
"CB4.4",2025-05-05,7,64.94,8.2,9.3,24600,15,NA,NA,64.94
"CB4.4",2025-05-05,9,64.58,8.2,9.1,24500,15,NA,NA,64.58
"CB4.4",2025-05-05,11,63.14,8.1,8.5,24700,15.1,NA,NA,63.14
"CB4.4",2025-05-05,13,62.24,8,8,24900,15.2,NA,NA,62.24
"CB4.4",2025-05-05,14,60.8,7.8,7,25400,15.5,NA,NA,60.8
"CB4.4",2025-05-05,15,59.54,7.6,6.2,25700,15.7,NA,NA,59.54
"CB4.4",2025-05-05,16,58.82,7.6,5.8,25700,15.7,NA,NA,58.82
"CB4.4",2025-05-05,17,57.2,7.4,4.7,26700,16.4,NA,NA,57.2
"CB4.4",2025-05-05,18,57.2,7.4,4.6,26700,16.4,NA,NA,57.2
"CB4.4",2025-05-05,19,56.84,7.4,4.4,27300,16.8,NA,NA,56.84
"CB4.4",2025-05-05,20,56.12,7.4,4.1,29300,18.1,NA,NA,56.12
"CB4.4",2025-05-05,21,56.12,7.4,4.1,29500,18.3,NA,NA,56.12
"CB4.4",2025-05-05,23,55.76,7.4,4.3,30400,18.9,NA,NA,55.76
"CB4.4",2025-05-05,25,55.76,7.5,4.4,30600,19,NA,NA,55.76
"CB4.4",2025-05-05,27,55.76,7.5,4.4,30800,19.2,NA,NA,55.76
"CB4.4",2025-05-05,28,55.76,7.5,4.4,30900,19.2,NA,NA,55.76
"CB4.3E",2025-05-06,0.5,64.76,8.2,9.6,22800,13.8,NA,"1.2",64.76
"CB4.3E",2025-05-06,1,64.76,8.2,9.5,22800,13.8,NA,NA,64.76
"CB4.3E",2025-05-06,2,64.76,8.2,9.5,22900,13.9,NA,NA,64.76
"CB4.3E",2025-05-06,3,64.76,8.2,9.5,23000,14,NA,NA,64.76
"CB4.3E",2025-05-06,4,64.76,8.2,9.5,23000,14,NA,NA,64.76
"CB4.3E",2025-05-06,5,64.76,8.2,9.5,23000,13.9,NA,NA,64.76
"CB4.3E",2025-05-06,6,64.76,8.2,9.5,23000,13.9,NA,NA,64.76
"CB4.3E",2025-05-06,7,66.74,8.1,8.5,23800,14.5,NA,NA,66.74
"CB4.3E",2025-05-06,9,66.92,8.1,8.6,23800,14.5,NA,NA,66.92
"CB4.3E",2025-05-06,11,66.56,8.2,8.7,24000,14.6,NA,NA,66.56
"CB4.3E",2025-05-06,13,66.02,8.2,8.9,24100,14.7,NA,NA,66.02
"CB4.3E",2025-05-06,15,65.48,8.1,8.5,24100,14.7,NA,NA,65.48
"CB4.3E",2025-05-06,16,64.76,8.1,8.2,24100,14.7,NA,NA,64.76
"CB4.3E",2025-05-06,17,63.68,7.9,7.2,24400,14.8,NA,NA,63.68
"CB4.3E",2025-05-06,18,60.62,7.4,4.8,25700,15.8,NA,NA,60.62
"CB4.3E",2025-05-06,19,57.92,7.2,2.5,27500,16.9,NA,NA,57.92
"CB4.3E",2025-05-06,20,57.74,7.3,2.4,27500,17,NA,NA,57.74
"CB4.3C",2025-05-06,0.5,65.12,8.3,9.6,22600,13.7,NA,"1.4",65.12
"CB4.3C",2025-05-06,1,65.12,8.3,9.5,22600,13.7,NA,NA,65.12
"CB4.3C",2025-05-06,2,65.12,8.3,9.5,22600,13.7,NA,NA,65.12
"CB4.3C",2025-05-06,3,65.12,8.3,9.6,22600,13.7,NA,NA,65.12
"CB4.3C",2025-05-06,4,65.12,8.3,9.5,22600,13.7,NA,NA,65.12
"CB4.3C",2025-05-06,5,65.12,8.3,9.5,22700,13.8,NA,NA,65.12
"CB4.3C",2025-05-06,6,65.48,8.2,9.5,23200,14.1,NA,NA,65.48
"CB4.3C",2025-05-06,7,65.66,8.2,9.4,23600,14.3,NA,NA,65.66
"CB4.3C",2025-05-06,8,65.66,8.2,9.3,23800,14.5,NA,NA,65.66
"CB4.3C",2025-05-06,9,65.48,8.2,8.9,23900,14.6,NA,NA,65.48
"CB4.3C",2025-05-06,10,65.3,8.2,8.7,23900,14.6,NA,NA,65.3
"CB4.3C",2025-05-06,11,64.76,8.1,8.6,24000,14.6,NA,NA,64.76
"CB4.3C",2025-05-06,12,64.22,8.1,8.3,23900,14.6,NA,NA,64.22
"CB4.3C",2025-05-06,13,63.14,7.9,7.5,23900,14.6,NA,NA,63.14
"CB4.3C",2025-05-06,14,61.7,7.7,6.6,23900,14.6,NA,NA,61.7
"CB4.3C",2025-05-06,15,59.9,7.5,5.6,24600,15,NA,NA,59.9
"CB4.3C",2025-05-06,16,59.18,7.4,5,24700,15.1,NA,NA,59.18
"CB4.3C",2025-05-06,17,57.56,7.3,4.2,25400,15.5,NA,NA,57.56
"CB4.3C",2025-05-06,18,57.38,7.3,4.1,25600,15.7,NA,NA,57.38
"CB4.3C",2025-05-06,19,57.02,7.3,3.8,26400,16.2,NA,NA,57.02
"CB4.3C",2025-05-06,20,56.66,7.3,3.7,26700,16.4,NA,NA,56.66
"CB4.3C",2025-05-06,21,56.12,7.3,3.3,27400,16.8,NA,NA,56.12
"CB4.3C",2025-05-06,23,55.76,7.3,3.2,28000,17.3,NA,NA,55.76
"CB4.3C",2025-05-06,25,55.76,7.3,3.1,28200,17.4,NA,NA,55.76
"CB4.3C",2025-05-06,26,55.76,7.3,3.2,28200,17.4,NA,NA,55.76
"CB4.3W",2025-05-06,0.5,64.4,8.1,9.2,22100,13.3,NA,"1.4",64.4
"CB4.3W",2025-05-06,1,64.4,8.1,9.2,22100,13.3,NA,NA,64.4
"CB4.3W",2025-05-06,2,64.22,8.1,9.2,22100,13.3,NA,NA,64.22
"CB4.3W",2025-05-06,3,64.22,8.1,9.1,22100,13.4,NA,NA,64.22
"CB4.3W",2025-05-06,4,64.22,8.2,9.1,22200,13.4,NA,NA,64.22
"CB4.3W",2025-05-06,5,64.4,8.2,9.1,22500,13.6,NA,NA,64.4
"CB4.3W",2025-05-06,6,64.76,8.2,8.8,22900,13.9,NA,NA,64.76
"CB4.3W",2025-05-06,7,64.4,8.1,8.4,22900,13.9,NA,NA,64.4
"CB4.3W",2025-05-06,8,63.68,8,8,22800,13.9,NA,NA,63.68
"CB4.2W",2025-05-06,0.5,64.4,8.3,9.8,21100,12.7,NA,"1.2",64.4
"CB4.2W",2025-05-06,1,64.4,8.3,9.8,21200,12.7,NA,NA,64.4
"CB4.2W",2025-05-06,2,64.4,8.3,9.8,21200,12.7,NA,NA,64.4
"CB4.2W",2025-05-06,3,64.4,8.3,9.7,21200,12.8,NA,NA,64.4
"CB4.2W",2025-05-06,4,64.4,8.3,9.6,21200,12.8,NA,NA,64.4
"CB4.2W",2025-05-06,5,63.86,8.2,8.7,21300,12.8,NA,NA,63.86
"CB4.2W",2025-05-06,6,63.68,8.1,8.5,21300,12.8,NA,NA,63.68
"CB4.2W",2025-05-06,7,63.5,8.1,8.5,21300,12.8,NA,NA,63.5
"CB4.2C",2025-05-06,0.5,65.48,8.3,9.6,21800,13.2,NA,"1.5",65.48
"CB4.2C",2025-05-06,1,65.48,8.3,9.6,21800,13.2,NA,NA,65.48
"CB4.2C",2025-05-06,2,65.48,8.3,9.6,21800,13.2,NA,NA,65.48
"CB4.2C",2025-05-06,3,65.48,8.3,9.6,21800,13.2,NA,NA,65.48
"CB4.2C",2025-05-06,5,65.3,8.3,9.5,21800,13.2,NA,NA,65.3
"CB4.2C",2025-05-06,7,65.3,8.3,9.3,21900,13.2,NA,NA,65.3
"CB4.2C",2025-05-06,9,65.48,8.2,9,22200,13.4,NA,NA,65.48
"CB4.2C",2025-05-06,10,65.3,8.2,8.8,22200,13.4,NA,NA,65.3
"CB4.2C",2025-05-06,11,63.14,8,7.6,22500,13.6,NA,NA,63.14
"CB4.2C",2025-05-06,12,61.7,7.8,6.9,22800,13.8,NA,NA,61.7
"CB4.2C",2025-05-06,13,59.9,7.5,5.7,23300,14.2,NA,NA,59.9
"CB4.2C",2025-05-06,14,59.9,7.5,5.5,23400,14.2,NA,NA,59.9
"CB4.2C",2025-05-06,15,59.54,7.5,5.3,23400,14.2,NA,NA,59.54
"CB4.2C",2025-05-06,16,59.18,7.4,5,23600,14.4,NA,NA,59.18
"CB4.2C",2025-05-06,17,58.64,7.4,4.8,24100,14.7,NA,NA,58.64
"CB4.2C",2025-05-06,18,57.56,7.3,4,25100,15.3,NA,NA,57.56
"CB4.2C",2025-05-06,19,57.2,7.3,3.7,25300,15.5,NA,NA,57.2
"CB4.2C",2025-05-06,20,56.48,7.2,3.2,26300,16.1,NA,NA,56.48
"CB4.2C",2025-05-06,21,56.12,7.2,3,27300,16.8,NA,NA,56.12
"CB4.2C",2025-05-06,22,55.94,7.3,2.9,28000,17.3,NA,NA,55.94
"CB4.2C",2025-05-06,23,55.76,7.3,2.9,28500,17.6,NA,NA,55.76
"CB4.2C",2025-05-06,25,55.58,7.3,2.7,29000,17.9,NA,NA,55.58
"CB4.2C",2025-05-06,26,55.58,7.3,2.7,29100,18,NA,NA,55.58
"CB4.2E",2025-05-06,0.5,66.2,8.3,9.4,21900,13.2,NA,"1.4",66.2
"CB4.2E",2025-05-06,1,66.2,8.3,9.4,21900,13.2,NA,NA,66.2
"CB4.2E",2025-05-06,2,66.2,8.3,9.4,21900,13.2,NA,NA,66.2
"CB4.2E",2025-05-06,3,66.02,8.3,9.4,21900,13.2,NA,NA,66.02
"CB4.2E",2025-05-06,4,66.02,8.3,9.4,22000,13.3,NA,NA,66.02
"CB4.2E",2025-05-06,5,66.02,8.3,9.2,22100,13.3,NA,NA,66.02
"CB4.2E",2025-05-06,6,66.02,8.3,9.1,22200,13.4,NA,NA,66.02
"CB4.2E",2025-05-06,7,65.48,8.2,9,22200,13.4,NA,NA,65.48
"CB4.2E",2025-05-06,8,65.48,8.2,8.9,22200,13.4,NA,NA,65.48
"CB4.1E",2025-05-06,0.5,66.02,8.5,10.6,20200,12.1,NA,"1.4",66.02
"CB4.1E",2025-05-06,1,66.02,8.5,10.6,20200,12.1,NA,NA,66.02
"CB4.1E",2025-05-06,2,66.02,8.5,10.6,20200,12.1,NA,NA,66.02
"CB4.1E",2025-05-06,3,65.84,8.5,10.6,20200,12.1,NA,NA,65.84
"CB4.1E",2025-05-06,5,65.66,8.5,10.5,20200,12.1,NA,NA,65.66
"CB4.1E",2025-05-06,7,65.3,8.5,10.3,20200,12.1,NA,NA,65.3
"CB4.1E",2025-05-06,8,64.22,8.4,9.5,20300,12.2,NA,NA,64.22
"CB4.1E",2025-05-06,9,63.14,8.2,8.5,20800,12.5,NA,NA,63.14
"CB4.1E",2025-05-06,10,62.42,8.1,7.9,21100,12.7,NA,NA,62.42
"CB4.1E",2025-05-06,11,62.42,8,7.7,21200,12.8,NA,NA,62.42
"CB4.1E",2025-05-06,12,62.06,8,7.4,21400,12.9,NA,NA,62.06
"CB4.1E",2025-05-06,13,61.88,7.9,7,21600,13,NA,NA,61.88
"CB4.1E",2025-05-06,14,61.52,7.8,6.7,21800,13.1,NA,NA,61.52
"CB4.1E",2025-05-06,15,60.44,7.7,6,22100,13.4,NA,NA,60.44
"CB4.1E",2025-05-06,16,59.18,7.4,5,22900,13.9,NA,NA,59.18
"CB4.1E",2025-05-06,17,58.46,7.4,4.3,23400,14.2,NA,NA,58.46
"CB4.1E",2025-05-06,18,58.46,7.4,4.2,23400,14.2,NA,NA,58.46
"CB4.1E",2025-05-06,19,58.28,7.4,4.1,23500,14.3,NA,NA,58.28
"CB4.1E",2025-05-06,20,57.92,7.3,3.8,23800,14.5,NA,NA,57.92
"CB4.1E",2025-05-06,21,57.74,7.3,3.6,24000,14.6,NA,NA,57.74
"CB4.1E",2025-05-06,22,57.92,7.4,3.7,23900,14.5,NA,NA,57.92
"CB4.1C",2025-05-06,0.5,66.02,8.5,10.4,20400,12.2,NA,"1.3",66.02
"CB4.1C",2025-05-06,1,66.02,8.5,10.4,20400,12.2,NA,NA,66.02
"CB4.1C",2025-05-06,2,66.02,8.5,10.4,20400,12.2,NA,NA,66.02
"CB4.1C",2025-05-06,3,65.84,8.5,10.4,20400,12.2,NA,NA,65.84
"CB4.1C",2025-05-06,5,65.84,8.5,10.4,20400,12.2,NA,NA,65.84
"CB4.1C",2025-05-06,7,65.84,8.5,10.4,20400,12.2,NA,NA,65.84
"CB4.1C",2025-05-06,9,65.3,8.5,10.2,20400,12.2,NA,NA,65.3
"CB4.1C",2025-05-06,10,65.3,8.4,9.8,20500,12.3,NA,NA,65.3
"CB4.1C",2025-05-06,11,64.58,8.4,9.4,20600,12.3,NA,NA,64.58
"CB4.1C",2025-05-06,12,64.22,8.3,9,20700,12.4,NA,NA,64.22
"CB4.1C",2025-05-06,13,61.16,8,6.9,21700,13.1,NA,NA,61.16
"CB4.1C",2025-05-06,14,60.44,7.7,6.3,22000,13.3,NA,NA,60.44
"CB4.1C",2025-05-06,15,60.08,7.7,6.1,22000,13.3,NA,NA,60.08
"CB4.1C",2025-05-06,16,58.82,7.4,4.9,22900,13.9,NA,NA,58.82
"CB4.1C",2025-05-06,17,58.64,7.4,4.8,23100,14,NA,NA,58.64
"CB4.1C",2025-05-06,18,57.2,7.3,3.7,24800,15.1,NA,NA,57.2
"CB4.1C",2025-05-06,19,55.94,7.2,3,26700,16.4,NA,NA,55.94
"CB4.1C",2025-05-06,20,55.94,7.2,2.9,26700,16.4,NA,NA,55.94
"CB4.1C",2025-05-06,21,55.76,7.2,2.8,27300,16.8,NA,NA,55.76
"CB4.1C",2025-05-06,22,55.58,7.2,2.6,27700,17,NA,NA,55.58
"CB4.1C",2025-05-06,23,55.22,7.2,2.4,28500,17.6,NA,NA,55.22
"CB4.1C",2025-05-06,24,55.04,7.2,2.4,28500,17.6,NA,NA,55.04
"CB4.1C",2025-05-06,25,55.04,7.2,2.2,28600,17.7,NA,NA,55.04
"CB4.1C",2025-05-06,27,55.04,7.2,2.2,28700,17.7,NA,NA,55.04
"CB4.1C",2025-05-06,29,55.04,7.2,2.3,28800,17.8,NA,NA,55.04
"CB4.1C",2025-05-06,30,55.04,7.2,2.2,28800,17.8,NA,NA,55.04
"CB4.1W",2025-05-06,0.5,66.2,8.5,10.8,19600,11.7,NA,"0.9",66.2
"CB4.1W",2025-05-06,1,66.2,8.5,10.8,19600,11.7,NA,NA,66.2
"CB4.1W",2025-05-06,2,66.2,8.5,10.8,19600,11.7,NA,NA,66.2
"CB4.1W",2025-05-06,3,66.2,8.5,10.8,19600,11.7,NA,NA,66.2
"CB4.1W",2025-05-06,4,66.2,8.5,10.7,19600,11.7,NA,NA,66.2
"CB4.1W",2025-05-06,5,65.12,8.5,10.5,19600,11.7,NA,NA,65.12
"CB4.1W",2025-05-06,6,65.12,8.4,9.9,20400,12.2,NA,NA,65.12
"CB4.1W",2025-05-06,7,64.76,8.4,9.5,20300,12.2,NA,NA,64.76
"CB4.1W",2025-05-06,8,64.58,8.3,9.4,20300,12.2,NA,NA,64.58
"CB3.3E",2025-05-06,0.5,67.28,8.7,11.5,14200,8.3,NA,"0.8",67.28
"CB3.3E",2025-05-06,1,67.28,8.7,11.5,14200,8.3,NA,NA,67.28
"CB3.3E",2025-05-06,2,66.74,8.7,11.4,14200,8.3,NA,NA,66.74
"CB3.3E",2025-05-06,3,66.56,8.6,10.9,14600,8.5,NA,NA,66.56
"CB3.3E",2025-05-06,4,65.84,8.6,10.6,15600,9.2,NA,NA,65.84
"CB3.3E",2025-05-06,5,65.3,8.5,10,16500,9.7,NA,NA,65.3
"CB3.3E",2025-05-06,6,65.12,8.5,9.9,17100,10.1,NA,NA,65.12
"CB3.3E",2025-05-06,7,65.3,8.5,9.9,17600,10.4,NA,NA,65.3
"CB3.3C",2025-05-06,0.5,66.92,8.6,11.4,15200,8.9,NA,"0.8",66.92
"CB3.3C",2025-05-06,1,67.1,8.7,11.5,15100,8.8,NA,NA,67.1
"CB3.3C",2025-05-06,2,66.92,8.6,11.5,15100,8.8,NA,NA,66.92
"CB3.3C",2025-05-06,3,66.92,8.6,11.4,15100,8.8,NA,NA,66.92
"CB3.3C",2025-05-06,4,66.56,8.6,11.2,15200,8.9,NA,NA,66.56
"CB3.3C",2025-05-06,5,65.66,8.6,10.8,17300,10.2,NA,NA,65.66
"CB3.3C",2025-05-06,6,65.12,8.5,10.2,17700,10.5,NA,NA,65.12
"CB3.3C",2025-05-06,7,64.94,8.5,10,18200,10.8,NA,NA,64.94
"CB3.3C",2025-05-06,8,63.86,8.3,9,18400,10.9,NA,NA,63.86
"CB3.3C",2025-05-06,9,63.68,8.2,8.8,18600,11.1,NA,NA,63.68
"CB3.3C",2025-05-06,10,63.5,8.2,8.5,18700,11.1,NA,NA,63.5
"CB3.3C",2025-05-06,11,62.6,8,7.8,19300,11.5,NA,NA,62.6
"CB3.3C",2025-05-06,12,61.88,7.9,7.3,19800,11.8,NA,NA,61.88
"CB3.3C",2025-05-06,13,61.34,7.7,6.5,20100,12.1,NA,NA,61.34
"CB3.3C",2025-05-06,14,59.54,7.4,4.9,21700,13.1,NA,NA,59.54
"CB3.3C",2025-05-06,15,57.92,7.3,4,23000,14,NA,NA,57.92
"CB3.3C",2025-05-06,16,57.02,7.3,3.5,24300,14.8,NA,NA,57.02
"CB3.3C",2025-05-06,17,56.84,7.2,3.1,24400,14.8,NA,NA,56.84
"CB3.3C",2025-05-06,18,56.66,7.2,3,25100,15.3,NA,NA,56.66
"CB3.3C",2025-05-06,19,56.12,7.2,2.9,25900,15.8,NA,NA,56.12
"CB3.3C",2025-05-06,20,55.76,7.2,2.5,26500,16.2,NA,NA,55.76
"CB3.3C",2025-05-06,21,55.58,7.2,2.4,26900,16.5,NA,NA,55.58
"CB3.3C",2025-05-06,23,55.4,7.3,2.4,27100,16.6,NA,NA,55.4
"CB3.3W",2025-05-06,0.5,66.38,8.5,11,16100,9.5,NA,"0.8",66.38
"CB3.3W",2025-05-06,1,66.38,8.6,11,16100,9.5,NA,NA,66.38
"CB3.3W",2025-05-06,2,66.38,8.5,10.9,16100,9.5,NA,NA,66.38
"CB3.3W",2025-05-06,3,66.38,8.5,10.8,16100,9.5,NA,NA,66.38
"CB3.3W",2025-05-06,4,66.2,8.5,10.7,16100,9.4,NA,NA,66.2
"CB3.3W",2025-05-06,5,66.2,8.5,10.5,16100,9.4,NA,NA,66.2
"CB3.3W",2025-05-06,6,66.02,8.5,10.4,16100,9.4,NA,NA,66.02
"CB3.3W",2025-05-06,7,65.48,8.4,9.7,16200,9.5,NA,NA,65.48
"CB3.2",2025-05-07,0.5,67.28,8.3,9.2,9610,5.4,NA,"0.8",67.28
"CB3.2",2025-05-07,1,67.1,8.3,9.1,9430,5.3,NA,NA,67.1
"CB3.2",2025-05-07,2,67.46,8.6,9.9,12100,7,NA,NA,67.46
"CB3.2",2025-05-07,3,67.28,8.6,10,12800,7.3,NA,NA,67.28
"CB3.2",2025-05-07,4,67.28,8.6,10,13100,7.5,NA,NA,67.28
"CB3.2",2025-05-07,5,66.92,8.6,9.9,13700,7.9,NA,NA,66.92
"CB3.2",2025-05-07,6,66.02,8.3,8.7,14400,8.4,NA,NA,66.02
"CB3.2",2025-05-07,7,64.04,7.8,6.6,15700,9.2,NA,NA,64.04
"CB3.2",2025-05-07,8,63.14,7.4,5.3,16400,9.7,NA,NA,63.14
"CB3.2",2025-05-07,9,62.6,7.3,4.9,16800,9.9,NA,NA,62.6
"CB3.2",2025-05-07,10,62.6,7.4,5.1,16800,9.9,NA,NA,62.6
"CB3.1",2025-05-07,0.5,68,7.5,7.7,3090,1.6,NA,"0.8",68
"CB3.1",2025-05-07,1,68,7.5,7.6,3090,1.6,NA,NA,68
"CB3.1",2025-05-07,2,68.18,7.4,7.2,4230,2.2,NA,NA,68.18
"CB3.1",2025-05-07,3,67.82,7.5,7.2,4490,2.4,NA,NA,67.82
"CB3.1",2025-05-07,4,67.28,7.4,6.5,7350,4.1,NA,NA,67.28
"CB3.1",2025-05-07,5,67.1,7.4,6.4,7710,4.3,NA,NA,67.1
"CB3.1",2025-05-07,6,65.48,7.4,5.7,11600,6.7,NA,NA,65.48
"CB3.1",2025-05-07,7,65.48,7.4,5.8,12000,6.9,NA,NA,65.48
"CB3.1",2025-05-07,8,65.3,7.5,5.9,12300,7.1,NA,NA,65.3
"CB3.1",2025-05-07,9,65.3,7.5,6,12500,7.2,NA,NA,65.3
"CB3.1",2025-05-07,10,64.94,7.6,6,13900,8.1,NA,NA,64.94
"CB3.1",2025-05-07,11,64.58,7.5,5.6,14300,8.3,NA,NA,64.58
"CB3.1",2025-05-07,12,64.58,7.5,5.6,14300,8.3,NA,NA,64.58
"CB2.2",2025-05-07,0.5,69.98,7.4,7.6,896,0.4,NA,"0.7",69.98
"CB2.2",2025-05-07,1,69.8,7.4,7.6,880,0.4,NA,NA,69.8
"CB2.2",2025-05-07,2,69.8,7.4,7.5,878,0.4,NA,NA,69.8
"CB2.2",2025-05-07,3,69.62,7.4,7.4,884,0.4,NA,NA,69.62
"CB2.2",2025-05-07,4,69.44,7.4,7.2,1020,0.5,NA,NA,69.44
"CB2.2",2025-05-07,5,69.44,7.4,7.2,1070,0.5,NA,NA,69.44
"CB2.2",2025-05-07,6,69.26,7.4,7.1,1430,0.7,NA,NA,69.26
"CB2.2",2025-05-07,7,69.08,7.4,7,1690,0.9,NA,NA,69.08
"CB2.2",2025-05-07,8,68.72,7.4,6.8,2730,1.2,NA,NA,68.72
"CB2.2",2025-05-07,9,68.72,7.5,6.8,2470,1.3,NA,NA,68.72
"CB2.1",2025-05-07,0.5,70.34,8,7.9,221,0.1,NA,"0.6",70.34
"CB2.1",2025-05-07,1,70.34,8,7.9,221,0.1,NA,NA,70.34
"CB2.1",2025-05-07,2,70.34,8,7.9,221,0.1,NA,NA,70.34
"CB2.1",2025-05-07,3,70.34,8,7.9,221,0.1,NA,NA,70.34
"CB2.1",2025-05-07,4,70.34,8,7.9,221,0.1,NA,NA,70.34
"CB1.1",2025-05-07,0.5,70.52,7.9,7.7,213,0.1,NA,"0.8",70.52
"CB1.1",2025-05-07,1,70.52,7.9,7.6,213,0.1,NA,NA,70.52
"CB1.1",2025-05-07,2,70.16,7.9,7.6,213,0.1,NA,NA,70.16
"CB1.1",2025-05-07,3,70.16,7.9,7.6,213,0.1,NA,NA,70.16
"RET2.4",2025-05-12,0.5,69.62,7.6,6.9,12200,7,NA,"0.5",69.62
"RET2.4",2025-05-12,1,69.44,7.7,7,12200,7,NA,NA,69.44
"RET2.4",2025-05-12,2,69.26,7.6,6.9,12400,7.1,NA,NA,69.26
"RET2.4",2025-05-12,3,69.26,7.6,6.8,12800,7.3,NA,NA,69.26
"RET2.4",2025-05-12,4,69.08,7.6,6.4,13200,7.7,NA,NA,69.08
"RET2.4",2025-05-12,5,68.72,7.4,5.4,15000,8.7,NA,NA,68.72
"RET2.4",2025-05-12,6,68.54,7.4,5,15400,9,NA,NA,68.54
"RET2.4",2025-05-12,7,68.18,7.3,4.6,15600,9.3,NA,NA,68.18
"RET2.4",2025-05-12,8,68,7.2,4,16600,9.7,NA,NA,68
"RET2.4",2025-05-12,9,68,7.2,3.9,16600,9.8,NA,NA,68
"RET2.4",2025-05-12,10,67.82,7.2,3.6,17100,10.1,NA,NA,67.82
"RET2.4",2025-05-12,11,67.64,7.2,3.6,17200,10.1,NA,NA,67.64
"RET2.4",2025-05-12,12,67.64,7.2,3.5,17200,10.2,NA,NA,67.64
"RET2.4",2025-05-12,13,67.64,7.2,3.5,17300,10.2,NA,NA,67.64
"RET2.4",2025-05-12,14,67.64,7.2,3.5,17300,10.2,NA,NA,67.64
"RET2.4",2025-05-12,15,67.64,7.2,3.5,17300,10.2,NA,NA,67.64
"RET2.4",2025-05-12,15.5,67.64,7.1,3.5,17300,10.2,NA,NA,67.64
"RET2.2",2025-05-12,0.5,69.98,7.6,6.6,4520,2.4,NA,"0.4",69.98
"RET2.2",2025-05-12,2.3,69.98,7.6,6.6,4560,2.5,NA,NA,69.98
"RET2.2",2025-05-12,4.6,69.8,7.5,6,5960,3.2,NA,NA,69.8
"RET2.2",2025-05-12,6.9,69.62,7.4,5.3,6790,3.7,NA,NA,69.62
"RET2.2",2025-05-12,10.1,69.62,7.4,4.9,8540,4.8,NA,NA,69.62
"RET2.1",2025-05-12,0.5,69.98,8,8.3,1320,0.7,NA,"0.4",69.98
"RET2.1",2025-05-12,4.6,69.62,7.9,7.9,1520,0.8,NA,NA,69.62
"RET2.1",2025-05-12,5.5,69.62,7.9,7.9,1560,0.8,NA,NA,69.62
"TF2.4",2025-05-12,0.5,71.24,7.9,8.7,343,0.2,NA,"0.8",71.24
"TF2.4",2025-05-12,4.6,70.88,7.8,8.2,343,0.2,NA,NA,70.88
"TF2.4",2025-05-12,8.4,70.88,7.8,8.2,343,0.2,NA,NA,70.88
"MAT0016",2025-05-12,0.5,73.04,8.6,11.6,367,0.2,NA,"0.6",73.04
"MAT0016",2025-05-12,1,72.14,8.6,10.9,364,0.2,NA,NA,72.14
"MAT0016",2025-05-12,2,71.96,8.5,10.8,364,0.2,NA,NA,71.96
"MAT0016",2025-05-12,3,71.96,8.5,10.7,365,0.2,NA,NA,71.96
"MAT0016",2025-05-12,4,71.96,8.5,10.6,365,0.2,NA,NA,71.96
"MAT0016",2025-05-12,4.5,71.96,8.5,10.6,365,0.2,NA,NA,71.96
"TF2.3",2025-05-12,0.5,72.86,7.6,7.6,330,0.2,NA,"0.9",72.86
"TF2.3",2025-05-12,2.3,71.6,7.5,7.1,331,0.2,NA,NA,71.6
"TF2.3",2025-05-12,4.6,71.42,7.5,7,332,0.2,NA,NA,71.42
"TF2.3",2025-05-12,6.9,71.42,7.5,6.9,333,0.2,NA,NA,71.42
"TF2.3",2025-05-12,9.1,71.42,7.5,6.9,333,0.2,NA,NA,71.42
"TF2.3",2025-05-12,13,71.42,7.5,6.9,333,0.2,NA,NA,71.42
"TF2.2",2025-05-12,0.5,70.88,7.4,7.3,302,0.1,NA,"1",70.88
"TF2.2",2025-05-12,4.6,70.16,7.4,7.1,302,0.1,NA,NA,70.16
"TF2.2",2025-05-12,7,70.16,7.4,7.1,302,0.1,NA,NA,70.16
"TF2.1",2025-05-12,0.5,71.06,7.5,8,294,0.1,NA,"1.1",71.06
"TF2.1",2025-05-12,4.6,70.52,7.5,7.7,294,0.1,NA,NA,70.52
"TF2.1",2025-05-12,9.1,69.98,7.5,7.5,294,0.1,NA,NA,69.98
"TF2.1",2025-05-12,13.7,69.8,7.4,7.4,294,0.1,NA,NA,69.8
"TF2.1",2025-05-12,18.3,69.8,7.4,7.3,295,0.1,NA,NA,69.8
"TF2.1",2025-05-12,19.5,69.8,7.4,7.3,295,0.1,NA,NA,69.8
"XFB1986",2025-05-12,0.5,72.86,8.1,9.8,311,0.2,NA,"0.6",72.86
"PIS0033",2025-05-12,0,65.66,7.3,7.3,290,0.1,NA,NA,65.66
"MAT0078",2025-05-12,0,65.12,7,7.2,208,0.1,NA,NA,65.12
"CB5.1W",2025-05-01,0.5,62.78,8,9.5,24100,14.7,NA,"1.4",62.78
"CB5.1W",2025-05-01,1,62.6,8,9.6,24100,14.7,NA,NA,62.6
"CB5.1W",2025-05-01,2,62.06,8,9.7,24100,14.7,NA,NA,62.06
"CB5.1W",2025-05-01,3,61.7,8,9.8,24100,14.7,NA,NA,61.7
"CB5.1W",2025-05-01,6,61.16,8,9.6,24200,14.7,NA,NA,61.16
"CB5.1W",2025-05-01,8,61.16,8,9.6,24200,14.7,NA,NA,61.16
"LE1.4",2025-05-01,0.5,63.5,7.9,8.9,23300,14.2,NA,"1.7",63.5
"LE1.4",2025-05-01,1,63.5,7.9,9,23300,14.2,NA,NA,63.5
"LE1.4",2025-05-01,2,62.96,7.9,9,23500,14.3,NA,NA,62.96
"LE1.4",2025-05-01,3,62.6,7.9,8.9,23600,14.3,NA,NA,62.6
"LE1.4",2025-05-01,6,62.42,7.9,9,23600,14.4,NA,NA,62.42
"LE1.4",2025-05-01,9,61.16,7.9,8.8,24000,14.6,NA,NA,61.16
"LE1.4",2025-05-01,12,60.8,7.9,8.3,24200,14.8,NA,NA,60.8
"LE1.4",2025-05-01,14,60.62,7.8,8.2,24300,14.8,NA,NA,60.62
"LE1.3",2025-05-01,0.5,65.48,7.9,9.1,22600,13.7,NA,"1.5",65.48
"LE1.3",2025-05-01,1,65.48,7.9,9.1,22600,13.7,NA,NA,65.48
"LE1.3",2025-05-01,2,65.48,7.9,9,22600,13.7,NA,NA,65.48
"LE1.3",2025-05-01,3,65.12,7.9,9,22600,13.7,NA,NA,65.12
"LE1.3",2025-05-01,6,63.5,7.8,8.3,23100,14,NA,NA,63.5
"LE1.3",2025-05-01,9,63.5,7.8,8.4,23200,14.1,NA,NA,63.5
"LE1.3",2025-05-01,12,63.32,7.8,8.3,23200,14.1,NA,NA,63.32
"LE1.3",2025-05-01,15,62.24,7.8,8.1,23500,14.3,NA,NA,62.24
"LE1.3",2025-05-01,18,62.06,7.8,8,23600,14.4,NA,NA,62.06
"LE1.3",2025-05-01,21,61.88,7.8,8,23700,14.4,NA,NA,61.88
"LE1.3",2025-05-01,23,61.88,7.8,8,23700,14.4,NA,NA,61.88
"LE1.2",2025-05-01,0.5,66.92,7.9,9.2,22000,13.3,NA,"1.4",66.92
"LE1.2",2025-05-01,1,66.74,7.9,9.2,22000,13.3,NA,NA,66.74
"LE1.2",2025-05-01,2,66.74,7.9,9.1,22000,13.3,NA,NA,66.74
"LE1.2",2025-05-01,3,64.4,7.8,8.6,22400,13.5,NA,NA,64.4
"LE1.2",2025-05-01,6,62.78,7.7,7.7,23100,14,NA,NA,62.78
"LE1.2",2025-05-01,9,62.24,7.7,7.7,23300,14.2,NA,NA,62.24
"LE1.2",2025-05-01,12,62.24,7.7,7.7,23400,14.2,NA,NA,62.24
"LE1.2",2025-05-01,15,61.88,7.7,7.4,23400,14.2,NA,NA,61.88
"LE1.2",2025-05-01,16,61.88,7.7,7.4,23400,14.2,NA,NA,61.88
"LE1.1",2025-05-01,0.5,67.82,7.8,8.6,20400,12.3,NA,"1",67.82
"LE1.1",2025-05-01,1,67.64,7.8,8.4,20500,12.3,NA,NA,67.64
"LE1.1",2025-05-01,2,66.56,7.7,8.1,21100,12.7,NA,NA,66.56
"LE1.1",2025-05-01,3,65.3,7.6,7.3,21600,13,NA,NA,65.3
"LE1.1",2025-05-01,6,63.32,7.5,6.7,22300,13.5,NA,NA,63.32
"LE1.1",2025-05-01,9,62.6,7.5,6.6,22800,13.8,NA,NA,62.6
"LE1.1",2025-05-01,11,62.42,7.5,6.4,22800,13.8,NA,NA,62.42
"RET1.1",2025-05-01,0.5,68.18,7.5,7.4,18100,10.7,NA,"0.5",68.18
"RET1.1",2025-05-01,1,67.28,7.5,7.3,18400,11,NA,NA,67.28
"RET1.1",2025-05-01,2,66.56,7.5,7.1,19500,11.7,NA,NA,66.56
"RET1.1",2025-05-01,3,66.38,7.5,6.8,20100,12,NA,NA,66.38
"RET1.1",2025-05-01,6,64.76,7.4,6.1,20900,12.6,NA,NA,64.76
"RET1.1",2025-05-01,9,64.76,7.4,6.1,21000,12.6,NA,NA,64.76
"RET1.1",2025-05-01,10,64.58,7.4,6,21100,12.7,NA,NA,64.58
"TF1.7",2025-05-01,0.5,71.06,7.9,9.9,10300,5.8,NA,NA,71.06
"TF1.7",2025-05-01,1,70.7,7.8,9.4,11600,6.3,NA,NA,70.7
"TF1.7",2025-05-01,2,70.34,7.6,8.4,11800,6.8,NA,NA,70.34
"TF1.6",2025-05-01,0.5,70.52,7.4,8.5,2480,1.3,NA,"0.1",70.52
"TF1.6",2025-05-01,1,70.34,7.4,8.4,2510,1.3,NA,NA,70.34
"TF1.6",2025-05-01,2,70.16,7.4,8.3,2590,1.3,NA,NA,70.16
"TF1.6",2025-05-01,3,70.16,7.4,8.3,2600,1.4,NA,NA,70.16
"TF1.6",2025-05-01,6,70.16,7.4,8.2,2650,1.4,NA,NA,70.16
"TF1.5",2025-05-01,0.5,71.78,7.4,9.7,692,0.3,NA,"0.3",71.78
"TF1.5",2025-05-01,1,71.78,7.4,9.7,688,0.3,NA,NA,71.78
"TF1.5",2025-05-01,2,71.6,7.4,9.6,686,0.3,NA,NA,71.6
"TF1.5",2025-05-01,3,71.42,7.4,9.5,687,0.3,NA,NA,71.42
"TF1.5",2025-05-01,6,71.6,7.4,9.5,688,0.3,NA,NA,71.6
"TF1.5",2025-05-01,9,71.78,7.4,9.5,701,0.3,NA,NA,71.78
"TF1.0",2025-05-01,0,66.38,7.5,7.6,494,0.2,NA,NA,66.38
"TF1.2",2025-05-01,0,65.66,7.4,7.6,468,0.2,NA,NA,65.66
"WXT0001",2025-05-01,0,70.52,7.8,10.4,453,0.2,NA,"0.4",70.52
"TF1.4",2025-05-01,0,70.88,7.9,10,464,0.2,NA,"0.4",70.88
"TF1.3",2025-05-01,0,70.16,7.3,7.5,448,1.2,NA,"0.3",70.16
"WT1.1",2025-05-15,0.5,69.26,7.2,5.6,2280,1.2,NA,"0.4",69.26
"WT1.1",2025-05-15,1,69.26,7.2,5.6,2280,1.2,NA,NA,69.26
"WT1.1",2025-05-15,2,69.26,7.2,5.4,2290,1.2,NA,NA,69.26
"WT2.1",2025-05-15,0.5,68.72,7.5,6.6,4690,2.5,NA,"0.5",68.72
"WT2.1",2025-05-15,1,68.54,7.5,6.6,4700,2.5,NA,NA,68.54
"WT2.1",2025-05-15,2,68.54,7.5,6.4,4710,2.5,NA,NA,68.54
"WT3.1",2025-05-15,0.5,68.9,8,8.8,3470,1.8,NA,"0.5",68.9
"WT3.1",2025-05-15,1,69.08,7.9,8.3,3950,2.1,NA,NA,69.08
"WT3.1",2025-05-15,2,69.44,7.6,7,4810,2.6,NA,NA,69.44
"WT3.1",2025-05-15,3.2,69.98,7.5,5.8,5880,3.2,NA,NA,69.98
"WT4.1",2025-05-15,0.5,69.62,7.8,6.3,3120,1.6,NA,"0.4",69.62
"WT4.1",2025-05-15,1,69.62,7.7,6.1,3360,1.8,NA,NA,69.62
"WT4.1",2025-05-15,1.5,69.8,7.7,6.2,3390,1.8,NA,NA,69.8
"WT5.1",2025-05-15,0.5,69.08,8.4,10,6250,3.4,NA,"0.6",69.08
"WT5.1",2025-05-15,1,68.72,8.3,9.9,6310,3.4,NA,NA,68.72
"WT5.1",2025-05-15,2,68.18,8.1,8.6,6670,3.6,NA,NA,68.18
"WT5.1",2025-05-15,3,68.18,8.1,8.2,8740,4.8,NA,NA,68.18
"WT5.1",2025-05-15,4,68.18,8.2,7.9,9750,5.5,NA,NA,68.18
"WT5.1",2025-05-15,5,68.18,8.2,7.6,10000,5.6,NA,NA,68.18
"WT5.1",2025-05-15,6,68,8,7,10200,5.7,NA,NA,68
"WT5.1",2025-05-15,7,68.18,8.1,7.1,10500,5.9,NA,NA,68.18
"WT5.1",2025-05-15,8,68,8,6.7,10800,6.1,NA,NA,68
"WT5.1",2025-05-15,9,67.82,7.9,6.3,11500,6.5,NA,NA,67.82
"WT5.1",2025-05-15,10,67.46,7.5,5.1,12700,7.3,NA,NA,67.46
"WT5.1",2025-05-15,11,65.84,7.1,2.8,14100,8.2,NA,NA,65.84
"WT5.1",2025-05-15,12,64.76,7,2,15500,9.1,NA,NA,64.76
"WT5.1",2025-05-15,13,64.22,7,1.9,16100,9.5,NA,NA,64.22
"WT5.1",2025-05-15,14,63.68,6.9,1.1,16900,10,NA,NA,63.68
"WT5.1",2025-05-15,15,62.96,6.9,1.1,18300,10.9,NA,NA,62.96
"WT5.1",2025-05-15,15.8,62.78,7,1.1,18300,10.9,NA,NA,62.78
"WT6.1",2025-05-14,0.5,69.08,8.5,8.3,11000,6.3,NA,"0.6",69.08
"WT6.1",2025-05-14,1,69.08,8.5,8.3,11000,6.3,NA,NA,69.08
"WT6.1",2025-05-14,2,69.26,8.5,8.2,11200,6.4,NA,NA,69.26
"WT6.1",2025-05-14,3,69.44,8.5,8.1,11300,6.4,NA,NA,69.44
"WT6.1",2025-05-14,4,69.62,8.4,8.1,11400,6.5,NA,NA,69.62
"WT6.1",2025-05-14,5,69.8,8.4,8.1,11400,6.5,NA,NA,69.8
"WT6.1",2025-05-14,5.4,68.36,8.5,7.2,11700,6.7,NA,NA,68.36
"WT7.1",2025-05-14,0.5,68.9,8.5,9,12000,6.9,NA,"1",68.9
"WT7.1",2025-05-14,1,68.72,8.5,8.8,12100,6.9,NA,NA,68.72
"WT7.1",2025-05-14,2,69.08,8.5,8.4,12400,7.1,NA,NA,69.08
"WT7.1",2025-05-14,3,69.26,8.4,7,13300,7.7,NA,NA,69.26
"WT7.1",2025-05-14,5,69.98,8.2,5.4,16300,9.6,NA,NA,69.98
"WT7.1",2025-05-14,7,69.98,8.1,4.6,16900,9.9,NA,NA,69.98
"WT7.1",2025-05-14,9,69.98,8,4.3,16800,9.9,NA,NA,69.98
"WT7.1",2025-05-14,11,69.8,8,4,16800,10,NA,NA,69.8
"WT7.1",2025-05-14,12,69.8,7.9,3.9,16800,10,NA,NA,69.8
"WT8.1",2025-05-14,0.5,70.52,7.9,7.1,14500,8.4,NA,"0.8",70.52
"WT8.1",2025-05-14,1,70.34,7.9,6.8,14500,8.4,NA,NA,70.34
"WT8.1",2025-05-14,2,70.52,7.8,6.4,14700,8.5,NA,NA,70.52
"WT8.1",2025-05-14,3,70.7,7.7,6.2,14800,8.6,NA,NA,70.7
"WT8.1",2025-05-14,4,70.7,7.6,5.6,15100,8.8,NA,NA,70.7
"WT8.1",2025-05-14,5,70.7,7.6,5.5,15100,8.8,NA,NA,70.7
"WT8.1",2025-05-14,6,70.88,7.6,5.4,15100,8.8,NA,NA,70.88
"WT8.1",2025-05-14,7,70.88,7.6,5.1,15100,8.8,NA,NA,70.88
"WT8.1",2025-05-14,7.4,70.88,7.6,4.8,15200,8.8,NA,NA,70.88
"WT8.2",2025-05-14,0.5,70.52,8.2,8.4,14500,8.4,NA,"0.6",70.52
"WT8.2",2025-05-14,1,70.34,8.2,8.3,14500,8.5,NA,NA,70.34
"WT8.2",2025-05-14,1.8,70.34,7.9,6.2,14900,8.7,NA,NA,70.34
"WT8.3",2025-05-14,0.5,70.52,8.1,8.1,14300,8.3,NA,"0.6",70.52
"WT8.3",2025-05-14,1,70.52,8.1,8,14400,8.4,NA,NA,70.52
"WT8.3",2025-05-14,2,70.88,7.8,6,15600,9.1,NA,NA,70.88
"WT8.3",2025-05-14,2.7,70.52,7.7,6,15700,9.2,NA,NA,70.52
"ET1.1",2025-05-13,0.5,69.44,8.1,9.3,211,0.1,NA,"0.5",69.44
"ET1.1",2025-05-13,1,69.44,8.1,9.3,211,0.1,NA,NA,69.44
"ET1.1",2025-05-13,2.2,69.08,8.1,9.3,202,0.1,NA,NA,69.08
"ET2.1",2025-05-13,0.5,69.98,7.3,7.2,416,0.2,NA,"0.2",69.98
"ET2.1",2025-05-13,1,69.98,7.3,7.2,415,0.2,NA,NA,69.98
"ET2.1",2025-05-13,2,69.98,7.3,7.2,416,0.2,NA,NA,69.98
"ET2.1",2025-05-13,3,69.98,7.3,7.2,415,0.2,NA,NA,69.98
"ET2.1",2025-05-13,5,69.98,7.3,7.2,415,0.2,NA,NA,69.98
"ET2.1",2025-05-13,7,69.98,7.3,7.2,417,0.2,NA,NA,69.98
"ET2.1",2025-05-13,9,69.98,7.3,7.2,417,0.2,NA,NA,69.98
"ET2.1",2025-05-13,11,69.98,7.3,7.2,416,0.2,NA,NA,69.98
"ET2.1",2025-05-13,11.8,69.98,7.3,7.2,417,0.2,NA,NA,69.98
"ET2.2",2025-05-13,0.5,71.6,7.9,7.5,807,0.4,NA,"0.5",71.6
"ET2.2",2025-05-13,1,71.6,7.9,7.4,806,0.4,NA,NA,71.6
"ET2.2",2025-05-13,2,71.6,7.9,7.4,806,0.4,NA,NA,71.6
"ET2.2",2025-05-13,2.7,71.6,7.9,7.3,806,0.4,NA,NA,71.6
"ET2.3",2025-05-13,0.5,70.34,7.3,7.8,373,0.2,NA,"0.3",70.34
"ET2.3",2025-05-13,1,70.34,7.3,7.6,375,0.2,NA,NA,70.34
"ET2.3",2025-05-13,2,70.34,7.3,7.6,375,0.2,NA,NA,70.34
"ET2.3",2025-05-13,3,70.34,7.3,7.6,375,0.2,NA,NA,70.34
"ET2.3",2025-05-13,5,70.34,7.3,7.6,376,0.2,NA,NA,70.34
"ET2.3",2025-05-13,7,70.34,7.3,7.6,375,0.2,NA,NA,70.34
"ET2.3",2025-05-13,9,70.34,7.3,7.6,376,0.2,NA,NA,70.34
"ET2.3",2025-05-13,11,70.34,7.3,7.6,376,0.2,NA,NA,70.34
"ET2.3",2025-05-13,12,70.34,7.3,7.6,376,0.2,NA,NA,70.34
"ET3.1",2025-05-13,0.5,73.04,7.5,5.8,1410,0.7,NA,"0.4",73.04
"ET3.1",2025-05-13,1,73.04,7.5,5.8,1410,0.7,NA,NA,73.04
"ET3.1",2025-05-13,2,73.04,7.5,5.8,1410,0.7,NA,NA,73.04
"ET3.1",2025-05-13,3,73.04,7.5,5.8,1410,0.7,NA,NA,73.04
"ET3.1",2025-05-13,4,73.04,7.5,5.8,1410,0.7,NA,NA,73.04
"ET3.1",2025-05-13,5,73.04,7.5,5.8,1410,0.7,NA,NA,73.04
"ET3.1",2025-05-13,6,73.04,7.4,5.8,1410,0.7,NA,NA,73.04
"ET4.1",2025-05-13,0.5,72.86,7.6,9.1,1810,0.9,NA,"0.2",72.86
"ET4.1",2025-05-13,1,72.86,7.4,8.7,2200,1.1,NA,NA,72.86
"ET4.1",2025-05-13,2,72.86,7.3,8.6,2420,1.3,NA,NA,72.86
"ET4.1",2025-05-13,3,72.86,7.3,8.5,2460,1.3,NA,NA,72.86
"ET4.1",2025-05-13,4,72.68,7.3,8.4,2480,1.3,NA,NA,72.68
"ET4.1",2025-05-13,5,72.68,7.3,8.3,2490,1.3,NA,NA,72.68
"ET4.2",2025-05-14,0.5,67.1,7.8,6.6,14700,8.6,NA,"1.2",67.1
"ET4.2",2025-05-14,1,67.28,7.8,6.3,15000,8.8,NA,NA,67.28
"ET4.2",2025-05-14,2,67.1,7.8,6,15200,8.9,NA,NA,67.1
"ET4.2",2025-05-14,3,66.74,7.6,5.5,15300,9,NA,NA,66.74
"ET4.2",2025-05-14,4,66.74,7.6,5.5,15400,9,NA,NA,66.74
"ET4.2",2025-05-14,5,66.56,7.6,5.4,15400,9,NA,NA,66.56
"ET4.2",2025-05-14,6,66.56,7.6,5.3,15500,9.1,NA,NA,66.56
"ET4.2",2025-05-14,7,66.2,7.6,5.1,15500,9.1,NA,NA,66.2
"ET4.2",2025-05-14,8,65.84,7.5,4.4,15900,9.3,NA,NA,65.84
"ET4.2",2025-05-14,9,64.94,7.1,2.2,18100,10.8,NA,NA,64.94
"ET4.2",2025-05-14,10.1,63.32,7.1,1.8,18600,11.1,NA,NA,63.32
"ET5.1",2025-05-13,0.5,72.5,6.8,4.8,1400,0.7,NA,"0.2",72.5
"ET5.1",2025-05-13,1,72.5,6.8,4.7,1400,0.7,NA,NA,72.5
"ET5.1",2025-05-13,2,72.5,6.8,4.5,1700,0.8,NA,NA,72.5
"ET5.1",2025-05-13,3,72.5,6.8,4.5,1700,0.9,NA,NA,72.5
"ET5.1",2025-05-13,4,72.5,6.8,4.5,1700,0.9,NA,NA,72.5
"ET5.1",2025-05-13,4.3,72.5,6.8,4.5,1700,0.9,NA,NA,72.5
"ET5.2",2025-05-13,0.5,69.8,7.7,7.3,19100,11.4,NA,"0.6",69.8
"ET5.2",2025-05-13,1,69.8,7.7,7.3,19100,11.4,NA,NA,69.8
"ET5.2",2025-05-13,2,69.8,7.7,7.3,19300,11.5,NA,NA,69.8
"ET5.2",2025-05-13,3,69.8,7.7,7.4,19400,11.6,NA,NA,69.8
"ET5.2",2025-05-13,4,69.8,7.7,7.5,20000,12,NA,NA,69.8
"ET5.2",2025-05-13,5,69.8,7.6,7.4,20200,12.1,NA,NA,69.8
"ET5.2",2025-05-13,6,69.8,7.6,7.2,20500,12.3,NA,NA,69.8
"ET5.2",2025-05-13,7,69.8,7.6,7,20500,12.3,NA,NA,69.8
"ET5.2",2025-05-13,8,69.8,7.5,6.9,20700,12.4,NA,NA,69.8
"ET5.2",2025-05-13,9,69.8,7.5,6.9,20700,12.4,NA,NA,69.8
"ET5.2",2025-05-13,10,69.8,7.5,6.9,20700,12.4,NA,NA,69.8
"ET5.2",2025-05-13,10.3,69.8,7.5,6.4,20700,12.4,NA,NA,69.8
"ET6.1",2025-05-13,0.5,72.5,7,7.5,209,0.1,NA,"0.4",72.5
"ET6.1",2025-05-13,1,72.5,7,7.5,208,0.1,NA,NA,72.5
"ET6.1",2025-05-13,2,72.5,7,7.5,204,0.1,NA,NA,72.5
"ET6.1",2025-05-13,3,72.5,7,7.5,207,0.1,NA,NA,72.5
"ET6.1",2025-05-13,4,72.5,7.1,7.5,205,0.1,NA,NA,72.5
"ET6.1",2025-05-13,4.4,72.5,7.1,7.5,205,0.1,NA,NA,72.5
"ET6.2",2025-05-14,0.5,71.96,7.3,7.2,12200,7,NA,"0.3",71.96
"ET6.2",2025-05-14,1,70.88,7.3,6.7,12600,7.2,NA,NA,70.88
"ET6.2",2025-05-14,2,70.52,7.3,6.7,13200,7.6,NA,NA,70.52
"ET6.2",2025-05-14,2.5,70.52,7.3,6.7,13600,7.8,NA,NA,70.52
"ET7.1",2025-05-14,0.5,74.12,7.1,6,12200,7,NA,"0.4",74.12
"ET7.1",2025-05-14,1,71.78,7.1,5.3,12200,7,NA,NA,71.78
"ET7.1",2025-05-14,2,71.78,7.1,5.3,12900,7.4,NA,NA,71.78
"ET7.1",2025-05-14,3,71.06,7.1,5.2,13500,7.8,NA,NA,71.06
"ET7.1",2025-05-14,4,70.7,7.1,5.2,14000,8.1,NA,NA,70.7
"ET7.1",2025-05-14,5,70.7,7.1,5.2,14000,8.1,NA,NA,70.7
"ET7.1",2025-05-14,5.6,70.7,7.1,5.2,14000,8.1,NA,NA,70.7
"ET8.1",2025-05-14,0.5,70.34,7.8,7.6,24200,14.7,NA,"0.5",70.34
"ET8.1",2025-05-14,1,69.8,7.8,7.6,24800,15.1,NA,NA,69.8
"ET8.1",2025-05-14,2,69.44,7.8,7.5,24800,15.1,NA,NA,69.44
"ET8.1",2025-05-14,3,69.08,7.8,7,25000,15.2,NA,NA,69.08
"ET8.1",2025-05-14,4,69.26,7.8,6.9,25400,15.5,NA,NA,69.26
"ET8.1",2025-05-14,5,69.08,7.8,6.8,25500,15.6,NA,NA,69.08
"ET9.1",2025-05-14,0.5,71.6,7.9,8,27600,17,NA,"0.9",71.6
"ET9.1",2025-05-14,1,70.16,7.9,8,27600,17,NA,NA,70.16
"ET9.1",2025-05-14,2,69.8,7.9,8,27600,17,NA,NA,69.8
"ET9.1",2025-05-14,3,69.62,7.9,7.8,27600,17,NA,NA,69.62
"ET9.1",2025-05-14,4,69.44,7.9,7.6,27700,17,NA,NA,69.44
"ET9.1",2025-05-14,4.3,69.26,7.9,7.4,27700,17,NA,NA,69.26
"ET10.1",2025-05-14,0.5,71.78,6.4,5.3,147,0.1,NA,"0.5",71.78
"ET10.1",2025-05-14,1,71.78,6.4,5.3,147,0.1,NA,NA,71.78
"ET10.1",2025-05-14,2,71.78,6.4,5.3,147,0.1,NA,NA,71.78
"ET10.1",2025-05-14,3,71.78,6.4,5.3,147,0.1,NA,NA,71.78
"ET10.1",2025-05-14,4,71.78,6.4,5.3,147,0.1,NA,NA,71.78
"ET10.1",2025-05-14,5,71.78,6.4,5.3,148,0.1,NA,NA,71.78
"ET10.1",2025-05-14,6,71.78,6.4,5.3,148,0.1,NA,NA,71.78
"ET10.1",2025-05-14,6.2,71.78,6.4,5.3,148,0.1,NA,NA,71.78
"EE1.1",2025-05-14,0.5,68.54,7.9,7.4,19400,11.6,NA,"1",68.54
"EE1.1",2025-05-14,1,68.54,7.9,7.3,19400,11.6,NA,NA,68.54
"EE1.1",2025-05-14,2,68.54,7.9,7.3,19400,11.6,NA,NA,68.54
"EE1.1",2025-05-14,3,68.54,7.8,7.2,19400,11.6,NA,NA,68.54
"EE1.1",2025-05-14,4,68.36,7.8,6.9,19600,11.7,NA,NA,68.36
"EE1.1",2025-05-14,5,68.18,7.7,6.6,19800,11.8,NA,NA,68.18
"EE1.1",2025-05-14,6,68,7.7,6.6,19800,11.9,NA,NA,68
"EE1.1",2025-05-14,7,68,7.7,6.5,19900,11.9,NA,NA,68
"EE1.1",2025-05-14,8,67.28,7.5,5.5,20600,12.4,NA,NA,67.28
"EE1.1",2025-05-14,9,65.66,7.3,4.2,21800,13.1,NA,NA,65.66
"EE1.1",2025-05-14,10,65.3,7.3,3.9,22000,13.3,NA,NA,65.3
"EE1.1",2025-05-14,11,64.04,7.2,2.8,22900,13.9,NA,NA,64.04
"EE1.1",2025-05-14,12,61.7,7,1.9,24500,14.9,NA,NA,61.7
"EE1.1",2025-05-14,12.4,61.7,7,1.9,24600,15,NA,NA,61.7
"EE2.1",2025-05-12,0.5,69.26,7.8,8.3,21400,12.9,NA,"1",69.26
"EE2.1",2025-05-12,1,69.26,7.8,8.1,21600,13,NA,NA,69.26
"EE2.1",2025-05-12,2,69.26,7.8,7.8,21600,13,NA,NA,69.26
"EE2.1",2025-05-12,3,69.08,7.7,7.5,21700,13.1,NA,NA,69.08
"EE2.1",2025-05-12,4,68.72,7.7,6.7,21800,13.1,NA,NA,68.72
"EE2.1",2025-05-12,5,68.72,7.7,6.3,21900,13.2,NA,NA,68.72
"EE2.1",2025-05-12,6,68.54,7.7,6,21900,13.2,NA,NA,68.54
"EE2.1",2025-05-12,7,68.54,7.7,6,21900,13.2,NA,NA,68.54
"EE2.2",2025-05-12,0.5,67.46,8,9.2,18700,11.1,NA,"1.5",67.46
"EE2.2",2025-05-12,1,67.64,8,9,19800,11.8,NA,NA,67.64
"EE2.2",2025-05-12,2,67.82,8,8.7,20900,12.5,NA,NA,67.82
"EE2.2",2025-05-12,3,68.54,7.8,8,22600,13.7,NA,NA,68.54
"EE2.2",2025-05-12,4,68.54,7.8,7.8,22700,13.8,NA,NA,68.54
"EE2.2",2025-05-12,5,68.36,7.8,7.7,22700,13.8,NA,NA,68.36
"EE2.2",2025-05-12,6,68.36,7.7,7.6,22800,13.8,NA,NA,68.36
"EE2.2",2025-05-12,7,68.36,7.7,7.5,22900,13.8,NA,NA,68.36
"EE2.2",2025-05-12,8,68.36,7.7,7.4,22900,13.8,NA,NA,68.36
"EE2.2",2025-05-12,9,68.18,7.7,7.4,22900,13.8,NA,NA,68.18
"EE2.2",2025-05-12,9.4,68.18,7.6,7.4,22900,13.8,NA,NA,68.18
"EE3.0",2025-05-14,0.5,69.98,7.7,7.7,24600,15,NA,"0.5",69.98
"EE3.0",2025-05-14,1,69.8,7.7,7.4,24600,15,NA,NA,69.8
"EE3.0",2025-05-14,2,69.62,7.6,7.3,24600,15,NA,NA,69.62
"EE3.0",2025-05-14,3,69.44,7.6,7.2,24600,15,NA,NA,69.44
"EE3.0",2025-05-14,3.8,69.44,7.6,7.2,24600,15,NA,NA,69.44
"EE3.1",2025-05-14,0.5,70.7,7.8,7.5,24900,15.2,NA,"0.8",70.7
"EE3.1",2025-05-14,1,70.34,7.8,7.5,25000,15.2,NA,NA,70.34
"EE3.1",2025-05-14,2,69.8,7.8,7.5,25200,15.4,NA,NA,69.8
"EE3.1",2025-05-14,3,69.62,7.8,7.5,25300,15.4,NA,NA,69.62
"EE3.1",2025-05-14,4,69.44,7.8,7.5,25300,15.5,NA,NA,69.44
"EE3.1",2025-05-14,5,69.44,7.8,7.5,25300,15.5,NA,NA,69.44
"EE3.1",2025-05-14,6,69.44,7.8,7.5,25300,15.5,NA,NA,69.44
"EE3.1",2025-05-14,7,69.44,7.8,7.5,25400,15.5,NA,NA,69.44
"EE3.1",2025-05-14,8,69.44,7.8,7.5,25400,15.5,NA,NA,69.44
"EE3.1",2025-05-14,9,69.44,7.8,7.4,25400,15.5,NA,NA,69.44
"EE3.1",2025-05-14,10,69.26,7.8,7.4,25500,15.6,NA,NA,69.26
"EE3.1",2025-05-14,11,69.26,7.7,7.1,25900,15.8,NA,NA,69.26
"EE3.1",2025-05-14,11.1,69.26,7.7,7.1,25900,15.8,NA,NA,69.26
"EE3.2",2025-05-14,0.5,68.72,8,7.3,28900,17.8,NA,"1.1",68.72
"EE3.2",2025-05-14,1,68.72,7.8,7.3,28900,17.8,NA,NA,68.72
"EE3.2",2025-05-14,2,68.72,7.8,7.3,28900,17.8,NA,NA,68.72
"EE3.2",2025-05-14,3,68.72,7.8,7.3,28900,17.9,NA,NA,68.72
"EE3.2",2025-05-14,5,68.72,7.8,7.3,28900,17.9,NA,NA,68.72
"EE3.2",2025-05-14,7,68.72,7.8,7.3,28900,17.9,NA,NA,68.72
"EE3.2",2025-05-14,9,68.72,7.8,7.4,29000,18,NA,NA,68.72
"EE3.2",2025-05-14,11,68.72,7.8,7.4,29000,18,NA,NA,68.72
"EE3.2",2025-05-14,13,68.72,7.8,7.4,29000,18,NA,NA,68.72
"EE3.2",2025-05-14,15,68.72,7.8,7.4,29000,18,NA,NA,68.72
"EE3.2",2025-05-14,17,68.72,7.8,7.4,29000,18,NA,NA,68.72
"EE3.2",2025-05-14,18,68.72,7.8,7.4,29000,18,NA,NA,68.72
"EE3.2",2025-05-14,19,68.72,7.8,7.4,29100,18,NA,NA,68.72
"EE3.2",2025-05-14,21,68.72,7.8,7.4,29100,18,NA,NA,68.72
"EE3.2",2025-05-14,23,68.72,7.8,7.4,29100,18,NA,NA,68.72
"EE3.2",2025-05-14,25,68.72,7.8,7.4,29100,18,NA,NA,68.72
"EE3.2",2025-05-14,26.8,68.72,7.8,7.4,29100,18,NA,NA,68.72
"EE3.3",2025-05-14,0.5,69.8,7.9,7.8,28100,17.3,NA,"0.6",69.8
"EE3.3",2025-05-14,1,69.8,7.9,7.6,28800,17.9,NA,NA,69.8
"EE3.3",2025-05-14,2,69.26,7.8,7.4,29200,18.1,NA,NA,69.26
"EE3.3",2025-05-14,2.9,69.26,7.8,7.3,29300,18.2,NA,NA,69.26
"LE2.2",2025-05-12,0.5,69.26,8.2,9.1,17600,10.4,NA,"1.4",69.26
"LE2.2",2025-05-12,1,68.36,8.2,9,17700,10.5,NA,NA,68.36
"LE2.2",2025-05-12,2,68.36,8.1,8.4,18500,11,NA,NA,68.36
"LE2.2",2025-05-12,3,68.36,8,8.1,18900,11.2,NA,NA,68.36
"LE2.2",2025-05-12,4,68.36,7.9,7.7,19000,11.3,NA,NA,68.36
"LE2.2",2025-05-12,5,66.56,7.8,6.7,20900,12.5,NA,NA,66.56
"LE2.2",2025-05-12,6,63.86,7.5,5.1,24400,14.8,NA,NA,63.86
"LE2.2",2025-05-12,7,63.5,7.5,4.9,24800,15.1,NA,NA,63.5
"LE2.2",2025-05-12,8,63.32,7.5,4.8,24900,15.2,NA,NA,63.32
"LE2.2",2025-05-12,9,62.96,7.4,4.8,25400,15.5,NA,NA,62.96
"LE2.2",2025-05-12,10,62.6,7.4,4.8,25500,15.6,NA,NA,62.6
"LE2.2",2025-05-12,11,62.42,7.4,4.7,25600,15.7,NA,NA,62.42
"LE2.2",2025-05-12,11.2,62.42,7.5,4.7,25700,15.7,NA,NA,62.42
"CCM0069",2025-05-13,0,73.4,7.3,5.3,1610,0.8,NA,"0.2",73.4
"TRQ0088",2025-05-13,0,71.24,7.1,6,15000,8.8,NA,"0.2",71.24
"TRQ0146",2025-05-13,0,72.32,7.2,5.4,5560,3,NA,"0.2",72.32
"XDJ9007",2025-05-13,0,72.14,7.3,7.4,1739,0.9,NA,"0.3",72.14
"WIW0141",2025-05-13,0,72.32,7.4,8.2,424,0.2,NA,"0.2",72.32
"XCI4078",2025-05-14,0.5,70.16,7.5,7,18700,11.7,NA,"0.4",70.16
"XCI4078",2025-05-14,1,69.8,7.5,6.9,20000,12,NA,NA,69.8
"XCI4078",2025-05-14,2,69.62,7.5,6.8,20500,12.3,NA,NA,69.62
"XCI4078",2025-05-14,3,69.62,7.5,6.7,20800,12.5,NA,NA,69.62
"XCI4078",2025-05-14,3.4,69.44,7.5,6.7,21400,12.8,NA,NA,69.44
"BXK0031",2025-05-14,0,71.42,6.9,6.2,17200,10.1,NA,"0.6",71.42
"POK0087",2025-05-14,0,72.5,6.6,5.8,1525,0.8,NA,"0.6",72.5
"MNK0146",2025-05-14,0,72.5,6.9,4.9,5450,2.9,NA,"0.4",72.5
"XAK7810",2025-05-14,0.5,69.62,7.6,6.7,15200,8.9,NA,"0.4",69.62
"XAK7810",2025-05-14,1,69.44,7.6,6.6,15700,9.2,NA,NA,69.44
"XAK7810",2025-05-14,2,69.26,7.6,6.4,16100,9.4,NA,NA,69.26
"XGG8251",2025-05-12,0,68.72,8.3,8.7,12800,7.4,NA,"0.8",68.72
"CB7.1",2025-05-05,1,65.7122,NA,8.45,31101,19.39,"BAY888","",65.7122
"CB7.1",2025-05-05,2,65.6528,NA,8.39,31244,19.49,"BAY888","",65.6528
"CB7.1",2025-05-05,3,65.5862,NA,8.34,31325,19.55,"BAY888","",65.5862
"CB7.1",2025-05-05,4,65.4872,NA,8.27,31493,19.66,"BAY888","",65.4872
"CB7.1",2025-05-05,5,65.4224,NA,8.22,31632,19.76,"BAY888","",65.4224
"CB7.1",2025-05-05,6,65.2892,NA,8.1,31743,19.83,"BAY888","",65.2892
"CB7.1",2025-05-05,7,65.3162,NA,8.11,31770,19.85,"BAY888","",65.3162
"CB7.1",2025-05-05,8,65.291,NA,8.08,31778,19.86,"BAY888","",65.291
"CB7.1",2025-05-05,9,65.1506,NA,7.94,31810,19.88,"BAY888","",65.1506
"CB7.1",2025-05-05,10,65.1128,NA,7.9,31891,19.94,"BAY888","",65.1128
"CB7.1",2025-05-05,11,64.9364,NA,7.84,31984,20,"BAY888","",64.9364
"CB7.1",2025-05-05,12,64.8446,NA,7.69,32089,20.07,"BAY888","",64.8446
"CB7.1",2025-05-05,13,64.841,NA,7.68,32118,20.09,"BAY888","",64.841
"CB7.1",2025-05-05,14,64.8302,NA,7.72,32135,20.1,"BAY888","",64.8302
"CB7.1",2025-05-05,15,64.7708,NA,7.64,32186,20.14,"BAY888","",64.7708
"CB7.1",2025-05-05,16,64.625,NA,7.56,32250,20.18,"BAY888","",64.625
"CB7.1N",2025-05-05,1,66.6392,NA,8.08,30010,18.65,"BAY888","",66.6392
"CB7.1N",2025-05-05,2,66.515,NA,8.23,29910,18.58,"BAY888","",66.515
"CB7.1N",2025-05-05,3,66.4574,NA,8.17,29916,18.58,"BAY888","",66.4574
"CB7.1N",2025-05-05,4,66.4412,NA,8.14,29924,18.59,"BAY888","",66.4412
"CB7.1N",2025-05-05,5,66.3458,NA,8.13,29921,18.58,"BAY888","",66.3458
"CB7.1N",2025-05-05,6,66.335,NA,8.11,29939,18.6,"BAY888","",66.335
"CB7.1N",2025-05-05,7,66.3008,NA,8.07,29942,18.6,"BAY888","",66.3008
"CB7.1N",2025-05-05,8,66.0974,NA,8,30030,18.66,"BAY888","",66.0974
"CB7.1N",2025-05-05,9,66.0344,NA,7.86,30133,18.73,"BAY888","",66.0344
"CB7.1N",2025-05-05,10,66.0704,NA,7.79,30290,18.84,"BAY888","",66.0704
"CB7.1N",2025-05-05,11,66.1298,NA,7.76,30491,18.97,"BAY888","",66.1298
"CB7.1N",2025-05-05,12,66.1424,NA,7.75,30521,18.99,"BAY888","",66.1424
"CB7.1N",2025-05-05,13,66.1658,NA,7.71,30599,19.05,"BAY888","",66.1658
"CB7.1N",2025-05-05,14,66.1946,NA,7.76,30674,19.1,"BAY888","",66.1946
"CB7.1N",2025-05-05,15,66.2288,NA,7.73,30769,19.16,"BAY888","",66.2288
"CB7.1N",2025-05-05,17,66.2648,NA,7.68,30854,19.22,"BAY888","",66.2648
"CB7.1N",2025-05-05,18,66.2828,NA,7.69,30919,19.26,"BAY888","",66.2828
"CB7.1N",2025-05-05,19,66.2828,NA,7.69,30920,19.26,"BAY888","",66.2828
"CB7.1N",2025-05-05,20,66.2846,NA,7.72,30931,19.27,"BAY888","",66.2846
"CB7.1S",2025-05-05,1,66.3908,NA,8.68,30209,18.78,"BAY888","",66.3908
"CB7.1S",2025-05-05,2,66.2612,NA,8.75,30133,18.73,"BAY888","",66.2612
"CB7.1S",2025-05-05,3,65.813,NA,8.75,30214,18.79,"BAY888","",65.813
"CB7.1S",2025-05-05,4,65.5538,NA,8.7,30884,19.24,"BAY888","",65.5538
"CB7.1S",2025-05-05,5,65.5502,NA,8.4,31969,19.99,"BAY888","",65.5502
"CB7.1S",2025-05-05,6,65.5718,NA,8.21,32570,20.4,"BAY888","",65.5718
"CB7.1S",2025-05-05,7,65.345,NA,7.95,32877,20.61,"BAY888","",65.345
"CB7.1S",2025-05-05,8,65.2766,NA,7.82,33081,20.75,"BAY888","",65.2766
"CB7.1S",2025-05-05,9,65.1128,NA,7.67,33272,20.89,"BAY888","",65.1128
"CB7.1S",2025-05-05,10,64.7258,NA,7.42,33742,21.21,"BAY888","",64.7258
"CB7.1S",2025-05-05,11,64.4378,NA,7.26,34253,21.57,"BAY888","",64.4378
"CB7.1S",2025-05-05,12,64.4018,NA,7.21,34402,21.67,"BAY888","",64.4018
"CB7.1S",2025-05-05,13,64.3928,NA,7.14,34503,21.74,"BAY888","",64.3928
"CB7.1S",2025-05-05,14,64.3676,NA,7.16,34617,21.82,"BAY888","",64.3676
"CB7.1S",2025-05-05,15,64.355,NA,7.13,34644,21.84,"BAY888","",64.355
"CB7.1S",2025-05-05,16,64.3658,NA,7.17,34631,21.83,"BAY888","",64.3658
"CB7.2",2025-05-05,1,66.992,NA,8.58,34439,21.69,"BAY888","",66.992
"CB7.2",2025-05-05,2,66.7796,NA,8.57,34472,21.72,"BAY888","",66.7796
"CB7.2",2025-05-05,3,66.6068,NA,8.54,34491,21.73,"BAY888","",66.6068
"CB7.2",2025-05-05,4,66.4376,NA,8.51,34517,21.75,"BAY888","",66.4376
"CB7.2",2025-05-05,5,66.0776,NA,8.45,34617,21.82,"BAY888","",66.0776
"CB7.2",2025-05-05,6,66.0704,NA,8.4,34661,21.85,"BAY888","",66.0704
"CB7.2",2025-05-05,7,66.0596,NA,8.31,34763,21.92,"BAY888","",66.0596
"CB7.2",2025-05-05,8,65.9552,NA,8.16,35085,22.14,"BAY888","",65.9552
"CB7.2",2025-05-05,9,64.8698,NA,7.6,36384,23.05,"BAY888","",64.8698
"CB7.2",2025-05-05,10,64.292,NA,7.32,37097,23.55,"BAY888","",64.292
"CB7.2",2025-05-05,11,64.157,NA,7.23,37258,23.66,"BAY888","",64.157
"CB7.2",2025-05-05,12,64.0418,NA,7.17,37369,23.74,"BAY888","",64.0418
"CB7.2",2025-05-05,13,64.013,NA,7.19,37446,23.79,"BAY888","",64.013
"CB7.2",2025-05-05,14,63.9122,NA,7.14,37784,24.03,"BAY888","",63.9122
"CB7.2",2025-05-05,15,63.8024,NA,7.08,38009,24.19,"BAY888","",63.8024
"CB7.2",2025-05-05,17,63.3344,NA,6.81,39697,25.38,"BAY888","",63.3344
"CB7.2",2025-05-05,19,63.2588,NA,6.79,40068,25.64,"BAY888","",63.2588
"CB7.2",2025-05-05,21,63.2336,NA,6.77,40323,25.82,"BAY888","",63.2336
"CB7.2E",2025-05-05,1,66.0452,NA,8.18,35826,22.66,"BAY888","",66.0452
"CB7.2E",2025-05-05,2,66.0578,NA,8.16,35788,22.63,"BAY888","",66.0578
"CB7.2E",2025-05-05,3,66.056,NA,8.16,35793,22.64,"BAY888","",66.056
"CB7.2E",2025-05-05,4,66.0434,NA,8.13,35803,22.64,"BAY888","",66.0434
"CB7.2E",2025-05-05,5,66.029,NA,8.11,35821,22.66,"BAY888","",66.029
"CB7.2E",2025-05-05,6,66.0038,NA,8.07,35852,22.68,"BAY888","",66.0038
"CB7.2E",2025-05-05,7,65.9786,NA,8.03,35889,22.7,"BAY888","",65.9786
"CB7.2E",2025-05-05,8,65.9228,NA,7.95,35980,22.77,"BAY888","",65.9228
"CB7.2E",2025-05-05,9,65.768,NA,7.82,36209,22.93,"BAY888","",65.768
"CB7.2E",2025-05-05,10,65.6654,NA,7.73,36413,23.07,"BAY888","",65.6654
"CB7.2E",2025-05-05,11,65.633,NA,7.7,36483,23.12,"BAY888","",65.633
"CB7.2E",2025-05-05,12,65.0606,NA,7.44,37064,23.52,"BAY888","",65.0606
"EE3.4",2025-05-05,1,70.0142,NA,7.26,28624,17.69,"BAY888","",70.0142
"EE3.4",2025-05-05,2,70.0034,NA,7.25,28604,17.68,"BAY888","",70.0034
"EE3.4",2025-05-05,3,69.98,NA,7.13,28648,17.7,"BAY888","",69.98
"EE3.4",2025-05-05,4,69.9116,NA,6.94,28812,17.82,"BAY888","",69.9116
"EE3.5",2025-05-05,1,68.0594,NA,7.81,30490,18.97,"BAY888","",68.0594
"EE3.5",2025-05-05,2,68.144,NA,7.82,30396,18.9,"BAY888","",68.144
"EE3.5",2025-05-05,3,68.1278,NA,7.81,30399,18.91,"BAY888","",68.1278
"EE3.5",2025-05-05,4,68.1404,NA,7.8,30401,18.91,"BAY888","",68.1404
"EE3.5",2025-05-05,5,68.0774,NA,7.75,30408,18.91,"BAY888","",68.0774
"EE3.5",2025-05-05,6,68.0432,NA,7.67,30416,18.92,"BAY888","",68.0432
"EE3.5",2025-05-05,7,68.0036,NA,7.68,30428,18.92,"BAY888","",68.0036
"EE3.5",2025-05-05,8,67.9766,NA,7.75,30442,18.93,"BAY888","",67.9766
"EE3.5",2025-05-05,9,67.9406,NA,7.74,30458,18.95,"BAY888","",67.9406
"EE3.5",2025-05-05,10,67.8866,NA,7.71,30481,18.96,"BAY888","",67.8866
"EE3.5",2025-05-05,11,67.856,NA,7.71,30496,18.97,"BAY888","",67.856
"EE3.5",2025-05-05,12,67.712,NA,7.73,30557,19.01,"BAY888","",67.712
"EE3.5",2025-05-05,13,67.6004,NA,7.73,30596,19.04,"BAY888","",67.6004
"EE3.5",2025-05-05,14,67.5014,NA,7.63,30649,19.08,"BAY888","",67.5014
"EE3.5",2025-05-05,15,67.4708,NA,7.54,30687,19.1,"BAY888","",67.4708
"EE3.5",2025-05-05,17,67.2188,NA,7.5,30859,19.22,"BAY888","",67.2188
"EE3.5",2025-05-05,19,67.109,NA,7.5,30919,19.26,"BAY888","",67.109
"EE3.5",2025-05-05,21,67.0424,NA,7.5,30960,19.29,"BAY888","",67.0424
"EE3.5",2025-05-05,23,66.9794,NA,7.49,30999,19.32,"BAY888","",66.9794
"EE3.5",2025-05-05,25,66.9614,NA,7.49,31012,19.32,"BAY888","",66.9614
"CB5.4W",2025-05-06,1,70.9196,NA,7.41,26599,16.32,"BAY888","",70.9196
"CB5.4W",2025-05-06,2,70.6046,NA,7.46,26708,16.39,"BAY888","",70.6046
"CB5.4W",2025-05-06,3,69.3734,NA,7.62,27096,16.66,"BAY888","",69.3734
"CB5.4W",2025-05-06,4,69.1088,NA,7.6,27175,16.71,"BAY888","",69.1088
"CB5.5",2025-05-06,1,65.4926,NA,8.43,29244,18.13,"BAY888","",65.4926
"CB5.5",2025-05-06,2,64.967,NA,8.33,28978,17.95,"BAY888","",64.967
"CB5.5",2025-05-06,3,64.8896,NA,8.35,29130,18.05,"BAY888","",64.8896
"CB5.5",2025-05-06,4,65.3882,NA,8.4,29260,18.14,"BAY888","",65.3882
"CB5.5",2025-05-06,5,65.4332,NA,8.39,29280,18.15,"BAY888","",65.4332
"CB5.5",2025-05-06,6,65.4548,NA,8.38,29288,18.16,"BAY888","",65.4548
"CB5.5",2025-05-06,7,64.8842,NA,8.3,29317,18.18,"BAY888","",64.8842
"CB5.5",2025-05-06,8,64.6538,NA,8.18,29325,18.18,"BAY888","",64.6538
"CB5.5",2025-05-06,9,63.4874,NA,7.8,29509,18.31,"BAY888","",63.4874
"CB5.5",2025-05-06,10,62.2346,NA,7.44,29721,18.45,"BAY888","",62.2346
"CB5.5",2025-05-06,11,61.6964,NA,7.14,30009,18.65,"BAY888","",61.6964
"CB5.5",2025-05-06,12,61.241,NA,6.97,30102,18.71,"BAY888","",61.241
"CB5.5",2025-05-06,13,61.3256,NA,6.76,30511,18.99,"BAY888","",61.3256
"CB5.5",2025-05-06,14,61.2626,NA,6.73,30629,19.07,"BAY888","",61.2626
"CB5.5",2025-05-06,15,61.2608,NA,6.79,30722,19.13,"BAY888","",61.2608
"CB6.2",2025-05-06,1,65.7068,NA,8.05,33484,21.03,"BAY888","",65.7068
"CB6.2",2025-05-06,2,65.5772,NA,8.04,33531,21.07,"BAY888","",65.5772
"CB6.2",2025-05-06,3,65.4674,NA,7.95,33630,21.13,"BAY888","",65.4674
"CB6.2",2025-05-06,4,65.291,NA,7.69,34082,21.45,"BAY888","",65.291
"CB6.2",2025-05-06,5,64.5908,NA,7.24,35030,22.11,"BAY888","",64.5908
"CB6.2",2025-05-06,6,64.5728,NA,7.2,35074,22.14,"BAY888","",64.5728
"CB6.2",2025-05-06,7,64.5728,NA,7.19,35077,22.14,"BAY888","",64.5728
"CB6.2",2025-05-06,8,64.5746,NA,7.19,35078,22.14,"BAY888","",64.5746
"CB6.2",2025-05-06,9,64.5926,NA,7.23,35063,22.13,"BAY888","",64.5926
"CB6.4",2025-05-06,1,66.101,NA,7.82,36047,22.81,"BAY888","",66.101
"CB6.4",2025-05-06,2,66.0614,NA,7.81,36086,22.84,"BAY888","",66.0614
"CB6.4",2025-05-06,3,65.9516,NA,7.73,36334,23.02,"BAY888","",65.9516
"CB6.4",2025-05-06,4,65.3252,NA,7.46,37351,23.73,"BAY888","",65.3252
"CB6.4",2025-05-06,5,65.237,NA,7.37,37527,23.85,"BAY888","",65.237
"CB6.4",2025-05-06,6,64.895,NA,7.14,38363,24.44,"BAY888","",64.895
"CB6.4",2025-05-06,7,64.5944,NA,6.94,38409,24.47,"BAY888","",64.5944
"CB6.4",2025-05-06,8,64.4,NA,6.88,38677,24.66,"BAY888","",64.4
"CB6.4",2025-05-06,9,64.283,NA,6.85,38905,24.82,"BAY888","",64.283
"LE3.6",2025-05-06,1,68.0972,NA,8.26,28725,17.77,"BAY888","",68.0972
"LE3.6",2025-05-06,2,67.1216,NA,8.26,29240,18.12,"BAY888","",67.1216
"LE3.6",2025-05-06,3,66.7634,NA,8.23,29736,18.46,"BAY888","",66.7634
"LE3.6",2025-05-06,4,66.5492,NA,8.16,29885,18.56,"BAY888","",66.5492
"LE3.6",2025-05-06,5,66.0938,NA,8.05,30156,18.75,"BAY888","",66.0938
"LE3.6",2025-05-06,6,66.0272,NA,8.04,30342,18.87,"BAY888","",66.0272
"LE3.6",2025-05-06,7,65.8868,NA,7.96,30720,19.13,"BAY888","",65.8868
"LE3.6",2025-05-06,8,65.8544,NA,7.95,30727,19.14,"BAY888","",65.8544
"LE3.7",2025-05-06,1,69.9224,NA,7.96,28383,17.53,"BAY888","",69.9224
"LE3.7",2025-05-06,2,67.928,NA,8.06,29412,18.23,"BAY888","",67.928
"LE3.7",2025-05-06,3,67.1738,NA,7.82,29746,18.46,"BAY888","",67.1738
"LE3.7",2025-05-06,4,66.5636,NA,7.51,30004,18.64,"BAY888","",66.5636
"LE3.7",2025-05-06,5,66.299,NA,7.33,30169,18.75,"BAY888","",66.299
"LE3.7",2025-05-06,6,66.2612,NA,7.41,30217,18.79,"BAY888","",66.2612
"CB7.3",2025-05-07,1,67.1882,8.03,8.25,39932,25.55,"BAY888","",67.1882
"CB7.3",2025-05-07,2,67.064,8.03,8.26,40326,25.82,"BAY888","",67.064
"CB7.3",2025-05-07,3,66.7238,8.03,8.25,40962,26.28,"BAY888","",66.7238
"CB7.3",2025-05-07,4,66.3512,8.03,8.23,41397,26.59,"BAY888","",66.3512
"CB7.3",2025-05-07,5,65.7356,8.03,8.24,41822,26.89,"BAY888","",65.7356
"CB7.3",2025-05-07,6,65.4476,8.03,8.23,41883,26.93,"BAY888","",65.4476
"CB7.3",2025-05-07,7,64.4702,8.02,8.13,42210,27.17,"BAY888","",64.4702
"CB7.3",2025-05-07,8,63.2138,8.02,8.06,43088,27.79,"BAY888","",63.2138
"CB7.3",2025-05-07,9,61.9556,8.02,7.98,44466,28.77,"BAY888","",61.9556
"CB7.3",2025-05-07,10,61.7018,8.01,7.91,44792,29.01,"BAY888","",61.7018
"CB7.3",2025-05-07,11,61.6514,8.01,7.91,44903,29.09,"BAY888","",61.6514
"CB7.3",2025-05-07,12,60.5966,8.01,7.82,45837,29.75,"BAY888","",60.5966
"CB7.3E",2025-05-07,1,68.5994,8.05,8.46,38266,24.36,"BAY888","",68.5994
"CB7.3E",2025-05-07,2,68.4302,8.04,8.4,38651,24.63,"BAY888","",68.4302
"CB7.3E",2025-05-07,3,68.225,8.04,8.34,38862,24.78,"BAY888","",68.225
"CB7.3E",2025-05-07,4,67.7624,8.04,8.32,38965,24.86,"BAY888","",67.7624
"CB7.3E",2025-05-07,5,67.5752,8.04,8.26,39048,24.92,"BAY888","",67.5752
"CB7.3E",2025-05-07,6,67.316,8.03,8.19,39138,24.98,"BAY888","",67.316
"CB7.3E",2025-05-07,7,66.3998,8,7.93,39503,25.24,"BAY888","",66.3998
"CB7.3E",2025-05-07,8,65.9948,7.98,7.78,39544,25.27,"BAY888","",65.9948
"CB7.3E",2025-05-07,9,65.921,7.97,7.7,39620,25.32,"BAY888","",65.921
"CB7.3E",2025-05-07,10,65.8706,7.97,7.64,39679,25.37,"BAY888","",65.8706
"CB7.3E",2025-05-07,11,65.786,7.96,7.58,39744,25.41,"BAY888","",65.786
"CB7.3E",2025-05-07,12,65.9426,7.96,7.52,40217,25.75,"BAY888","",65.9426
"CB7.3E",2025-05-07,13,66.128,7.96,7.52,40502,25.95,"BAY888","",66.128
"CB7.3E",2025-05-07,14,66.353,7.97,7.6,40707,26.09,"BAY888","",66.353
"CB7.3E",2025-05-07,15,66.6104,7.98,7.6,40928,26.25,"BAY888","",66.6104
"CB7.3E",2025-05-07,17,66.641,7.98,7.63,41337,26.54,"BAY888","",66.641
"CB7.4",2025-05-07,1,65.12,8.03,8.18,42498,27.37,"BAY888","",65.12
"CB7.4",2025-05-07,2,64.0922,8.04,8.24,43619,28.18,"BAY888","",64.0922
"CB7.4",2025-05-07,3,63.6764,8.04,8.25,43808,28.31,"BAY888","",63.6764
"CB7.4",2025-05-07,4,63.2786,8.04,8.27,44443,28.77,"BAY888","",63.2786
"CB7.4",2025-05-07,5,62.4596,8.04,8.25,45058,29.2,"BAY888","",62.4596
"CB7.4",2025-05-07,6,61.5164,8.04,8.2,45826,29.75,"BAY888","",61.5164
"CB7.4",2025-05-07,7,59.0936,8.03,8.15,47707,31.09,"BAY888","",59.0936
"CB7.4",2025-05-07,8,58.2368,8.03,8.05,48473,31.64,"BAY888","",58.2368
"CB7.4",2025-05-07,9,58.1846,8.03,8.08,48532,31.68,"BAY888","",58.1846
"CB7.4",2025-05-07,10,58.163,8.03,8.08,48549,31.69,"BAY888","",58.163
"CB7.4",2025-05-07,11,57.9092,8.03,8.06,48805,31.87,"BAY888","",57.9092
"CB7.4",2025-05-07,12,57.8714,8.03,8.04,48845,31.9,"BAY888","",57.8714
"CB7.4",2025-05-07,13,57.8732,8.03,8.02,48847,31.9,"BAY888","",57.8732
"CB7.4",2025-05-07,14,57.866,8.03,8.03,48864,31.91,"BAY888","",57.866
"CB7.4N",2025-05-07,1,66.6914,8.02,8.06,43219,27.89,"BAY888","",66.6914
"CB7.4N",2025-05-07,2,66.1046,8.02,8.1,43411,28.03,"BAY888","",66.1046
"CB7.4N",2025-05-07,3,65.7788,8.02,8.11,43641,28.19,"BAY888","",65.7788
"CB7.4N",2025-05-07,4,65.5574,8.02,8.1,43811,28.31,"BAY888","",65.5574
"CB7.4N",2025-05-07,5,65.4404,8.02,8.11,43930,28.4,"BAY888","",65.4404
"CB7.4N",2025-05-07,6,64.3244,8.03,8.17,44751,28.99,"BAY888","",64.3244
"CB7.4N",2025-05-07,7,63.482,8.03,8.18,45321,29.4,"BAY888","",63.482
"CB7.4N",2025-05-07,8,63.1868,8.04,8.18,45513,29.53,"BAY888","",63.1868
"CB7.4N",2025-05-07,9,63.0104,8.04,8.18,45629,29.62,"BAY888","",63.0104
"CB7.4N",2025-05-07,10,62.9186,8.04,8.18,45695,29.66,"BAY888","",62.9186
"CB8.1",2025-05-07,1,67.7912,7.98,8.1,36952,23.44,"BAY888","",67.7912
"CB8.1",2025-05-07,2,67.7048,7.99,8.1,36928,23.43,"BAY888","",67.7048
"CB8.1",2025-05-07,3,67.748,7.98,8,37340,23.71,"BAY888","",67.748
"CB8.1",2025-05-07,4,67.6382,7.98,7.96,37754,24.01,"BAY888","",67.6382
"CB8.1",2025-05-07,5,67.3232,7.98,7.93,38089,24.24,"BAY888","",67.3232
"CB8.1",2025-05-07,6,66.6392,7.97,7.86,39101,24.96,"BAY888","",66.6392
"CB8.1",2025-05-07,7,65.0948,7.96,7.74,40729,26.11,"BAY888","",65.0948
"CB8.1E",2025-05-07,1,66.9146,8.01,8.06,38971,24.87,"BAY888","",66.9146
"CB8.1E",2025-05-07,2,66.695,8.02,8.01,39302,25.1,"BAY888","",66.695
"CB8.1E",2025-05-07,3,66.533,8.02,8.03,39456,25.21,"BAY888","",66.533
"CB8.1E",2025-05-07,4,65.5106,8.02,8.07,40772,26.14,"BAY888","",65.5106
"CB8.1E",2025-05-07,5,64.6754,8.02,8.02,41550,26.7,"BAY888","",64.6754
"CB8.1E",2025-05-07,6,59.738,8.02,7.96,46577,30.28,"BAY888","",59.738
"CB8.1E",2025-05-07,7,59.0972,8.02,7.93,47250,30.76,"BAY888","",59.0972
"CB8.1E",2025-05-07,8,57.5456,8.03,8.02,49048,32.04,"BAY888","",57.5456
"CB8.1E",2025-05-07,9,57.5222,8.03,8.01,49071,32.06,"BAY888","",57.5222
"CB8.1E",2025-05-07,10,57.5204,8.03,8,49074,32.06,"BAY888","",57.5204
"CB8.1E",2025-05-07,11,57.5204,8.03,8.01,49075,32.06,"BAY888","",57.5204
"CB8.1E",2025-05-07,12,57.5222,8.02,7.99,49076,32.06,"BAY888","",57.5222
"CB8.1E",2025-05-07,13,57.5258,8.02,7.97,49075,32.06,"BAY888","",57.5258
"CB8.1E",2025-05-07,14,57.5528,8.01,7.98,49068,32.06,"BAY888","",57.5528
"LE5.5-W",2025-05-07,1,70.1042,8.03,8.66,34916,22.01,"BAY888","",70.1042
"LE5.5-W",2025-05-07,2,69.485,8.03,8.55,36261,22.95,"BAY888","",69.485
"LE5.5-W",2025-05-07,3,69.6848,8.02,8.47,36486,23.11,"BAY888","",69.6848
"LE5.5-W",2025-05-07,4,69.6848,8.02,8.41,36614,23.2,"BAY888","",69.6848
"LE5.5-W",2025-05-07,5,69.0242,8.01,8.28,37438,23.78,"BAY888","",69.0242
"LE5.5-W",2025-05-07,6,67.1972,7.99,8.08,38683,24.66,"BAY888","",67.1972
"WE4.1",2025-05-07,1,73.6592,7.99,8.04,32753,20.49,"BAY888","",73.6592
"WE4.1",2025-05-07,2,71.357,8.02,8.21,32756,20.51,"BAY888","",71.357
"WE4.1",2025-05-07,3,70.6388,7.99,8.02,33007,20.68,"BAY888","",70.6388
"WE4.1",2025-05-07,4,70.2158,7.99,8.02,33404,20.96,"BAY888","",70.2158
"WE4.2",2025-05-07,1,71.654,7.95,8.39,30666,19.07,"BAY888","",71.654
"WE4.2",2025-05-07,2,69.6308,7.98,8.58,31008,19.32,"BAY888","",69.6308
"WE4.2",2025-05-07,3,69.0872,7.94,8.22,31332,19.54,"BAY888","",69.0872
"WE4.2",2025-05-07,4,69.0368,7.94,8.13,31575,19.71,"BAY888","",69.0368
"WE4.2",2025-05-07,5,68.9054,7.92,7.95,32250,20.17,"BAY888","",68.9054
"WE4.2",2025-05-07,6,67.208,7.89,7.26,35303,22.29,"BAY888","",67.208
"WE4.2",2025-05-07,7,66.299,7.85,6.9,36270,22.97,"BAY888","",66.299
"WE4.2",2025-05-07,8,66.2144,7.85,6.85,36364,23.03,"BAY888","",66.2144
"WE4.2",2025-05-07,9,66.1946,7.84,6.84,36380,23.05,"BAY888","",66.1946
"WE4.2",2025-05-07,10,66.1712,7.84,6.81,36418,23.07,"BAY888","",66.1712
"WE4.2",2025-05-07,11,66.1316,7.83,6.83,36451,23.09,"BAY888","",66.1316
"WE4.3",2025-05-07,1,71.1608,8,8.26,33792,21.22,"BAY888","",71.1608
"WE4.3",2025-05-07,2,71.0006,8,8.3,33829,21.25,"BAY888","",71.0006
"WE4.3",2025-05-07,3,70.7378,8,8.3,33864,21.28,"BAY888","",70.7378
"WE4.3",2025-05-07,4,69.2762,8,8.25,34008,21.38,"BAY888","",69.2762
"WE4.4",2025-05-07,1,73.1444,8.04,8.2,34822,21.92,"BAY888","",73.1444
"WE4.4",2025-05-07,2,70.997,8.03,8.33,35551,22.45,"BAY888","",70.997
"WE4.4",2025-05-07,3,70.88,8.03,8.33,35580,22.47,"BAY888","",70.88
"WE4.4",2025-05-07,4,70.8548,8.03,8.35,35594,22.48,"BAY888","",70.8548
"WE4.4",2025-05-07,5,70.8584,8.03,8.34,35597,22.48,"BAY888","",70.8584
"WE4.4",2025-05-07,6,70.9016,8.03,8.31,35592,22.48,"BAY888","",70.9016
"LE5.1",2025-05-06,1,72.122,7.58,7.71,8195,4.56,"BAY888","",72.122
"LE5.1",2025-05-06,2,72.158,7.52,7.55,9916,5.61,"BAY888","",72.158
"LE5.1",2025-05-06,3,72.086,7.52,7.49,10258,5.8,"BAY888","",72.086
"LE5.1",2025-05-06,4,71.906,7.5,7.38,12020,6.79,"BAY888","",71.906
"LE5.1",2025-05-06,5,71.726,7.51,7.35,13805,7.99,"BAY888","",71.726
"LE5.1",2025-05-06,6,71.708,7.51,7.35,13913,8.06,"BAY888","",71.708
"LE5.1",2025-05-06,7,71.672,7.51,7.33,14371,8.35,"BAY888","",71.672
"LE5.2",2025-05-06,1,70.79,7.65,7.65,22482,13.58,"BAY888","",70.79
"LE5.2",2025-05-06,2,70.556,7.64,7.53,23745,14.41,"BAY888","",70.556
"LE5.2",2025-05-06,3,70.412,7.62,7.4,24341,14.81,"BAY888","",70.412
"LE5.2",2025-05-06,4,70.34,7.62,7.27,24896,15.18,"BAY888","",70.34
"LE5.2",2025-05-06,5,69.998,7.57,6.99,25965,15.88,"BAY888","",69.998
"LE5.2",2025-05-06,6,69.602,7.6,6.96,27144,16.69,"BAY888","",69.602
"LE5.2",2025-05-06,7,68.9,7.58,6.74,29255,18.13,"BAY888","",68.9
"LE5.2",2025-05-06,8,68.684,7.59,6.84,30147,18.79,"BAY888","",68.684
"LE5.3",2025-05-06,1,69.188,7.65,7.25,30599,19.04,"BAY888","",69.188
"LE5.3",2025-05-06,2,69.026,7.64,7.2,30863,19.21,"BAY888","",69.026
"LE5.3",2025-05-06,3,68.414,7.68,7.35,32248,20.22,"BAY888","",68.414
"LE5.3",2025-05-06,4,67.91,7.7,7.4,33627,21.12,"BAY888","",67.91
"LE5.3",2025-05-06,5,67.658,7.7,7.35,34200,21.52,"BAY888","",67.658
"LE5.3",2025-05-06,6,67.658,7.7,7.36,34217,21.54,"BAY888","",67.658
"LE5.4",2025-05-06,1,68.018,7.73,7.82,32633,20.42,"BAY888","",68.018
"LE5.4",2025-05-06,2,67.676,7.72,7.78,33827,21.28,"BAY888","",67.676
"LE5.4",2025-05-06,3,67.316,7.72,7.8,34952,22.05,"BAY888","",67.316
"LE5.4",2025-05-06,4,67.208,7.72,7.86,35486,22.42,"BAY888","",67.208
"LE5.4",2025-05-06,5,67.01,7.73,7.86,36175,22.9,"BAY888","",67.01
"LE5.4",2025-05-06,6,66.452,7.71,7.67,36848,23.37,"BAY888","",66.452
"LE5.4",2025-05-06,7,66.38,7.71,7.65,36898,23.41,"BAY888","",66.38
"LE5.4",2025-05-06,8,66.38,7.7,7.63,36899,23.41,"BAY888","",66.38
"LE5.4",2025-05-06,9,66.236,7.69,7.57,36984,23.46,"BAY888","",66.236
"LE5.4",2025-05-06,10,66.146,7.68,7.54,37125,23.57,"BAY888","",66.146
"RET5.1A",2025-05-06,1,73.634,7.4,7.21,398,0.19,"BAY888","",73.634
"RET5.1A",2025-05-06,2,73.472,7.4,7.32,426,0.21,"BAY888","",73.472
"RET5.1A",2025-05-06,3,73.49,7.43,7.45,441,0.21,"BAY888","",73.49
"RET5.1A",2025-05-06,4,73.346,7.42,7.43,474,0.23,"BAY888","",73.346
"RET5.2",2025-05-06,1,72.95,7.45,7.42,3517,1.86,"BAY888","",72.95
"RET5.2",2025-05-06,2,72.932,7.45,7.32,3696,1.94,"BAY888","",72.932
"RET5.2",2025-05-06,3,72.932,7.43,7.3,4102,2.17,"BAY888","",72.932
"RET5.2",2025-05-06,4,72.95,7.44,7.33,4219,2.23,"BAY888","",72.95
"RET5.2",2025-05-06,5,72.968,7.44,7.34,4433,2.36,"BAY888","",72.968
"RET5.2",2025-05-06,6,73.004,7.45,7.35,4536,2.42,"BAY888","",73.004
"RET5.2",2025-05-06,7,73.004,7.45,7.36,4650,2.49,"BAY888","",73.004
"RET5.2",2025-05-06,8,73.04,7.45,7.36,4757,2.54,"BAY888","",73.04
"RET5.2",2025-05-06,9,73.04,7.47,7.37,4738,2.54,"BAY888","",73.04
"RET5.2",2025-05-06,10,73.058,7.48,7.39,4795,2.57,"BAY888","",73.058
"TF5.2",2025-05-06,1,72.968,7.91,8.77,176.5,0.08,"BAY888","",72.968
"TF5.2A",2025-05-06,1,76.55,7.83,7.51,183,0.09,"BAY888","",76.55
"TF5.2A",2025-05-06,2,76.082,7.76,7.24,182,0.09,"BAY888","",76.082
"TF5.2A",2025-05-06,3,75.938,7.73,7.11,182,0.09,"BAY888","",75.938
"TF5.2A",2025-05-06,4,75.884,7.72,7.02,182,0.09,"BAY888","",75.884
"TF5.2A",2025-05-06,5,75.866,7.72,7,182,0.09,"BAY888","",75.866
"TF5.2A",2025-05-06,6,75.884,7.72,6.95,182,0.09,"BAY888","",75.884
"TF5.3",2025-05-06,1,76.946,7.84,7.86,192,0.09,"BAY888","",76.946
"TF5.3",2025-05-06,2,76.1,7.7,7.25,193,0.09,"BAY888","",76.1
"TF5.3",2025-05-06,3,75.65,7.65,7.06,192,0.09,"BAY888","",75.65
"TF5.3",2025-05-06,4,75.578,7.63,7,192,0.09,"BAY888","",75.578
"TF5.3",2025-05-06,5,75.38,7.62,6.85,192,0.09,"BAY888","",75.38
"TF5.3",2025-05-06,6,75.38,7.62,6.85,192,0.09,"BAY888","",75.38
"TF5.3",2025-05-06,7,75.38,7.61,6.81,192,0.09,"BAY888","",75.38
"TF5.3",2025-05-06,8,75.38,7.62,6.81,192,0.09,"BAY888","",75.38
"TF5.3",2025-05-06,9,75.362,7.61,6.77,192,0.09,"BAY888","",75.362
"TF5.3",2025-05-06,10,75.38,7.62,6.77,192,0.09,"BAY888","",75.38
"TF5.3",2025-05-06,11,75.398,7.61,6.72,192,0.09,"BAY888","",75.398
"TF5.4",2025-05-06,1,75.11,7.75,8.18,190,0.09,"BAY888","",75.11
"TF5.4",2025-05-06,2,74.768,7.6,7.49,189,0.09,"BAY888","",74.768
"TF5.4",2025-05-06,3,74.714,7.6,7.46,189,0.09,"BAY888","",74.714
"TF5.4",2025-05-06,4,74.624,7.58,7.33,188,0.09,"BAY888","",74.624
"TF5.4",2025-05-06,5,74.57,7.57,7.28,188,0.09,"BAY888","",74.57
"TF5.4",2025-05-06,6,74.516,7.56,7.22,187,0.09,"BAY888","",74.516
"TF5.5",2025-05-06,1,74.93,8.15,8.95,199,0.09,"BAY888","",74.93
"TF5.5",2025-05-06,2,74.57,7.85,8.2,199,0.09,"BAY888","",74.57
"TF5.5",2025-05-06,3,74.39,7.76,7.81,199,0.09,"BAY888","",74.39
"TF5.5",2025-05-06,4,74.354,7.75,7.75,199,0.09,"BAY888","",74.354
"TF5.5",2025-05-06,5,74.336,7.75,7.74,199,0.09,"BAY888","",74.336
"TF5.5",2025-05-06,6,74.246,7.74,7.7,199,0.09,"BAY888","",74.246
"TF5.5",2025-05-06,7,74.156,7.73,7.64,200,0.09,"BAY888","",74.156
"TF5.5",2025-05-06,8,74.12,7.73,7.64,201,0.09,"BAY888","",74.12
"TF5.5",2025-05-06,9,73.958,7.69,7.48,203,0.09,"BAY888","",73.958
"TF5.5",2025-05-06,10,73.904,7.67,7.35,204,0.1,"BAY888","",73.904
"TF5.5A",2025-05-06,1,74.336,7.98,8.57,194,0.09,"BAY888","",74.336
"TF5.5A",2025-05-06,2,74.102,7.91,8.39,194,0.09,"BAY888","",74.102
"TF5.5A",2025-05-06,3,73.958,7.84,8.09,194,0.09,"BAY888","",73.958
"TF5.5A",2025-05-06,4,73.778,7.78,7.78,194,0.09,"BAY888","",73.778
"TF5.5A",2025-05-06,5,73.76,7.74,7.72,194,0.09,"BAY888","",73.76
"TF5.5A",2025-05-06,6,73.742,7.74,7.69,194,0.09,"BAY888","",73.742
"TF5.5A",2025-05-06,7,73.742,7.73,7.67,194,0.09,"BAY888","",73.742
"TF5.5A",2025-05-06,8,73.742,7.73,7.6,194,0.09,"BAY888","",73.742
"TF5.5A",2025-05-06,9,73.742,7.73,7.5,194,0.09,"BAY888","",73.742
"TF5.6",2025-05-06,1,72.986,7.57,7.32,217,0.1,"BAY888","",72.986
"TF5.6",2025-05-06,2,72.86,7.57,7.2,216,0.1,"BAY888","",72.86
"TF5.6",2025-05-06,3,72.338,7.53,6.99,213,0.1,"BAY888","",72.338
"TF5.6",2025-05-06,4,72.302,7.54,6.97,213,0.1,"BAY888","",72.302
"TF5.6",2025-05-06,5,72.302,7.53,6.96,213,0.1,"BAY888","",72.302
"TF5.6",2025-05-06,6,72.284,7.52,6.95,213,0.1,"BAY888","",72.284
"TF5.6",2025-05-06,7,72.284,7.52,6.93,213,0.1,"BAY888","",72.284
"TF5.6",2025-05-06,8,72.284,7.52,6.93,214,0.1,"BAY888","",72.284
"TF5.6",2025-05-06,9,72.284,7.52,6.9,214,0.1,"BAY888","",72.284
"EBB01",2025-05-15,1,71.726,7.19,5.09,29784,18.48,"BAY888","",71.726
"EBB01",2025-05-15,2,71.636,7.2,5.1,30455,18.91,"BAY888","",71.636
"EBB01",2025-05-15,3,71.348,7.22,5.24,31032,19.3,"BAY888","",71.348
"EBB01",2025-05-15,4,71.114,7.24,5.25,31510,19.63,"BAY888","",71.114
"EBB01",2025-05-15,5,70.898,7.35,5.31,31977,19.98,"BAY888","",70.898
"EBE1",2025-05-15,1,70.394,7.35,5.92,32833,20.55,"BAY888","",70.394
"EBE1",2025-05-15,2,70.124,7.36,5.94,33140,20.74,"BAY888","",70.124
"EBE1",2025-05-15,3,69.998,7.38,5.95,33395,20.97,"BAY888","",69.998
"EBE1",2025-05-15,4,69.872,7.38,5.97,33511,21.04,"BAY888","",69.872
"EBE1",2025-05-15,5,69.566,7.39,5.99,33708,21.18,"BAY888","",69.566
"EBE1",2025-05-15,6,69.314,7.42,6.02,34151,21.48,"BAY888","",69.314
"EBE1",2025-05-15,7,69.26,7.44,6.1,34256,21.56,"BAY888","",69.26
"ELD01",2025-05-14,1,69.17,7.51,6.68,33972,21.35,"BAY888","",69.17
"ELD01",2025-05-14,2,69.08,7.52,6.72,34112,21.45,"BAY888","",69.08
"ELD01",2025-05-14,3,68.882,7.54,6.74,34316,21.6,"BAY888","",68.882
"ELD01",2025-05-14,4,68.882,7.54,6.72,34350,21.62,"BAY888","",68.882
"ELD01",2025-05-14,5,68.828,7.55,6.7,34453,21.69,"BAY888","",68.828
"ELD01",2025-05-14,6,68.684,7.56,6.67,34629,21.82,"BAY888","",68.684
"ELD01",2025-05-14,7,68.576,7.56,6.69,34761,21.91,"BAY888","",68.576
"ELE01",2025-05-15,1,70.034,7.37,6.03,33382,20.95,"BAY888","",70.034
"ELE01",2025-05-15,2,69.962,7.36,6.05,33460,20.99,"BAY888","",69.962
"ELE01",2025-05-15,3,69.926,7.37,6.05,33530,21.05,"BAY888","",69.926
"ELE01",2025-05-15,4,69.908,7.37,6.04,33353,21.07,"BAY888","",69.908
"ELE01",2025-05-15,5,69.854,7.37,6.04,33565,21.07,"BAY888","",69.854
"ELE01",2025-05-15,6,69.71,7.39,6.04,33765,21.2,"BAY888","",69.71
"ELE01",2025-05-15,7,69.602,7.41,6.05,33870,21.27,"BAY888","",69.602
"ELE01",2025-05-15,8,69.512,7.42,6.08,33962,21.35,"BAY888","",69.512
"ELE01",2025-05-15,9,69.188,7.43,6.17,34147,21.45,"BAY888","",69.188
"ELE01",2025-05-15,10,68.864,7.47,6.21,34480,21.72,"BAY888","",68.864
"ELE01",2025-05-15,11,68.612,7.5,6.24,34915,22.02,"BAY888","",68.612
"ELI2",2025-05-14,1,69.044,7.53,6.71,34043,21.41,"BAY888","",69.044
"ELI2",2025-05-14,2,69.026,7.53,6.74,34056,21.42,"BAY888","",69.026
"ELI2",2025-05-14,3,68.936,7.54,6.75,34182,21.51,"BAY888","",68.936
"ELI2",2025-05-14,4,68.918,7.54,6.74,34262,21.57,"BAY888","",68.918
"ELI2",2025-05-14,5,68.774,7.55,6.76,34382,21.63,"BAY888","",68.774
"ELI2",2025-05-14,6,68.738,7.56,6.75,34476,21.71,"BAY888","",68.738
"ELI2",2025-05-14,7,68.738,7.56,6.75,34510,21.73,"BAY888","",68.738
"ELI2",2025-05-14,8,68.738,7.56,6.79,34539,21.76,"BAY888","",68.738
"LE3.1",2025-05-15,1,70.988,7.68,7.73,21171,12.71,"BAY888","",70.988
"LE3.1",2025-05-15,2,70.556,7.63,7.37,21620,13.01,"BAY888","",70.556
"LE3.1",2025-05-15,3,70.502,7.6,7.23,21908,13.21,"BAY888","",70.502
"LE3.1",2025-05-15,4,70.286,7.55,6.91,22407,13.52,"BAY888","",70.286
"LE3.1",2025-05-15,5,69.782,7.52,6.66,23320,14.14,"BAY888","",69.782
"LE3.1",2025-05-15,6,69.548,7.5,6.54,23470,14.23,"BAY888","",69.548
"LE3.2",2025-05-15,1,70.898,7.82,8.23,23855,14.49,"BAY888","",70.898
"LE3.2",2025-05-15,2,70.412,7.81,8.14,23984,14.58,"BAY888","",70.412
"LE3.2",2025-05-15,3,70.106,7.77,7.85,24470,14.93,"BAY888","",70.106
"LE3.2",2025-05-15,4,69.71,7.69,7.3,25258,15.42,"BAY888","",69.71
"LE3.2",2025-05-15,5,69.656,7.69,7.21,25587,15.65,"BAY888","",69.656
"LE3.2",2025-05-15,6,69.458,7.68,7.09,26003,15.92,"BAY888","",69.458
"LE3.2",2025-05-15,7,69.422,7.66,6.97,26104,15.99,"BAY888","",69.422
"LE3.2",2025-05-15,8,69.026,7.62,6.56,26630,16.33,"BAY888","",69.026
"LE3.2",2025-05-15,9,68.594,7.57,6.21,27128,16.68,"BAY888","",68.594
"LE3.2",2025-05-15,10,68.522,7.57,6.14,27152,16.71,"BAY888","",68.522
"LE3.2",2025-05-15,11,68.504,7.56,6.06,27268,16.78,"BAY888","",68.504
"LE3.2",2025-05-15,12,68.504,7.56,6.04,27304,16.8,"BAY888","",68.504
"LE3.2",2025-05-15,13,68.504,7.55,6.02,27303,16.8,"BAY888","",68.504
"LE3.2",2025-05-15,14,68.486,7.55,6,27312,16.81,"BAY888","",68.486
"LE3.3",2025-05-15,1,72.608,7.88,8.01,25764,15.75,"BAY888","",72.608
"LE3.3",2025-05-15,2,72.32,7.86,7.87,25830,15.79,"BAY888","",72.32
"LE3.3",2025-05-15,3,71.294,7.76,7.37,26335,16.15,"BAY888","",71.294
"LE3.3",2025-05-15,4,70.718,7.69,6.83,26470,16.23,"BAY888","",70.718
"LE3.3",2025-05-15,5,70.052,7.59,6.27,26834,16.48,"BAY888","",70.052
"LE3.3",2025-05-15,6,69.278,7.57,6.1,27334,16.72,"BAY888","",69.278
"LE3.4",2025-05-15,1,70.556,7.86,8.1,27145,16.69,"BAY888","",70.556
"LE3.4",2025-05-15,2,70.376,7.84,7.97,27156,16.7,"BAY888","",70.376
"LE3.4",2025-05-15,3,70.16,7.8,7.68,27201,16.73,"BAY888","",70.16
"LE3.4",2025-05-15,4,69.926,7.75,7.35,27278,16.78,"BAY888","",69.926
"LE3.4",2025-05-15,5,69.926,7.74,7.28,27302,16.8,"BAY888","",69.926
"LE3.4",2025-05-15,6,69.746,7.73,7.12,27499,16.93,"BAY888","",69.746
"LE3.4",2025-05-15,7,69.404,7.69,6.91,27500,16.95,"BAY888","",69.404
"LE3.4",2025-05-15,8,68.972,7.65,6.69,27621,17.01,"BAY888","",68.972
"LE3.4",2025-05-15,9,68.972,7.65,6.68,27620,17.01,"BAY888","",68.972
"LE3.4",2025-05-15,10,68.918,7.63,6.63,27625,17.02,"BAY888","",68.918
"LE3.4",2025-05-15,11,68.81,7.62,6.55,27735,17.09,"BAY888","",68.81
"LE3.4",2025-05-15,12,68.72,7.61,6.5,27787,17.12,"BAY888","",68.72
"LE4.1",2025-05-20,1,73.184,7.42,7.14,18855,11.2,"BAY888","",73.184
"LE4.1",2025-05-20,2,72.41,7.41,7.06,19313,11.49,"BAY888","",72.41
"LE4.1",2025-05-20,3,72.464,7.43,6.77,19715,11.76,"BAY888","",72.464
"LE4.1",2025-05-20,4,72.608,7.42,6.57,22744,13.74,"BAY888","",72.608
"LE4.1",2025-05-20,5,71.852,7.34,5.51,27466,16.9,"BAY888","",71.852
"LE4.1",2025-05-20,6,71.348,7.34,5.28,28704,17.68,"BAY888","",71.348
"LE4.1",2025-05-20,7,70.7,7.31,5.08,30274,18.8,"BAY888","",70.7
"LE4.1",2025-05-20,8,70.682,7.31,5.12,30321,18.84,"BAY888","",70.682
"LE4.1",2025-05-20,9,70.682,7.31,5.38,30324,18.84,"BAY888","",70.682
"LE4.2",2025-05-20,1,72.086,7.79,8.19,24897,15.17,"BAY888","",72.086
"LE4.2",2025-05-20,2,72.014,7.78,7.97,25089,15.29,"BAY888","",72.014
"LE4.2",2025-05-20,3,71.906,7.75,7.65,25278,15.41,"BAY888","",71.906
"LE4.2",2025-05-20,4,70.754,7.64,5.99,26202,16.11,"BAY888","",70.754
"LE4.2",2025-05-20,5,69.944,7.47,5.81,32688,20.46,"BAY888","",69.944
"LE4.2",2025-05-20,6,69.836,7.48,5.8,33285,20.87,"BAY888","",69.836
"LE4.2",2025-05-20,7,69.818,7.48,5.78,33342,20.92,"BAY888","",69.818
"LE4.2",2025-05-20,8,69.764,7.47,5.76,33382,20.94,"BAY888","",69.764
"LE4.2",2025-05-20,9,69.746,7.47,5.73,33403,20.96,"BAY888","",69.746
"LE4.2",2025-05-20,10,69.71,7.47,5.71,33444,20.99,"BAY888","",69.71
"LE4.2",2025-05-20,11,69.674,7.46,5.67,33466,21,"BAY888","",69.674
"LE4.2",2025-05-20,12,69.548,7.45,5.64,33586,21.08,"BAY888","",69.548
"LE4.2",2025-05-20,13,69.548,7.45,5.65,33607,21.1,"BAY888","",69.548
"LE4.2",2025-05-20,14,69.53,7.45,5.7,33626,21.11,"BAY888","",69.53
"LE4.2",2025-05-20,15,69.53,7.44,5.9,33624,21.11,"BAY888","",69.53
"LE4.3",2025-05-20,1,71.744,7.8,8.42,27631,17.01,"BAY888","",71.744
"LE4.3",2025-05-20,2,71.744,7.8,8.37,27691,17.04,"BAY888","",71.744
"LE4.3",2025-05-20,3,71.762,7.79,8.28,27791,17.11,"BAY888","",71.762
"LE4.3",2025-05-20,4,71.888,7.78,7.92,27881,17.18,"BAY888","",71.888
"LE4.3",2025-05-20,5,71.87,7.64,7.49,31163,19.37,"BAY888","",71.87
"LE4.3",2025-05-20,6,71.852,7.66,7.92,31543,19.66,"BAY888","",71.852
"LE4.3",2025-05-20,7,71.69,7.63,7.28,31830,19.87,"BAY888","",71.69
"LE4.3",2025-05-20,8,71.258,7.63,6.83,32217,20.13,"BAY888","",71.258
"LE4.3",2025-05-20,9,70.124,7.48,6.23,33677,21.35,"BAY888","",70.124
"LE4.3",2025-05-20,10,68.666,7.45,5.75,35378,22.33,"BAY888","",68.666
"LE4.3",2025-05-20,11,68.666,7.42,5.74,35499,22.47,"BAY888","",68.666
"LE4.3",2025-05-20,12,68.414,7.35,5.66,35869,22.69,"BAY888","",68.414
"LE4.3",2025-05-20,13,68.27,7.31,5.77,36009,22.78,"BAY888","",68.27
"LE5.6",2025-05-14,1,68.792,7.6,7.08,34072,21.43,"BAY888","",68.792
"LE5.6",2025-05-14,2,68.792,7.6,7.09,34099,21.45,"BAY888","",68.792
"LE5.6",2025-05-14,3,68.792,7.6,7.08,34092,21.44,"BAY888","",68.792
"LE5.6",2025-05-14,4,68.774,7.6,7.01,34096,21.45,"BAY888","",68.774
"LE5.6",2025-05-14,5,68.666,7.59,6.89,34336,21.6,"BAY888","",68.666
"LE5.6",2025-05-14,6,68.522,7.6,6.87,34654,21.83,"BAY888","",68.522
"LE5.6",2025-05-14,7,68.522,7.6,6.87,34678,21.85,"BAY888","",68.522
"LE5.6",2025-05-14,8,68.504,7.6,6.88,34698,21.87,"BAY888","",68.504
"LE5.6",2025-05-14,9,68.468,7.6,6.89,34792,21.95,"BAY888","",68.468
"LE5.6",2025-05-14,10,68.486,7.6,6.91,34761,21.91,"BAY888","",68.486
"LFA01",2025-05-14,1,69.314,7.44,6.14,33426,20.98,"BAY888","",69.314
"LFA01",2025-05-14,2,69.134,7.44,6.04,33707,21.17,"BAY888","",69.134
"LFA01",2025-05-14,3,69.098,7.44,6.01,33754,21.21,"BAY888","",69.098
"LFA01",2025-05-14,4,69.08,7.43,6.02,33746,21.2,"BAY888","",69.08
"LFB01",2025-05-14,1,71.15,7.23,5.5,30265,18.83,"BAY888","",71.15
"LFB01",2025-05-14,2,71.114,7.27,5.59,31344,19.55,"BAY888","",71.114
"LFB01",2025-05-14,3,71.096,7.27,5.61,31395,19.57,"BAY888","",71.096
"RET3.1",2025-05-15,1,72.716,8.14,9.57,3300,1.73,"BAY888","",72.716
"RET3.1",2025-05-15,2,72.968,7.54,8.28,3466,1.82,"BAY888","",72.968
"RET3.1",2025-05-15,3,72.302,7.5,8.26,3730,1.96,"BAY888","",72.302
"RET3.1",2025-05-15,4,72.374,7.49,8.26,3822,2.02,"BAY888","",72.374
"RET3.1",2025-05-15,5,72.5,7.44,8.25,4360,2.28,"BAY888","",72.5
"RET3.2",2025-05-15,1,71.006,7.52,7.42,15589,9.11,"BAY888","",71.006
"RET3.2",2025-05-15,2,70.862,7.48,7.1,16426,9.65,"BAY888","",70.862
"RET3.2",2025-05-15,3,70.79,7.49,7.06,17624,10.42,"BAY888","",70.79
"RET3.2",2025-05-15,4,70.61,7.48,6.87,18720,11.12,"BAY888","",70.61
"RET3.2",2025-05-15,5,70.574,7.46,6.75,18889,11.24,"BAY888","",70.574
"RET4.1",2025-05-20,1,73.076,6.93,5.47,9432,5.26,"BAY888","",73.076
"RET4.1",2025-05-20,2,73.31,6.86,4.77,13733,7.92,"BAY888","",73.31
"RET4.1",2025-05-20,3,73.292,6.87,4.78,13967,8.06,"BAY888","",73.292
"RET4.1",2025-05-20,4,73.292,6.87,4.98,14154,8.21,"BAY888","",73.292
"RET4.2",2025-05-20,1,74.678,6.7,5.61,272.5,0.13,"BAY888","",74.678
"RET4.2",2025-05-20,2,74.786,6.69,5.6,269.1,0.13,"BAY888","",74.786
"RET4.2",2025-05-20,3,74.858,6.71,5.61,254.4,0.12,"BAY888","",74.858
"RET4.2",2025-05-20,4,74.912,6.71,5.57,256.8,0.12,"BAY888","",74.912
"RET4.2",2025-05-20,5,74.606,6.7,5.53,270.9,0.13,"BAY888","",74.606
"RET4.2",2025-05-20,6,74.786,6.7,5.55,274.5,0.13,"BAY888","",74.786
"RET4.2",2025-05-20,7,74.714,6.71,5.53,273,0.13,"BAY888","",74.714
"RET4.2",2025-05-20,8,74.534,6.71,5.52,279,0.13,"BAY888","",74.534
"RET4.2",2025-05-20,9,74.516,6.72,5.5,271.3,0.13,"BAY888","",74.516
"RET4.2",2025-05-20,10,74.444,6.71,5.47,280.4,0.13,"BAY888","",74.444
"RET4.2",2025-05-20,11,74.534,6.72,5.48,286.4,0.14,"BAY888","",74.534
"RET4.2",2025-05-20,12,74.534,6.72,5.48,287.4,0.14,"BAY888","",74.534
"RET4.2",2025-05-20,13,74.552,6.73,5.47,288.6,0.14,"BAY888","",74.552
"RET4.2",2025-05-20,14,74.516,6.73,5.46,306,0.14,"BAY888","",74.516
"RET4.2",2025-05-20,15,74.39,6.73,5.44,306.9,0.15,"BAY888","",74.39
"RET4.2",2025-05-20,16,74.372,6.72,5.42,312.2,0.15,"BAY888","",74.372
"RET4.2",2025-05-20,17,74.408,6.72,5.41,344.5,0.16,"BAY888","",74.408
"RET4.3",2025-05-20,1,72.806,7.06,6.16,12943,7.44,"BAY888","",72.806
"RET4.3",2025-05-20,2,72.77,7.12,5.94,14105,8.62,"BAY888","",72.77
"RET4.3",2025-05-20,3,72.788,7.11,5.05,20923,12.53,"BAY888","",72.788
"RET4.3",2025-05-20,4,71.726,7.12,4.55,26624,16.32,"BAY888","",71.726
"RET4.3",2025-05-20,5,71.618,7.11,4.6,27249,16.77,"BAY888","",71.618
"RET4.3",2025-05-20,6,71.582,7.11,4.76,27339,16.81,"BAY888","",71.582
"SBE2",2025-05-15,1,70.232,7.29,5.95,32262,20.14,"BAY888","",70.232
"SBE2",2025-05-15,2,70.088,7.3,5.9,32636,20.4,"BAY888","",70.088
"SBE2",2025-05-15,3,69.962,7.32,5.88,32947,20.63,"BAY888","",69.962
"SBE2",2025-05-15,4,69.944,7.33,5.88,33093,20.75,"BAY888","",69.944
"SBE2",2025-05-15,5,69.89,7.34,5.87,33248,20.86,"BAY888","",69.89
"SBE2",2025-05-15,6,69.764,7.35,5.87,33362,20.93,"BAY888","",69.764
"SBE2",2025-05-15,7,69.17,7.37,5.86,33712,21.13,"BAY888","",69.17
"SBE2",2025-05-15,8,68.828,7.42,5.85,34390,21.65,"BAY888","",68.828
"SBE2",2025-05-15,9,68.792,7.44,5.92,34699,21.89,"BAY888","",68.792
"SBE5",2025-05-15,1,71.132,7.05,5.52,28837,17.74,"BAY888","",71.132
"SBE5",2025-05-15,2,71.042,7.1,5.5,29873,18.54,"BAY888","",71.042
"SBE5",2025-05-15,3,70.862,7.11,5.49,30247,18.76,"BAY888","",70.862
"SBE5",2025-05-15,4,70.79,7.13,5.46,30556,18.99,"BAY888","",70.79
"SBE5",2025-05-15,5,69.962,7.21,5.46,32208,20.13,"BAY888","",69.962
"SBE5",2025-05-15,6,69.926,7.22,5.51,32220,20.17,"BAY888","",69.926
"TF3.1B",2025-05-13,1,73.076,6.97,6.18,117,0.05,"BAY888","",73.076
"TF3.1B",2025-05-13,2,73.022,6.93,6.12,117,0.05,"BAY888","",73.022
"TF3.1B",2025-05-13,3,73.004,6.94,6.15,117,0.06,"BAY888","",73.004
"TF3.1E",2025-05-13,1,71.096,7.1,7.3,114,0.05,"BAY888","",71.096
"TF3.1E",2025-05-13,2,71.078,7.07,7.29,114,0.05,"BAY888","",71.078
"TF3.1E",2025-05-13,3,71.006,7.06,7.25,114,0.05,"BAY888","",71.006
"TF3.1F",2025-05-13,2,70.952,7.36,7.94,104,0.05,"BAY888","",70.952
"TF3.1F",2025-05-13,3,70.898,7.36,7.94,104,0.05,"BAY888","",70.898
"TF3.2",2025-05-13,1,72.842,7.01,7.49,108,0.05,"BAY888","",72.842
"TF3.2",2025-05-13,2,72.86,6.99,7.48,107,0.05,"BAY888","",72.86
"TF3.2",2025-05-13,3,72.86,7.01,7.49,108,0.05,"BAY888","",72.86
"TF3.2",2025-05-13,4,72.806,7,7.54,107,0.05,"BAY888","",72.806
"TF3.2",2025-05-13,5,72.914,6.99,7.48,108,0.05,"BAY888","",72.914
"TF3.2",2025-05-13,6,72.914,6.99,7.47,108,0.05,"BAY888","",72.914
"TF3.2A",2025-05-13,1,72.284,7.33,8.22,175,0.08,"BAY888","",72.284
"TF3.2A",2025-05-13,2,72.284,7.32,8.24,175,0.08,"BAY888","",72.284
"TF3.2A",2025-05-13,3,72.284,7.32,8.24,175,0.08,"BAY888","",72.284
"TF3.2A",2025-05-13,4,72.248,7.31,8.23,171,0.08,"BAY888","",72.248
"TF3.3",2025-05-15,1,73.94,7.51,8.93,360.4,0.17,"BAY888","",73.94
"TF3.3",2025-05-15,2,73.562,7.45,8.64,338.6,0.16,"BAY888","",73.562
"TF3.3",2025-05-15,3,73.094,7.48,8.43,235,0.11,"BAY888","",73.094
"TF3.3",2025-05-15,4,73.148,7.42,8.4,263.2,0.12,"BAY888","",73.148
"TF3.3",2025-05-15,5,73.076,7.4,8.4,312.6,0.15,"BAY888","",73.076
"TF3.3",2025-05-15,6,72.95,7.39,8.35,328.6,0.14,"BAY888","",72.95
"TF3.3",2025-05-15,7,72.95,7.38,8.3,329.8,0.16,"BAY888","",72.95
"TF3.3",2025-05-15,8,72.932,7.4,8.32,338.2,0.16,"BAY888","",72.932
"TF4.2",2025-05-20,1,74.102,7.07,7.47,88.3,0.04,"BAY888","",74.102
"TF4.2",2025-05-20,2,74.102,7.08,7.41,88.3,0.04,"BAY888","",74.102
"TF4.2",2025-05-20,3,73.832,7.04,7.11,88.4,0.04,"BAY888","",73.832
"TF4.2",2025-05-20,4,73.868,7.05,7.15,88.4,0.04,"BAY888","",73.868
"TF4.2",2025-05-20,5,73.796,7.05,7.04,88.5,0.04,"BAY888","",73.796
"TF4.2",2025-05-20,6,73.742,7.04,6.96,88.4,0.04,"BAY888","",73.742
"TF4.2",2025-05-20,7,73.688,7.03,6.86,88.4,0.04,"BAY888","",73.688
"TF4.2",2025-05-20,8,73.688,7.04,6.81,88.4,0.04,"BAY888","",73.688
"TF4.2",2025-05-20,9,73.67,7.05,6.77,88.4,0.04,"BAY888","",73.67
"TF4.2",2025-05-20,10,73.616,7.07,6.69,88.4,0.04,"BAY888","",73.616
"TF4.4",2025-05-20,1,73.976,6.53,5.7,70,0.03,"BAY888","",73.976
"TF4.4",2025-05-20,2,73.94,6.52,5.68,70,0.03,"BAY888","",73.94
"TF4.4",2025-05-20,3,73.94,6.56,5.65,70.1,0.03,"BAY888","",73.94
"TF4.4",2025-05-20,4,73.904,6.59,5.63,70.1,0.03,"BAY888","",73.904
"WBB05",2025-05-14,1,71.708,7.15,5.38,27871,17.16,"BAY888","",71.708
"WBB05",2025-05-14,2,71.726,7.14,5.25,29089,18.01,"BAY888","",71.726
"WBB05",2025-05-14,3,71.726,7.14,5.23,29147,18.04,"BAY888","",71.726
"WBB05",2025-05-14,4,71.708,7.14,5.26,29291,18.12,"BAY888","",71.708
"WBE1",2025-05-14,1,70.646,7.34,5.84,32109,20.07,"BAY888","",70.646
"WBE1",2025-05-14,2,70.556,7.32,6.1,32804,20.55,"BAY888","",70.556
"WBE1",2025-05-14,3,70.196,7.39,6.1,32804,20.55,"BAY888","",70.196
