"Station","Date","Sdepth","Wtemp","Ph","DO","Spcond","Salinity","Cruise","SECCHI","source","tempC"
"CB5.3",2026-08-24,0.5,81.86,8.1,7.1,28400,17.4,NA,"2","MDmain",27.7
"CB5.3",2026-08-24,1,81.86,8.1,7.1,28400,17.4,NA,NA,"MDmain",27.7
"CB5.3",2026-08-24,2,81.5,8.1,7,28600,17.6,NA,NA,"MDmain",27.5
"CB5.3",2026-08-24,3,81.5,8.1,7,28800,17.7,NA,NA,"MDmain",27.5
"CB5.3",2026-08-24,4,81.5,8.1,6.7,29000,17.9,NA,NA,"MDmain",27.5
"CB5.3",2026-08-24,5,81.5,8.1,6.3,29300,18.1,NA,NA,"MDmain",27.5
"CB5.3",2026-08-24,6,81.5,8,6.1,29600,18.2,NA,NA,"MDmain",27.5
"CB5.3",2026-08-24,7,81.86,8,5.8,29800,18.4,NA,NA,"MDmain",27.7
"CB5.3",2026-08-24,8,82.04,8,5.3,30400,18.8,NA,NA,"MDmain",27.8
"CB5.3",2026-08-24,9,82.04,7.9,4.8,31100,19.2,NA,NA,"MDmain",27.8
"CB5.3",2026-08-24,10,82.22,7.9,3.9,32000,19.9,NA,NA,"MDmain",27.9
"CB5.3",2026-08-24,11,82.04,7.8,3.9,32800,20.5,NA,NA,"MDmain",27.8
"CB5.3",2026-08-24,12,82.04,7.8,2.9,35100,22,NA,NA,"MDmain",27.8
"CB5.3",2026-08-24,13,81.32,7.7,2.3,37800,23.9,NA,NA,"MDmain",27.4
"CB5.3",2026-08-24,14,81.32,7.7,2.2,38300,24.3,NA,NA,"MDmain",27.4
"CB5.3",2026-08-24,15,81.14,7.7,2.2,38800,24.6,NA,NA,"MDmain",27.3
"CB5.3",2026-08-24,16,81.14,7.7,2.2,38900,24.7,NA,NA,"MDmain",27.3
"CB5.3",2026-08-24,17,80.78,7.7,2.4,39700,25.3,NA,NA,"MDmain",27.1
"CB5.3",2026-08-24,19,80.78,7.7,2.3,39900,25.4,NA,NA,"MDmain",27.1
"CB5.3",2026-08-24,21,80.78,7.7,2.4,39900,25.4,NA,NA,"MDmain",27.1
"CB5.3",2026-08-24,23,80.78,7.7,2.4,40000,25.4,NA,NA,"MDmain",27.1
"CB5.3",2026-08-24,25,80.78,7.7,2.3,40000,25.5,NA,NA,"MDmain",27.1
"LE2.3",2026-08-24,0.5,82.22,8.1,6.9,27700,17,NA,"2.2","MDmain",27.9
"LE2.3",2026-08-24,1,82.22,8.1,6.8,27700,17,NA,NA,"MDmain",27.9
"LE2.3",2026-08-24,2,82.22,8.1,6.8,27700,17,NA,NA,"MDmain",27.9
"LE2.3",2026-08-24,3,82.22,8.1,6.7,27800,17,NA,NA,"MDmain",27.9
"LE2.3",2026-08-24,4,82.22,8.1,6.7,27800,17,NA,NA,"MDmain",27.9
"LE2.3",2026-08-24,5,82.04,8.1,6.7,27800,17,NA,NA,"MDmain",27.8
"LE2.3",2026-08-24,6,82.04,8.1,6.7,27800,17,NA,NA,"MDmain",27.8
"LE2.3",2026-08-24,7,82.04,8,6.7,27800,17.1,NA,NA,"MDmain",27.8
"LE2.3",2026-08-24,8,81.86,8,6.6,27900,17.1,NA,NA,"MDmain",27.7
"LE2.3",2026-08-24,9,81.86,8,6.5,27900,17.1,NA,NA,"MDmain",27.7
"LE2.3",2026-08-24,10,81.86,8,6.3,27900,17.1,NA,NA,"MDmain",27.7
"LE2.3",2026-08-24,11,81.86,7.9,5,28500,17.5,NA,NA,"MDmain",27.7
"LE2.3",2026-08-24,12,81.86,7.9,4.7,28600,17.6,NA,NA,"MDmain",27.7
"LE2.3",2026-08-24,13,81.86,7.8,4.7,28700,17.6,NA,NA,"MDmain",27.7
"LE2.3",2026-08-24,14,82.04,7.8,4.3,28700,17.7,NA,NA,"MDmain",27.8
"LE2.3",2026-08-24,15,82.04,7.6,2.1,29700,18.3,NA,NA,"MDmain",27.8
"LE2.3",2026-08-24,16,82.04,7.5,1.6,31300,19.4,NA,NA,"MDmain",27.8
"LE2.3",2026-08-24,17,82.22,7.5,1.4,32100,19.9,NA,NA,"MDmain",27.9
"CB5.2",2026-08-24,0.5,81.68,8.1,7.4,28100,17.2,NA,"2.2","MDmain",27.6
"CB5.2",2026-08-24,1,81.68,8.1,7.4,28200,17.3,NA,NA,"MDmain",27.6
"CB5.2",2026-08-24,2,81.68,8.1,7.4,28200,17.3,NA,NA,"MDmain",27.6
"CB5.2",2026-08-24,3,81.68,8.1,7.4,28300,17.3,NA,NA,"MDmain",27.6
"CB5.2",2026-08-24,4,81.5,8.1,7.3,28300,17.3,NA,NA,"MDmain",27.5
"CB5.2",2026-08-24,5,81.32,8.1,7,28300,17.4,NA,NA,"MDmain",27.4
"CB5.2",2026-08-24,6,81.5,8,6.3,28500,17.5,NA,NA,"MDmain",27.5
"CB5.2",2026-08-24,7,81.68,7.9,4.8,29800,18.4,NA,NA,"MDmain",27.6
"CB5.2",2026-08-24,8,81.68,7.9,4.8,30000,18.5,NA,NA,"MDmain",27.6
"CB5.2",2026-08-24,9,81.68,7.9,4.8,30000,18.5,NA,NA,"MDmain",27.6
"CB5.2",2026-08-24,10,81.68,7.9,4.5,30200,18.7,NA,NA,"MDmain",27.6
"CB5.2",2026-08-24,11,82.04,7.8,3.5,30900,19.2,NA,NA,"MDmain",27.8
"CB5.2",2026-08-24,12,82.22,7.8,2.9,31700,19.7,NA,NA,"MDmain",27.9
"CB5.2",2026-08-24,13,82.22,7.8,2.8,31700,19.7,NA,NA,"MDmain",27.9
"CB5.2",2026-08-24,14,82.4,7.7,2.2,32500,20.2,NA,NA,"MDmain",28
"CB5.2",2026-08-24,15,82.22,7.7,2.3,34000,21.2,NA,NA,"MDmain",27.9
"CB5.2",2026-08-24,16,82.04,7.7,2,35100,22,NA,NA,"MDmain",27.8
"CB5.2",2026-08-24,17,81.86,7.7,1.8,36100,22.7,NA,NA,"MDmain",27.7
"CB5.2",2026-08-24,18,81.68,7.6,1.5,37200,23.5,NA,NA,"MDmain",27.6
"CB5.2",2026-08-24,19,81.5,7.6,1.5,37400,23.6,NA,NA,"MDmain",27.5
"CB5.2",2026-08-24,21,81.5,7.7,1.6,37700,23.8,NA,NA,"MDmain",27.5
"CB5.2",2026-08-24,23,81.32,7.7,1.6,38300,24.3,NA,NA,"MDmain",27.4
"CB5.2",2026-08-24,25,81.14,7.7,1.6,38700,24.5,NA,NA,"MDmain",27.3
"CB5.2",2026-08-24,27,81.14,7.7,1.6,38900,24.7,NA,NA,"MDmain",27.3
"CB5.2",2026-08-24,29,81.14,7.7,1.7,39100,24.8,NA,NA,"MDmain",27.3
"CB5.2",2026-08-24,30,81.14,7.7,1.7,39100,24.8,NA,NA,"MDmain",27.3
"CB5.1",2026-08-24,0.5,82.04,8.1,7.4,26500,16.2,NA,"2.3","MDmain",27.8
"CB5.1",2026-08-24,1,82.22,8.1,7.4,26500,16.2,NA,NA,"MDmain",27.9
"CB5.1",2026-08-24,2,81.86,8.1,7.2,26500,16.2,NA,NA,"MDmain",27.7
"CB5.1",2026-08-24,3,81.86,8,6.3,27000,16.5,NA,NA,"MDmain",27.7
"CB5.1",2026-08-24,4,81.86,7.8,4.7,27600,16.9,NA,NA,"MDmain",27.7
"CB5.1",2026-08-24,5,81.86,7.8,4.6,27900,17.1,NA,NA,"MDmain",27.7
"CB5.1",2026-08-24,6,81.86,7.8,4.6,28000,17.1,NA,NA,"MDmain",27.7
"CB5.1",2026-08-24,7,81.86,7.8,4.1,28300,17.4,NA,NA,"MDmain",27.7
"CB5.1",2026-08-24,8,81.86,7.7,3.6,28600,17.5,NA,NA,"MDmain",27.7
"CB5.1",2026-08-24,9,81.86,7.7,3.4,29600,18.3,NA,NA,"MDmain",27.7
"CB5.1",2026-08-24,10,82.04,7.7,2.6,30000,18.5,NA,NA,"MDmain",27.8
"CB5.1",2026-08-24,11,82.22,7.6,1.8,31800,18.3,NA,NA,"MDmain",27.9
"CB5.1",2026-08-24,12,82.22,7.6,1.6,32100,19.9,NA,NA,"MDmain",27.9
"CB5.1",2026-08-24,13,82.22,7.6,1.1,33300,20.8,NA,NA,"MDmain",27.9
"CB5.1",2026-08-24,14,82.22,7.6,1.1,33700,21,NA,NA,"MDmain",27.9
"CB5.1",2026-08-24,15,82.22,7.6,1.1,34600,21.7,NA,NA,"MDmain",27.9
"CB5.1",2026-08-24,16,82.22,7.6,1.2,35200,22.1,NA,NA,"MDmain",27.9
"CB5.1",2026-08-24,17,82.04,7.6,1.3,35500,22.3,NA,NA,"MDmain",27.8
"CB5.1",2026-08-24,19,82.04,7.6,1.3,36000,22.6,NA,NA,"MDmain",27.8
"CB5.1",2026-08-24,21,81.86,7.6,1.3,36200,22.8,NA,NA,"MDmain",27.7
"CB5.1",2026-08-24,23,81.86,7.6,1.3,36700,23.1,NA,NA,"MDmain",27.7
"CB5.1",2026-08-24,24,81.68,7.6,1.3,37200,23.5,NA,NA,"MDmain",27.6
"CB5.1",2026-08-24,25,81.5,7.6,1.2,37600,23.8,NA,NA,"MDmain",27.5
"CB5.1",2026-08-24,27,81.5,7.6,1.2,37900,24,NA,NA,"MDmain",27.5
"CB5.1",2026-08-24,29,81.32,7.6,1.2,38000,24.1,NA,NA,"MDmain",27.4
"CB5.1",2026-08-24,31,81.32,7.6,1.1,38200,24.2,NA,NA,"MDmain",27.4
"CB5.1",2026-08-24,33,81.32,7.6,1.1,38300,24.3,NA,NA,"MDmain",27.4
"CB5.1",2026-08-24,34,81.32,7.6,1.2,38300,24.3,NA,NA,"MDmain",27.4
"CB4.4",2026-08-24,0.5,81.32,8,6.6,25800,15.7,NA,"2","MDmain",27.4
"CB4.4",2026-08-24,1,81.32,8,6.6,25800,15.7,NA,NA,"MDmain",27.4
"CB4.4",2026-08-24,2,81.32,8,6.6,25900,15.8,NA,NA,"MDmain",27.4
"CB4.4",2026-08-24,3,81.32,8,6.5,25900,15.8,NA,NA,"MDmain",27.4
"CB4.4",2026-08-24,4,81.32,8,6.5,25900,15.8,NA,NA,"MDmain",27.4
"CB4.4",2026-08-24,5,81.32,8,6.1,25900,15.8,NA,NA,"MDmain",27.4
"CB4.4",2026-08-24,6,81.32,7.9,5.9,26100,15.9,NA,NA,"MDmain",27.4
"CB4.4",2026-08-24,7,81.32,7.9,5.6,26200,16,NA,NA,"MDmain",27.4
"CB4.4",2026-08-24,8,81.5,7.8,4.6,27000,16.5,NA,NA,"MDmain",27.5
"CB4.4",2026-08-24,9,81.86,7.7,4,27800,17,NA,NA,"MDmain",27.7
"CB4.4",2026-08-24,10,81.86,7.6,2.6,29200,18,NA,NA,"MDmain",27.7
"CB4.4",2026-08-24,11,81.86,7.5,1.4,30600,18.9,NA,NA,"MDmain",27.7
"CB4.4",2026-08-24,12,81.86,7.5,1.1,31800,19.8,NA,NA,"MDmain",27.7
"CB4.4",2026-08-24,13,81.68,7.5,0.8,32400,20.1,NA,NA,"MDmain",27.6
"CB4.4",2026-08-24,14,81.86,7.6,0.6,33900,21.2,NA,NA,"MDmain",27.7
"CB4.4",2026-08-24,15,81.86,7.6,0.6,34100,21.3,NA,NA,"MDmain",27.7
"CB4.4",2026-08-24,16,81.86,7.6,0.6,34700,21.7,NA,NA,"MDmain",27.7
"CB4.4",2026-08-24,17,82.04,7.6,0.8,35400,22.2,NA,NA,"MDmain",27.8
"CB4.4",2026-08-24,19,82.04,7.6,0.8,36000,22.6,NA,NA,"MDmain",27.8
"CB4.4",2026-08-24,21,81.86,7.6,0.9,36500,23,NA,NA,"MDmain",27.7
"CB4.4",2026-08-24,23,81.86,7.6,0.9,36800,23.2,NA,NA,"MDmain",27.7
"CB4.4",2026-08-24,25,81.86,7.6,0.9,36900,23.3,NA,NA,"MDmain",27.7
"CB4.4",2026-08-24,27,81.68,7.6,0.9,37000,23.3,NA,NA,"MDmain",27.6
"CB4.4",2026-08-24,29,81.68,7.6,0.8,37000,23.4,NA,NA,"MDmain",27.6
"CB4.3E",2026-08-25,0.5,80.06,8.1,7.6,25400,15.5,NA,"1","MDmain",26.7
"CB4.3E",2026-08-25,1,80.06,8.1,7.6,25400,15.5,NA,NA,"MDmain",26.7
"CB4.3E",2026-08-25,2,80.06,8.1,7.5,25500,15.5,NA,NA,"MDmain",26.7
"CB4.3E",2026-08-25,3,79.88,8,7,25700,15.7,NA,NA,"MDmain",26.6
"CB4.3E",2026-08-25,4,79.88,8,6.8,25800,15.7,NA,NA,"MDmain",26.6
"CB4.3E",2026-08-25,5,79.88,8,6.5,26000,15.8,NA,NA,"MDmain",26.6
"CB4.3E",2026-08-25,6,79.88,8,6.4,26000,15.8,NA,NA,"MDmain",26.6
"CB4.3E",2026-08-25,7,79.88,8,6.4,26000,15.8,NA,NA,"MDmain",26.6
"CB4.3E",2026-08-25,8,80.24,7.9,5.8,26200,16,NA,NA,"MDmain",26.8
"CB4.3E",2026-08-25,9,80.24,7.9,5.3,26400,16.1,NA,NA,"MDmain",26.8
"CB4.3E",2026-08-25,10,80.78,7.6,3,28600,17.6,NA,NA,"MDmain",27.1
"CB4.3E",2026-08-25,11,81.32,7.4,0.2,31300,19.4,NA,NA,"MDmain",27.4
"CB4.3E",2026-08-25,12,81.32,7.4,0.2,32200,20,NA,NA,"MDmain",27.4
"CB4.3E",2026-08-25,13,81.14,7.4,0.1,32700,20.4,NA,NA,"MDmain",27.3
"CB4.3E",2026-08-25,15,81.14,7.4,0.1,33000,20.6,NA,NA,"MDmain",27.3
"CB4.3E",2026-08-25,17,81.14,7.5,0.1,33100,20.7,NA,NA,"MDmain",27.3
"CB4.3E",2026-08-25,19,81.14,7.5,0.2,33500,21,NA,NA,"MDmain",27.3
"CB4.3E",2026-08-25,20,81.14,7.5,0.2,33600,21,NA,NA,"MDmain",27.3
"CB4.3C",2026-08-25,0.5,80.24,8,6.8,24700,15,NA,"1.6","MDmain",26.8
"CB4.3C",2026-08-25,1,80.24,8,6.8,24700,15,NA,NA,"MDmain",26.8
"CB4.3C",2026-08-25,2,80.24,8,6.8,24700,15,NA,NA,"MDmain",26.8
"CB4.3C",2026-08-25,3,80.24,8,6.7,24800,15,NA,NA,"MDmain",26.8
"CB4.3C",2026-08-25,4,80.24,8,6.7,24800,15,NA,NA,"MDmain",26.8
"CB4.3C",2026-08-25,5,80.24,8,6.7,24800,15,NA,NA,"MDmain",26.8
"CB4.3C",2026-08-25,6,80.24,8,6.7,24800,15.1,NA,NA,"MDmain",26.8
"CB4.3C",2026-08-25,7,80.42,8,6.6,25000,15.2,NA,NA,"MDmain",26.9
"CB4.3C",2026-08-25,8,80.42,8,6.5,25100,15.2,NA,NA,"MDmain",26.9
"CB4.3C",2026-08-25,9,80.96,7.8,5,25900,15.8,NA,NA,"MDmain",27.2
"CB4.3C",2026-08-25,10,81.32,7.6,2.4,29700,18.3,NA,NA,"MDmain",27.4
"CB4.3C",2026-08-25,11,81.5,7.5,1.7,30300,18.7,NA,NA,"MDmain",27.5
"CB4.3C",2026-08-25,12,81.5,7.5,0.7,31900,19.8,NA,NA,"MDmain",27.5
"CB4.3C",2026-08-25,13,81.32,7.5,0.4,32500,20.2,NA,NA,"MDmain",27.4
"CB4.3C",2026-08-25,14,81.5,7.5,0.3,33100,20.6,NA,NA,"MDmain",27.5
"CB4.3C",2026-08-25,15,81.5,7.5,0.3,33400,20.9,NA,NA,"MDmain",27.5
"CB4.3C",2026-08-25,16,81.68,7.5,0.3,34300,21.5,NA,NA,"MDmain",27.6
"CB4.3C",2026-08-25,17,81.68,7.5,0.2,34400,21.5,NA,NA,"MDmain",27.6
"CB4.3C",2026-08-25,19,81.68,7.5,0.3,34700,21.7,NA,NA,"MDmain",27.6
"CB4.3C",2026-08-25,21,81.68,7.5,0.3,34800,21.8,NA,NA,"MDmain",27.6
"CB4.3C",2026-08-25,23,81.68,7.5,0.3,34900,21.9,NA,NA,"MDmain",27.6
"CB4.3C",2026-08-25,25,81.68,7.5,0.3,34900,21.9,NA,NA,"MDmain",27.6
"CB4.3C",2026-08-25,26,81.68,7.5,0.3,34900,21.9,NA,NA,"MDmain",27.6
"CB4.3W",2026-08-25,0.5,80.42,8.1,7.5,24000,14.5,NA,"1.4","MDmain",26.9
"CB4.3W",2026-08-25,1,80.42,8.1,7.5,24100,14.6,NA,NA,"MDmain",26.9
"CB4.3W",2026-08-25,2,80.42,8.1,7.4,24100,14.6,NA,NA,"MDmain",26.9
"CB4.3W",2026-08-25,3,80.24,8,6.9,24100,14.6,NA,NA,"MDmain",26.8
"CB4.3W",2026-08-25,4,80.24,8,6.8,24100,14.6,NA,NA,"MDmain",26.8
"CB4.3W",2026-08-25,5,80.24,8,6.7,24100,14.6,NA,NA,"MDmain",26.8
"CB4.3W",2026-08-25,6,80.24,8,6.6,24100,14.6,NA,NA,"MDmain",26.8
"CB4.3W",2026-08-25,7,80.24,8,6.1,24100,14.6,NA,NA,"MDmain",26.8
"CB4.3W",2026-08-25,8,80.06,7.8,4.9,24200,14.6,NA,NA,"MDmain",26.7
"CB4.3W",2026-08-25,9,80.96,7.4,1.5,26400,16.1,NA,NA,"MDmain",27.2
"CB4.2W",2026-08-25,0.5,80.24,8.2,8.1,23500,14.2,NA,"1.5","MDmain",26.8
"CB4.2W",2026-08-25,1,80.06,8.2,8.2,23500,14.2,NA,NA,"MDmain",26.7
"CB4.2W",2026-08-25,2,79.88,8.1,7.7,23600,14.2,NA,NA,"MDmain",26.6
"CB4.2W",2026-08-25,3,79.88,8.1,7.3,23600,14.2,NA,NA,"MDmain",26.6
"CB4.2W",2026-08-25,4,80.06,8,7.1,23600,14.3,NA,NA,"MDmain",26.7
"CB4.2W",2026-08-25,5,80.06,8,7,23700,14.3,NA,NA,"MDmain",26.7
"CB4.2W",2026-08-25,6,80.06,8,7,23700,14.3,NA,NA,"MDmain",26.7
"CB4.2W",2026-08-25,7,80.06,8,6.9,23700,14.3,NA,NA,"MDmain",26.7
"CB4.2W",2026-08-25,8,80.06,8,6.7,23700,14.3,NA,NA,"MDmain",26.7
"CB4.2C",2026-08-25,0.5,80.78,8,7.1,24100,14.6,NA,"1.4","MDmain",27.1
"CB4.2C",2026-08-25,1,80.6,8,7.1,24100,14.6,NA,NA,"MDmain",27
"CB4.2C",2026-08-25,2,80.6,8,7.1,24100,14.6,NA,NA,"MDmain",27
"CB4.2C",2026-08-25,3,80.42,8,7,24100,14.6,NA,NA,"MDmain",26.9
"CB4.2C",2026-08-25,4,80.24,8,6.9,24100,14.6,NA,NA,"MDmain",26.8
"CB4.2C",2026-08-25,5,80.24,8,6.7,24200,14.6,NA,NA,"MDmain",26.8
"CB4.2C",2026-08-25,6,80.24,8,6.4,24400,14.8,NA,NA,"MDmain",26.8
"CB4.2C",2026-08-25,7,80.6,7.9,5.3,24900,15.1,NA,NA,"MDmain",27
"CB4.2C",2026-08-25,8,81.14,7.6,3.7,26200,15.9,NA,NA,"MDmain",27.3
"CB4.2C",2026-08-25,9,81.32,7.6,2.8,27700,17,NA,NA,"MDmain",27.4
"CB4.2C",2026-08-25,10,81.32,7.5,1.9,29100,17.9,NA,NA,"MDmain",27.4
"CB4.2C",2026-08-25,11,81.32,7.5,1.2,30100,18.6,NA,NA,"MDmain",27.4
"CB4.2C",2026-08-25,12,81.32,7.5,1,30500,18.9,NA,NA,"MDmain",27.4
"CB4.2C",2026-08-25,13,81.32,7.4,0.7,31200,19.3,NA,NA,"MDmain",27.4
"CB4.2C",2026-08-25,14,81.32,7.5,0.6,31400,19.5,NA,NA,"MDmain",27.4
"CB4.2C",2026-08-25,15,81.32,7.5,0.6,31900,19.8,NA,NA,"MDmain",27.4
"CB4.2C",2026-08-25,16,81.32,7.5,0.4,32500,20.2,NA,NA,"MDmain",27.4
"CB4.2C",2026-08-25,17,81.14,7.5,0.1,33300,20.8,NA,NA,"MDmain",27.3
"CB4.2C",2026-08-25,18,81.14,7.5,0.1,33500,20.9,NA,NA,"MDmain",27.3
"CB4.2C",2026-08-25,19,81.14,7.5,0.1,33500,21,NA,NA,"MDmain",27.3
"CB4.2C",2026-08-25,21,81.14,7.5,0.1,33600,21,NA,NA,"MDmain",27.3
"CB4.2C",2026-08-25,23,81.14,7.5,0.1,33600,21,NA,NA,"MDmain",27.3
"CB4.2C",2026-08-25,25,81.14,7.5,0.2,33600,21,NA,NA,"MDmain",27.3
"CB4.2C",2026-08-25,26,81.14,7.5,0.2,33600,21,NA,NA,"MDmain",27.3
"CB4.2E",2026-08-25,0.5,80.78,8,7,24000,14.5,NA,"1.4","MDmain",27.1
"CB4.2E",2026-08-25,1,80.78,8,7,24100,14.6,NA,NA,"MDmain",27.1
"CB4.2E",2026-08-25,2,80.42,8,6.7,24200,14.7,NA,NA,"MDmain",26.9
"CB4.2E",2026-08-25,3,80.24,8,6.6,24300,14.7,NA,NA,"MDmain",26.8
"CB4.2E",2026-08-25,4,80.42,7.9,6.1,24400,14.8,NA,NA,"MDmain",26.9
"CB4.2E",2026-08-25,5,81.14,7.6,3.6,26100,15.9,NA,NA,"MDmain",27.3
"CB4.2E",2026-08-25,6,80.96,7.7,3.9,26900,16.4,NA,NA,"MDmain",27.2
"CB4.2E",2026-08-25,7,81.32,7.5,2.1,28400,17.4,NA,NA,"MDmain",27.4
"CB4.2E",2026-08-25,8,81.32,7.5,2,28700,17.6,NA,NA,"MDmain",27.4
"CB4.1E",2026-08-25,0.5,80.06,7.9,6.5,24000,14.5,NA,"1.2","MDmain",26.7
"CB4.1E",2026-08-25,1,79.88,7.9,6.4,24000,14.5,NA,NA,"MDmain",26.6
"CB4.1E",2026-08-25,2,80.06,7.9,6.3,24100,14.6,NA,NA,"MDmain",26.7
"CB4.1E",2026-08-25,3,80.06,7.9,6.2,24100,14.6,NA,NA,"MDmain",26.7
"CB4.1E",2026-08-25,4,79.88,7.8,5.4,24400,14.8,NA,NA,"MDmain",26.6
"CB4.1E",2026-08-25,5,80.06,7.8,5.3,24700,15,NA,NA,"MDmain",26.7
"CB4.1E",2026-08-25,6,80.06,7.8,5.3,24700,15,NA,NA,"MDmain",26.7
"CB4.1E",2026-08-25,7,80.24,7.7,4.5,24900,15.1,NA,NA,"MDmain",26.8
"CB4.1E",2026-08-25,8,80.78,7.4,1.8,26700,16.3,NA,NA,"MDmain",27.1
"CB4.1E",2026-08-25,9,80.96,7.4,1.4,27100,16.6,NA,NA,"MDmain",27.2
"CB4.1E",2026-08-25,10,80.96,7.4,0.9,28000,17.2,NA,NA,"MDmain",27.2
"CB4.1E",2026-08-25,11,80.96,7.4,0.5,29200,18,NA,NA,"MDmain",27.2
"CB4.1E",2026-08-25,12,80.96,7.4,0.2,30000,18.6,NA,NA,"MDmain",27.2
"CB4.1E",2026-08-25,13,80.96,7.4,0.1,30300,18.8,NA,NA,"MDmain",27.2
"CB4.1E",2026-08-25,15,80.96,7.4,0.1,30800,19,NA,NA,"MDmain",27.2
"CB4.1E",2026-08-25,17,80.96,7.4,0.1,30800,19.1,NA,NA,"MDmain",27.2
"CB4.1E",2026-08-25,19,80.96,7.4,0.1,31100,19.2,NA,NA,"MDmain",27.2
"CB4.1E",2026-08-25,21,80.96,7.4,0.1,31100,19.2,NA,NA,"MDmain",27.2
"CB4.1E",2026-08-25,23,80.96,7.4,0.1,31100,19.3,NA,NA,"MDmain",27.2
"CB4.1C",2026-08-25,0.5,80.06,7.8,5.8,23400,14.2,NA,"1.1","MDmain",26.7
"CB4.1C",2026-08-25,1,79.88,7.8,5.2,23400,14.1,NA,NA,"MDmain",26.6
"CB4.1C",2026-08-25,2,80.42,7.6,3.4,24600,14.9,NA,NA,"MDmain",26.9
"CB4.1C",2026-08-25,3,80.96,7.4,2.2,25900,15.8,NA,NA,"MDmain",27.2
"CB4.1C",2026-08-25,4,81.14,7.3,0.8,27100,16.6,NA,NA,"MDmain",27.3
"CB4.1C",2026-08-25,5,81.14,7.3,0.6,27500,16.8,NA,NA,"MDmain",27.3
"CB4.1C",2026-08-25,6,80.96,7.3,0.6,27700,17,NA,NA,"MDmain",27.2
"CB4.1C",2026-08-25,7,81.14,7.3,0.4,28700,17.6,NA,NA,"MDmain",27.3
"CB4.1C",2026-08-25,8,80.96,7.3,0.5,28800,17.7,NA,NA,"MDmain",27.2
"CB4.1C",2026-08-25,9,80.96,7.3,0.5,28800,17.7,NA,NA,"MDmain",27.2
"CB4.1C",2026-08-25,10,80.96,7.4,0.5,28900,17.7,NA,NA,"MDmain",27.2
"CB4.1C",2026-08-25,11,80.96,7.4,0.4,29000,17.9,NA,NA,"MDmain",27.2
"CB4.1C",2026-08-25,12,80.96,7.4,0.1,30900,19.1,NA,NA,"MDmain",27.2
"CB4.1C",2026-08-25,13,80.96,7.4,0.1,31000,19.2,NA,NA,"MDmain",27.2
"CB4.1C",2026-08-25,14,80.96,7.4,0.1,31000,19.2,NA,NA,"MDmain",27.2
"CB4.1C",2026-08-25,15,80.96,7.4,0.1,31100,19.3,NA,NA,"MDmain",27.2
"CB4.1C",2026-08-25,16,80.96,7.4,0.1,32300,20.1,NA,NA,"MDmain",27.2
"CB4.1C",2026-08-25,17,80.96,7.4,0.1,32400,20.2,NA,NA,"MDmain",27.2
"CB4.1C",2026-08-25,19,80.96,7.4,0.1,32600,20.3,NA,NA,"MDmain",27.2
"CB4.1C",2026-08-25,21,80.96,7.4,0.1,33000,20.5,NA,NA,"MDmain",27.2
"CB4.1C",2026-08-25,23,80.96,7.4,0.1,33000,20.6,NA,NA,"MDmain",27.2
"CB4.1C",2026-08-25,25,80.96,7.5,0.1,33100,20.7,NA,NA,"MDmain",27.2
"CB4.1C",2026-08-25,27,80.78,7.5,0.1,33200,20.7,NA,NA,"MDmain",27.1
"CB4.1C",2026-08-25,29,80.78,7.5,0.1,33300,20.8,NA,NA,"MDmain",27.1
"CB4.1C",2026-08-25,31,80.78,7.5,0.1,33300,20.8,NA,NA,"MDmain",27.1
"CB4.1W",2026-08-25,0.5,79.7,8,7.1,21700,13,NA,"1","MDmain",26.5
"CB4.1W",2026-08-25,1,79.52,8.1,7,21700,13,NA,NA,"MDmain",26.4
"CB4.1W",2026-08-25,2,79.52,8.1,7,21700,13,NA,NA,"MDmain",26.4
"CB4.1W",2026-08-25,3,79.52,8.1,7,21700,13,NA,NA,"MDmain",26.4
"CB4.1W",2026-08-25,4,79.52,8.1,7,21800,13.1,NA,NA,"MDmain",26.4
"CB4.1W",2026-08-25,5,79.52,8.1,7.1,21800,13.1,NA,NA,"MDmain",26.4
"CB4.1W",2026-08-25,6,79.52,8.1,7.1,21800,13.1,NA,NA,"MDmain",26.4
"CB4.1W",2026-08-25,7,79.52,8.1,7,21800,13.1,NA,NA,"MDmain",26.4
"CB4.1W",2026-08-25,8,79.52,8.1,6.7,22000,13.2,NA,NA,"MDmain",26.4
"CB3.3E",2026-08-25,0.5,79.7,8.4,9.7,16600,9.7,NA,"0.6","MDmain",26.5
"CB3.3E",2026-08-25,1,79.7,8.4,10,16000,9.3,NA,NA,"MDmain",26.5
"CB3.3E",2026-08-25,2,79.16,8.5,10.6,16400,9.6,NA,NA,"MDmain",26.2
"CB3.3E",2026-08-25,3,79.34,7.8,5.7,20600,12.3,NA,NA,"MDmain",26.3
"CB3.3E",2026-08-25,4,79.52,7.8,4.9,21200,12.7,NA,NA,"MDmain",26.4
"CB3.3E",2026-08-25,5,80.06,7.5,3.1,22900,13.8,NA,NA,"MDmain",26.7
"CB3.3E",2026-08-25,6,80.24,7.5,2.4,23900,14.5,NA,NA,"MDmain",26.8
"CB3.3E",2026-08-25,7,80.42,7.4,1.8,24900,15.1,NA,NA,"MDmain",26.9
"CB3.3C",2026-08-25,0.5,78.98,8.1,7.4,18400,10.9,NA,"1","MDmain",26.1
"CB3.3C",2026-08-25,1,78.98,8.1,7.7,18300,10.9,NA,NA,"MDmain",26.1
"CB3.3C",2026-08-25,2,78.98,8.1,7.1,18400,10.9,NA,NA,"MDmain",26.1
"CB3.3C",2026-08-25,3,78.8,8,6.9,18900,11.2,NA,NA,"MDmain",26
"CB3.3C",2026-08-25,4,78.98,8,6.4,18900,11.2,NA,NA,"MDmain",26.1
"CB3.3C",2026-08-25,5,79.7,7.7,4.3,21200,12.7,NA,NA,"MDmain",26.5
"CB3.3C",2026-08-25,6,80.24,7.5,2.6,22800,13.7,NA,NA,"MDmain",26.8
"CB3.3C",2026-08-25,7,80.42,7.4,1.3,25000,15.2,NA,NA,"MDmain",26.9
"CB3.3C",2026-08-25,8,80.6,7.3,0.2,28400,17.5,NA,NA,"MDmain",27
"CB3.3C",2026-08-25,9,80.6,7.3,0.1,28800,17.7,NA,NA,"MDmain",27
"CB3.3C",2026-08-25,10,80.6,7.4,0.1,29900,18.5,NA,NA,"MDmain",27
"CB3.3C",2026-08-25,11,80.6,7.4,0.1,30100,18.6,NA,NA,"MDmain",27
"CB3.3C",2026-08-25,12,80.6,7.4,0.1,30300,18.7,NA,NA,"MDmain",27
"CB3.3C",2026-08-25,13,80.6,7.4,0.1,30500,18.9,NA,NA,"MDmain",27
"CB3.3C",2026-08-25,15,80.6,7.4,0.1,30900,19.1,NA,NA,"MDmain",27
"CB3.3C",2026-08-25,17,80.6,7.4,0.1,31300,19.4,NA,NA,"MDmain",27
"CB3.3C",2026-08-25,19,80.6,7.4,0.1,31500,19.6,NA,NA,"MDmain",27
"CB3.3C",2026-08-25,21,80.6,7.4,0.1,31700,19.7,NA,NA,"MDmain",27
"CB3.3C",2026-08-25,23,80.6,7.4,0.1,31800,19.7,NA,NA,"MDmain",27
"CB3.3C",2026-08-25,24,80.6,7.4,0.1,31900,19.9,NA,NA,"MDmain",27
"CB3.3W",2026-08-25,0.5,79.34,8.3,8.8,16800,9.8,NA,"0.8","MDmain",26.3
"CB3.3W",2026-08-25,1,79.16,8.3,9.1,16600,9.8,NA,NA,"MDmain",26.2
"CB3.3W",2026-08-25,2,79.16,8.3,8.9,16500,9.7,NA,NA,"MDmain",26.2
"CB3.3W",2026-08-25,3,79.34,8.3,8.7,16600,9.8,NA,NA,"MDmain",26.3
"CB3.3W",2026-08-25,4,79.34,8.1,7.5,18600,11,NA,NA,"MDmain",26.3
"CB3.3W",2026-08-25,5,79.34,8.1,6.9,19100,11.3,NA,NA,"MDmain",26.3
"CB3.3W",2026-08-25,6,79.7,7.8,6,20100,11.9,NA,NA,"MDmain",26.5
"CB3.3W",2026-08-25,7,79.88,7.6,3,24400,14.8,NA,NA,"MDmain",26.6
"CB3.3W",2026-08-25,8,80.06,7.5,2.1,26000,15.9,NA,NA,"MDmain",26.7
"CB3.2",2026-08-26,0.5,78.8,7.9,7,13300,7.9,NA,"0.8","MDmain",26
"CB3.2",2026-08-26,1,78.26,8.2,8,13900,8,NA,NA,"MDmain",25.7
"CB3.2",2026-08-26,2,78.98,7.8,5.7,16000,9.4,NA,NA,"MDmain",26.1
"CB3.2",2026-08-26,3,79.88,7.4,2.9,19800,11.8,NA,NA,"MDmain",26.6
"CB3.2",2026-08-26,4,79.88,7.4,2.6,20300,12.1,NA,NA,"MDmain",26.6
"CB3.2",2026-08-26,5,79.88,7.4,2.6,20700,12.4,NA,NA,"MDmain",26.6
"CB3.2",2026-08-26,6,80.24,7.2,0.9,23900,14.5,NA,NA,"MDmain",26.8
"CB3.2",2026-08-26,7,80.24,7.2,0.8,24100,14.6,NA,NA,"MDmain",26.8
"CB3.2",2026-08-26,8,80.24,7.2,0.5,24900,15.1,NA,NA,"MDmain",26.8
"CB3.2",2026-08-26,9,80.24,7.2,0.4,25200,15.3,NA,NA,"MDmain",26.8
"CB3.2",2026-08-26,10,80.24,7.2,0.4,25500,15.5,NA,NA,"MDmain",26.8
"CB3.2",2026-08-26,11,80.24,7.2,0.6,25500,15.5,NA,NA,"MDmain",26.8
"CB3.1",2026-08-26,0.5,79.34,7.7,6,14600,8.5,NA,NA,"MDmain",26.3
"CB3.1",2026-08-26,1,79.34,7.7,5.8,14600,8.5,NA,NA,"MDmain",26.3
"CB3.1",2026-08-26,2,79.52,7.6,5,15400,9,NA,NA,"MDmain",26.4
"CB3.1",2026-08-26,3,79.52,7.6,4.6,15700,9.1,NA,NA,"MDmain",26.4
"CB3.1",2026-08-26,4,79.52,7.5,4.3,16400,9.6,NA,NA,"MDmain",26.4
"CB3.1",2026-08-26,5,79.52,7.5,4.1,16600,9.7,NA,NA,"MDmain",26.4
"CB3.1",2026-08-26,6,79.7,7.6,4.3,18200,10.7,NA,NA,"MDmain",26.5
"CB3.1",2026-08-26,7,79.88,7.5,3.7,18800,11.1,NA,NA,"MDmain",26.6
"CB3.1",2026-08-26,8,79.88,7.4,2.3,20100,11.9,NA,NA,"MDmain",26.6
"CB3.1",2026-08-26,9,80.06,7.3,1.7,21100,12.6,NA,NA,"MDmain",26.7
"CB3.1",2026-08-26,10,80.06,7.2,0.9,22500,13.6,NA,NA,"MDmain",26.7
"CB3.1",2026-08-26,11,80.06,7.2,0.7,23000,13.8,NA,NA,"MDmain",26.7
"CB3.1",2026-08-26,12,80.06,7.2,0.6,23100,13.9,NA,NA,"MDmain",26.7
"CB3.1",2026-08-26,13,80.06,7.2,0.7,23200,14,NA,NA,"MDmain",26.7
"CB2.2",2026-08-26,0.5,79.7,8.2,8.6,8600,4.8,NA,"0.8","MDmain",26.5
"CB2.2",2026-08-26,1,79.7,8.2,8.7,8500,4.6,NA,NA,"MDmain",26.5
"CB2.2",2026-08-26,2,79.7,8.3,8.7,8500,4.7,NA,NA,"MDmain",26.5
"CB2.2",2026-08-26,3,79.7,8.2,8.4,8600,4.8,NA,NA,"MDmain",26.5
"CB2.2",2026-08-26,4,79.7,8,7.6,10100,5.7,NA,NA,"MDmain",26.5
"CB2.2",2026-08-26,5,79.88,7.6,5,12100,6.7,NA,NA,"MDmain",26.6
"CB2.2",2026-08-26,6,80.06,7.3,2.6,16600,9.7,NA,NA,"MDmain",26.7
"CB2.2",2026-08-26,7,80.06,7.2,2.3,17000,10,NA,NA,"MDmain",26.7
"CB2.2",2026-08-26,8,80.06,7.2,2.3,17200,10.1,NA,NA,"MDmain",26.7
"CB2.2",2026-08-26,9,80.06,7.2,2.3,17300,10.2,NA,NA,"MDmain",26.7
"CB2.2",2026-08-26,10,80.06,7.3,2.4,17400,10.21,NA,NA,"MDmain",26.7
"CB2.1",2026-08-26,0.5,79.52,8.1,7.6,3000,1.5,NA,"1","MDmain",26.4
"CB2.1",2026-08-26,1,79.34,8.1,7.5,2900,1.5,NA,NA,"MDmain",26.3
"CB2.1",2026-08-26,2,79.52,7.9,6.8,3400,1.7,NA,NA,"MDmain",26.4
"CB2.1",2026-08-26,3,79.88,7.8,6.3,4200,2.3,NA,NA,"MDmain",26.6
"CB2.1",2026-08-26,4,79.88,7.8,6.2,4400,2.4,NA,NA,"MDmain",26.6
"CB2.1",2026-08-26,5,79.88,7.8,6.1,4500,2.4,NA,NA,"MDmain",26.6
"CB2.1",2026-08-26,6,79.88,7.8,6,4600,2.4,NA,NA,"MDmain",26.6
"CB1.1",2026-08-26,0.5,82.4,8,8.4,275,0.1,NA,"1.6","MDmain",28
"CB1.1",2026-08-26,1,82.22,8,8.4,275,0.1,NA,NA,"MDmain",27.9
"CB1.1",2026-08-26,2,82.22,8,8.4,275,0.1,NA,NA,"MDmain",27.9
"CB1.1",2026-08-26,3,82.04,8,8.3,275,0.1,NA,NA,"MDmain",27.8
"CB1.1",2026-08-26,4,82.04,8,8.2,275,0.1,NA,NA,"MDmain",27.8
"CB1.1",2026-08-26,5,81.86,8.1,8.2,275,0.1,NA,NA,"MDmain",27.7
"CB5.1W",2026-08-06,0.5,81.32,7.9,6.6,27200,16.6,NA,"2.2","MDothers",27.4
"CB5.1W",2026-08-06,1,81.32,7.9,6.6,27200,16.6,NA,NA,"MDothers",27.4
"CB5.1W",2026-08-06,2,81.32,7.9,6.6,27200,16.6,NA,NA,"MDothers",27.4
"CB5.1W",2026-08-06,3,81.32,7.9,6.5,27200,16.7,NA,NA,"MDothers",27.4
"CB5.1W",2026-08-06,6,81.32,7.8,5.7,27500,16.9,NA,NA,"MDothers",27.4
"CB5.1W",2026-08-06,9,80.6,7.5,3.3,28300,17.4,NA,NA,"MDothers",27
"LE1.4",2026-08-06,0.5,81.5,7.9,6.7,26600,16.2,NA,"1.8","MDothers",27.5
"LE1.4",2026-08-06,1,81.5,7.9,6.7,26600,16.2,NA,NA,"MDothers",27.5
"LE1.4",2026-08-06,2,81.5,7.9,6.7,26600,16.2,NA,NA,"MDothers",27.5
"LE1.4",2026-08-06,3,81.32,7.9,6.6,26600,16.3,NA,NA,"MDothers",27.4
"LE1.4",2026-08-06,6,81.32,7.9,6.3,26700,16.3,NA,NA,"MDothers",27.4
"LE1.4",2026-08-06,9,81.32,7.9,6.1,26900,16.5,NA,NA,"MDothers",27.4
"LE1.4",2026-08-06,12,81.14,7.8,5.9,27600,16.7,NA,NA,"MDothers",27.3
"LE1.4",2026-08-06,15,80.78,7.6,3,27500,16.8,NA,NA,"MDothers",27.1
"LE1.3",2026-08-06,0.5,81.68,7.7,5.2,26300,16,NA,"1.8","MDothers",27.6
"LE1.3",2026-08-06,1,81.68,7.7,5,26300,16,NA,NA,"MDothers",27.6
"LE1.3",2026-08-06,2,81.5,7.7,4.8,26400,16.1,NA,NA,"MDothers",27.5
"LE1.3",2026-08-06,3,81.5,7.7,4.5,26500,16.2,NA,NA,"MDothers",27.5
"LE1.3",2026-08-06,6,81.5,7.6,4.4,26500,16.2,NA,NA,"MDothers",27.5
"LE1.3",2026-08-06,9,81.5,7.6,4.3,26600,16.2,NA,NA,"MDothers",27.5
"LE1.3",2026-08-06,12,81.5,7.6,4.3,26600,16.3,NA,NA,"MDothers",27.5
"LE1.3",2026-08-06,15,81.5,7.6,4.2,26600,16.3,NA,NA,"MDothers",27.5
"LE1.3",2026-08-06,18,81.5,7.6,4.2,26700,16.3,NA,NA,"MDothers",27.5
"LE1.3",2026-08-06,21,81.5,7.6,4.2,26700,16.3,NA,NA,"MDothers",27.5
"LE1.3",2026-08-06,23,81.5,7.6,4.1,26700,16.3,NA,NA,"MDothers",27.5
"LE1.2",2026-08-06,0.5,82.4,8,7.5,24700,15,NA,"1.5","MDothers",28
"LE1.2",2026-08-06,1,82.4,8,7.5,24700,15,NA,NA,"MDothers",28
"LE1.2",2026-08-06,2,82.4,8,7.4,24700,15,NA,NA,"MDothers",28
"LE1.2",2026-08-06,3,82.22,7.9,7.2,24800,15.1,NA,NA,"MDothers",27.9
"LE1.2",2026-08-06,6,81.5,7.5,3.7,25700,15.6,NA,NA,"MDothers",27.5
"LE1.2",2026-08-06,9,81.32,7.4,3.1,26300,16,NA,NA,"MDothers",27.4
"LE1.2",2026-08-06,12,81.32,7.4,3,26600,16.2,NA,NA,"MDothers",27.4
"LE1.2",2026-08-06,15,81.14,7.4,2.8,26600,16.3,NA,NA,"MDothers",27.3
"LE1.2",2026-08-06,16,81.14,7.4,2.7,26700,16.3,NA,NA,"MDothers",27.3
"LE1.1",2026-08-06,0.5,82.58,7.9,7.4,23200,14,NA,"0.9","MDothers",28.1
"LE1.1",2026-08-06,1,82.58,7.9,7.3,23200,14,NA,NA,"MDothers",28.1
"LE1.1",2026-08-06,2,82.4,7.9,7.1,23300,14,NA,NA,"MDothers",28
"LE1.1",2026-08-06,3,82.04,7.8,6.5,23400,14.1,NA,NA,"MDothers",27.8
"LE1.1",2026-08-06,6,81.32,7.4,2.7,25100,15.3,NA,NA,"MDothers",27.4
"LE1.1",2026-08-06,9,81.14,7.3,2,25800,15.8,NA,NA,"MDothers",27.3
"LE1.1",2026-08-06,11,80.96,7.3,1.7,26200,16,NA,NA,"MDothers",27.2
"RET1.1",2026-08-06,0.5,83.48,7.8,6.9,20700,12.3,NA,"0.4","MDothers",28.6
"RET1.1",2026-08-06,1,83.3,7.8,6.8,20700,12.3,NA,NA,"MDothers",28.5
"RET1.1",2026-08-06,2,82.76,7.7,6.5,20800,12.4,NA,NA,"MDothers",28.2
"RET1.1",2026-08-06,3,82.76,7.6,6,21200,12.6,NA,NA,"MDothers",28.2
"RET1.1",2026-08-06,6,82.04,7.4,4,22900,13.8,NA,NA,"MDothers",27.8
"RET1.1",2026-08-06,9,81.68,7.3,2.8,23700,14.3,NA,NA,"MDothers",27.6
"RET1.1",2026-08-06,11,81.5,7.3,2.6,23700,14.3,NA,NA,"MDothers",27.5
"TF1.7",2026-08-06,0.5,84.2,7.8,8,14400,8.3,NA,"0.3","MDothers",29
"TF1.7",2026-08-06,1,84.2,7.8,7.9,14400,8.3,NA,NA,"MDothers",29
"TF1.7",2026-08-06,2,83.48,7.6,6.2,16000,9.3,NA,NA,"MDothers",28.6
"TF1.6",2026-08-06,0.5,84.2,7.4,6.7,4540,2.4,NA,"0.3","MDothers",29
"TF1.6",2026-08-06,1,83.66,7.4,6.1,4910,2.6,NA,NA,"MDothers",28.7
"TF1.6",2026-08-06,2,83.12,7.3,5.2,5180,2.8,NA,NA,"MDothers",28.4
"TF1.6",2026-08-06,3,83.12,7.3,5.2,5500,3,NA,NA,"MDothers",28.4
"TF1.6",2026-08-06,6,83.12,7.3,5.2,5700,3.1,NA,NA,"MDothers",28.4
"TF1.5",2026-08-06,0.5,83.66,7.4,6.9,2040,1,NA,"0.3","MDothers",28.7
"TF1.5",2026-08-06,1,83.48,7.4,6.8,2040,1,NA,NA,"MDothers",28.6
"TF1.5",2026-08-06,2,83.48,7.4,6.6,2040,1,NA,NA,"MDothers",28.6
"TF1.5",2026-08-06,3,83.12,7.3,6.3,2090,1.1,NA,NA,"MDothers",28.4
"TF1.5",2026-08-06,6,83.12,7.3,6.1,2110,1.1,NA,NA,"MDothers",28.4
"TF1.5",2026-08-06,9,83.12,7.3,6,2120,1.1,NA,NA,"MDothers",28.4
"TF1.4",2026-08-06,0,80.78,7,4.8,287,0.1,NA,"0.1","MDothers",27.1
"TF1.3",2026-08-06,0,80.6,7.1,5.3,308,0.1,NA,"0.3","MDothers",27
"TF1.2",2026-08-06,0,78.26,7,6.2,259,0.1,NA,NA,"MDothers",25.7
"TF1.0",2026-08-06,0,77.72,7.3,6.7,325,0.1,NA,NA,"MDothers",25.4
"WXT0001",2026-08-06,0,79.7,6.9,4.7,278,0.1,NA,"0.2","MDothers",26.5
"RET2.4",2026-08-10,0.5,84.2,7.6,5.2,16100,9.4,NA,"0.4","MDothers",29
"RET2.4",2026-08-10,1,84.02,7.6,4.9,16200,9.4,NA,NA,"MDothers",28.9
"RET2.4",2026-08-10,2,83.84,7.5,4.7,16700,9.8,NA,NA,"MDothers",28.8
"RET2.4",2026-08-10,3,83.84,7.5,4.7,16400,9.6,NA,NA,"MDothers",28.8
"RET2.4",2026-08-10,5,83.48,7.4,4,17100,10,NA,NA,"MDothers",28.6
"RET2.4",2026-08-10,7,82.94,7.3,2.6,19400,11.5,NA,NA,"MDothers",28.3
"RET2.4",2026-08-10,9,82.94,7.3,2.5,19600,11.6,NA,NA,"MDothers",28.3
"RET2.4",2026-08-10,11,82.76,7.3,2.1,20700,12.3,NA,NA,"MDothers",28.2
"RET2.4",2026-08-10,13,82.58,7.3,1.8,21000,12.5,NA,NA,"MDothers",28.1
"RET2.4",2026-08-10,15,82.4,7.2,1.7,21100,12.6,NA,NA,"MDothers",28
"RET2.2",2026-08-10,0.5,84.56,7.8,6.8,9220,5.1,NA,"0.4","MDothers",29.2
"RET2.2",2026-08-10,2.3,84.38,7.7,6.6,9250,5.1,NA,NA,"MDothers",29.1
"RET2.2",2026-08-10,4.6,84.2,7.7,6.3,9470,5.3,NA,NA,"MDothers",29
"RET2.2",2026-08-10,6.9,84.02,7.6,6.1,9750,5.4,NA,NA,"MDothers",28.9
"RET2.2",2026-08-10,9.1,84.2,7.6,6,10100,5.6,NA,NA,"MDothers",29
"RET2.1",2026-08-10,0.5,85.28,8.1,8.3,3380,1.7,NA,"0.7","MDothers",29.6
"RET2.1",2026-08-10,4.6,84.56,7.7,6.7,5400,2.9,NA,NA,"MDothers",29.2
"RET2.1",2026-08-10,5.7,84.38,7.7,6.5,5500,2.9,NA,NA,"MDothers",29.1
"TF2.4",2026-08-10,0.5,86.18,7.8,7.3,1390,0.7,NA,"0.8","MDothers",30.1
"TF2.4",2026-08-10,4.6,84.56,7.6,6.4,1450,0.7,NA,NA,"MDothers",29.2
"TF2.4",2026-08-10,7.8,84.56,7.6,6.3,1490,0.7,NA,NA,"MDothers",29.2
"MAT0016",2026-08-10,0.5,87.8,7.6,5.9,883,0.4,NA,"1","MDothers",31
"MAT0016",2026-08-10,1,87.44,7.7,5.9,881,0.4,NA,NA,"MDothers",30.8
"MAT0016",2026-08-10,2,87.26,7.6,5.7,882,0.4,NA,NA,"MDothers",30.7
"MAT0016",2026-08-10,3,86.9,7.6,5.4,888,0.4,NA,NA,"MDothers",30.5
"MAT0016",2026-08-10,4,86.72,7.6,4.9,892,0.4,NA,NA,"MDothers",30.4
"MAT0016",2026-08-10,4.4,86.54,7.6,4.7,897,0.4,NA,NA,"MDothers",30.3
"TF2.3",2026-08-10,0.5,86.72,7.8,7.5,382,0.2,NA,"0.6","MDothers",30.4
"TF2.3",2026-08-10,2.3,85.64,7.6,6.6,379,0.2,NA,NA,"MDothers",29.8
"TF2.3",2026-08-10,4.6,85.46,7.6,6.4,378,0.2,NA,NA,"MDothers",29.7
"TF2.3",2026-08-10,6.9,85.46,7.6,6.4,378,0.2,NA,NA,"MDothers",29.7
"TF2.3",2026-08-10,9.1,85.46,7.6,6.3,379,0.2,NA,NA,"MDothers",29.7
"TF2.3",2026-08-10,12.7,85.46,7.6,6.2,379,0.2,NA,NA,"MDothers",29.7
"TF2.2",2026-08-10,0.5,85.82,7.6,6.4,358,0.2,NA,"0.6","MDothers",29.9
"TF2.2",2026-08-10,4.6,85.46,7.6,6,359,0.2,NA,NA,"MDothers",29.7
"TF2.2",2026-08-10,7.2,85.46,7.6,6,359,0.2,NA,NA,"MDothers",29.7
"TF2.1",2026-08-10,0.5,85.82,7.5,6.4,356,0.2,NA,"0.6","MDothers",29.9
"TF2.1",2026-08-10,4.6,85.46,7.5,6.1,356,0.2,NA,NA,"MDothers",29.7
"TF2.1",2026-08-10,9.1,85.28,7.5,5.8,356,0.2,NA,NA,"MDothers",29.6
"TF2.1",2026-08-10,13.7,85.1,7.5,5.7,356,0.2,NA,NA,"MDothers",29.5
"TF2.1",2026-08-10,16.7,85.1,7.5,5.6,356,0.2,NA,NA,"MDothers",29.5
"XFB1986",2026-08-10,0.5,87.26,8.4,8.4,309,0.2,NA,"0.6","MDothers",30.7
"PIS0033",2026-08-10,0,79.16,7,5.9,291,0.1,NA,NA,"MDothers",26.2
"MAT0078",2026-08-10,0,80.06,6.9,5.3,215,0.1,NA,NA,"MDothers",26.7
"WT1.1",2026-08-13,0.5,83.3,8.2,8.2,3070,1.6,NA,"0.5","MDothers",28.5
"WT1.1",2026-08-13,1,83.3,8.2,8.1,3060,1.6,NA,NA,"MDothers",28.5
"WT1.1",2026-08-13,1.8,83.3,8.2,8,3090,1.6,NA,NA,"MDothers",28.5
"WT2.1",2026-08-13,0.5,82.94,7.5,6.9,5660,3,NA,"0.6","MDothers",28.3
"WT2.1",2026-08-13,1,82.94,7.5,6.8,5850,3.2,NA,NA,"MDothers",28.3
"WT2.1",2026-08-13,1.7,83.12,7.5,6.8,3402,3.4,NA,NA,"MDothers",28.4
"WT3.1",2026-08-13,0.5,83.84,7.8,7.1,8950,5,NA,"0.5","MDothers",28.8
"WT3.1",2026-08-13,1,83.84,7.8,7,9000,5,NA,NA,"MDothers",28.8
"WT3.1",2026-08-13,2,83.84,7.8,6.9,9200,5.1,NA,NA,"MDothers",28.8
"WT3.1",2026-08-13,2.7,83.84,7.8,6.9,9320,5.2,NA,NA,"MDothers",28.8
"WT4.1",2026-08-13,0.5,82.76,8.3,7.7,5480,2.9,NA,"0.4","MDothers",28.2
"WT4.1",2026-08-13,1,82.76,8.2,7.2,5600,3,NA,NA,"MDothers",28.2
"WT4.1",2026-08-13,1.3,82.76,7.9,6.7,7620,4.2,NA,NA,"MDothers",28.2
"WT5.1",2026-08-10,0.5,84.92,8.2,9.7,16800,9.8,NA,"0.7","MDothers",29.4
"WT5.1",2026-08-10,1,84.74,8.2,9.4,16800,9.8,NA,NA,"MDothers",29.3
"WT5.1",2026-08-10,2,84.02,8.2,8.2,16900,9.9,NA,NA,"MDothers",28.9
"WT5.1",2026-08-10,3,83.66,8,7.2,17000,9.9,NA,NA,"MDothers",28.7
"WT5.1",2026-08-10,4,83.3,7.9,6.4,17100,10,NA,NA,"MDothers",28.5
"WT5.1",2026-08-10,5,82.76,7.6,4,17400,10.3,NA,NA,"MDothers",28.2
"WT5.1",2026-08-10,6,82.04,7.3,2.2,18300,10.8,NA,NA,"MDothers",27.8
"WT5.1",2026-08-10,7,81.5,7.1,1.6,18800,11.1,NA,NA,"MDothers",27.5
"WT5.1",2026-08-10,8,81.32,7.1,1.4,19700,11.7,NA,NA,"MDothers",27.4
"WT5.1",2026-08-10,9,81.14,7.1,1.2,20600,12.3,NA,NA,"MDothers",27.3
"WT5.1",2026-08-10,10,80.96,7.1,1.1,21100,12.6,NA,NA,"MDothers",27.2
"WT5.1",2026-08-10,11,80.78,7.1,1,21500,12.8,NA,NA,"MDothers",27.1
"WT5.1",2026-08-10,12,80.78,7.1,0.9,21700,13,NA,NA,"MDothers",27.1
"WT5.1",2026-08-10,13,80.6,7.1,0.8,21900,13.2,NA,NA,"MDothers",27
"WT5.1",2026-08-10,14,80.6,7.1,0.8,22100,13.2,NA,NA,"MDothers",27
"WT5.1",2026-08-10,14.9,80.6,7.1,0.8,22200,13.3,NA,NA,"MDothers",27
"WT6.1",2026-08-11,0.5,83.48,8,6.8,18400,10.8,NA,"0.9","MDothers",28.6
"WT6.1",2026-08-11,1,83.48,8,6.7,18440,10.9,NA,NA,"MDothers",28.6
"WT6.1",2026-08-11,2,83.48,8,6.5,18500,10.9,NA,NA,"MDothers",28.6
"WT6.1",2026-08-11,3,83.3,7.9,5.8,18600,10.9,NA,NA,"MDothers",28.5
"WT6.1",2026-08-11,4,82.4,7.2,0.6,19000,11.3,NA,NA,"MDothers",28
"WT6.1",2026-08-11,5.1,81.14,7.1,0.4,19300,11.5,NA,NA,"MDothers",27.3
"WT7.1",2026-08-11,0.5,83.66,7.8,5.6,20400,12.1,NA,"0.8","MDothers",28.7
"WT7.1",2026-08-11,1,83.66,7.8,5.6,20400,12.1,NA,NA,"MDothers",28.7
"WT7.1",2026-08-11,2,83.66,7.7,5.5,20400,12.1,NA,NA,"MDothers",28.7
"WT7.1",2026-08-11,3,83.66,7.7,5.5,20500,12.2,NA,NA,"MDothers",28.7
"WT7.1",2026-08-11,4,83.66,7.7,5.4,20500,12.2,NA,NA,"MDothers",28.7
"WT7.1",2026-08-11,5,83.48,7.7,5.3,20500,12.2,NA,NA,"MDothers",28.6
"WT7.1",2026-08-11,6,83.48,7.7,5.1,20500,12.2,NA,NA,"MDothers",28.6
"WT7.1",2026-08-11,7,83.48,7.6,4.5,20700,12.3,NA,NA,"MDothers",28.6
"WT7.1",2026-08-11,8,83.3,7.3,2.1,21100,12.6,NA,NA,"MDothers",28.5
"WT7.1",2026-08-11,9,83.12,7.2,1.9,21200,12.6,NA,NA,"MDothers",28.4
"WT7.1",2026-08-11,10,83.12,7.2,1.8,21200,12.7,NA,NA,"MDothers",28.4
"WT7.1",2026-08-11,11,82.94,7.2,1.6,21200,12.7,NA,NA,"MDothers",28.3
"WT8.1",2026-08-11,0.5,83.66,7.5,4.1,20500,12.2,NA,"0.8","MDothers",28.7
"WT8.1",2026-08-11,1,84.02,7.4,3.4,20600,12.3,NA,NA,"MDothers",28.9
"WT8.1",2026-08-11,2,83.84,7.4,3.2,20700,12.3,NA,NA,"MDothers",28.8
"WT8.1",2026-08-11,3,83.84,7.5,3.2,20900,12.5,NA,NA,"MDothers",28.8
"WT8.1",2026-08-11,4,84.2,7.2,0.3,22000,13.2,NA,NA,"MDothers",29
"WT8.1",2026-08-11,5,84.02,7.2,0.3,22100,13.2,NA,NA,"MDothers",28.9
"WT8.1",2026-08-11,6,84.02,7.2,0.2,22100,13.2,NA,NA,"MDothers",28.9
"WT8.1",2026-08-11,7,84.02,7.2,0.2,22100,13.2,NA,NA,"MDothers",28.9
"WT8.1",2026-08-11,7.3,84.02,7.2,0.2,22100,13.2,NA,NA,"MDothers",28.9
"WT8.2",2026-08-11,0.5,85.1,7.6,4.6,22100,13.2,NA,"0.3","MDothers",29.5
"WT8.2",2026-08-11,1,85.1,7.6,4.3,22100,13.2,NA,NA,"MDothers",29.5
"WT8.2",2026-08-11,1.5,84.92,7.5,3.8,22200,13.3,NA,NA,"MDothers",29.4
"WT8.3",2026-08-11,0.5,83.84,7.4,3.6,22300,13.4,NA,NA,"MDothers",28.8
"WT8.3",2026-08-11,1,83.84,7.4,3.5,22400,13.4,NA,NA,"MDothers",28.8
"WT8.3",2026-08-11,2,83.66,7.4,3.4,22400,13.4,NA,NA,"MDothers",28.7
"WT8.3",2026-08-11,2.3,83.66,7.4,3.4,22400,13.4,NA,NA,"MDothers",28.7
"ET1.1",2026-08-13,0.5,84.02,8.6,8.3,315,0.2,NA,"0.5","MDothers",28.9
"ET1.1",2026-08-13,1,84.02,8.6,8.2,315,0.2,NA,NA,"MDothers",28.9
"ET1.1",2026-08-13,2,83.84,8.6,8.1,315,0.2,NA,NA,"MDothers",28.8
"ET1.1",2026-08-13,2.5,83.3,8.5,8,319,0.2,NA,NA,"MDothers",28.5
"ET2.1",2026-08-13,0.5,84.2,7.5,6.2,3600,1.9,NA,"0.3","MDothers",29
"ET2.1",2026-08-13,1,84.2,7.5,6.1,3600,1.9,NA,NA,"MDothers",29
"ET2.1",2026-08-13,2,84.2,7.5,6,3600,1.9,NA,NA,"MDothers",29
"ET2.1",2026-08-13,3,84.2,7.5,6,3600,1.9,NA,NA,"MDothers",29
"ET2.1",2026-08-13,4,84.2,7.5,5.9,3600,1.9,NA,NA,"MDothers",29
"ET2.1",2026-08-13,5,84.2,7.5,5.9,3600,1.9,NA,NA,"MDothers",29
"ET2.1",2026-08-13,6,84.2,7.5,5.9,3600,1.9,NA,NA,"MDothers",29
"ET2.1",2026-08-13,7,84.2,7.5,5.9,3730,2,NA,NA,"MDothers",29
"ET2.1",2026-08-13,8,84.2,7.5,5.9,3730,2,NA,NA,"MDothers",29
"ET2.1",2026-08-13,9,84.2,7.5,5.9,3730,2,NA,NA,"MDothers",29
"ET2.1",2026-08-13,10,84.2,7.5,5.9,3730,2,NA,NA,"MDothers",29
"ET2.1",2026-08-13,11,84.2,7.5,5.9,3730,2,NA,NA,"MDothers",29
"ET2.1",2026-08-13,12,84.2,7.5,5.9,3750,2,NA,NA,"MDothers",29
"ET2.1",2026-08-13,13,84.2,7.5,5.9,3740,2,NA,NA,"MDothers",29
"ET2.2",2026-08-13,0.5,84.56,8.2,8.2,2590,1.3,NA,"0.3","MDothers",29.2
"ET2.2",2026-08-13,1,84.56,8.2,8.2,2590,1.3,NA,NA,"MDothers",29.2
"ET2.2",2026-08-13,2,84.56,8.2,8.1,2590,1.3,NA,NA,"MDothers",29.2
"ET2.2",2026-08-13,2.8,84.56,8.2,7.9,2590,1.3,NA,NA,"MDothers",29.2
"ET2.3",2026-08-13,0.5,84.74,7.8,7.2,2020,1,NA,"0.5","MDothers",29.3
"ET2.3",2026-08-13,1,84.56,7.8,7.1,2020,1,NA,NA,"MDothers",29.2
"ET2.3",2026-08-13,2,84.38,7.7,6.8,2060,1,NA,NA,"MDothers",29.1
"ET2.3",2026-08-13,3,84.38,7.7,6.7,2100,1.1,NA,NA,"MDothers",29.1
"ET2.3",2026-08-13,4,84.38,7.7,6.7,2100,1.1,NA,NA,"MDothers",29.1
"ET2.3",2026-08-13,5,84.38,7.7,6.6,2130,1.1,NA,NA,"MDothers",29.1
"ET2.3",2026-08-13,6,84.38,7.7,6.6,2100,1.1,NA,NA,"MDothers",29.1
"ET2.3",2026-08-13,7,84.38,7.6,6.6,2220,1.1,NA,NA,"MDothers",29.1
"ET2.3",2026-08-13,8,84.38,7.6,6.6,2230,1.1,NA,NA,"MDothers",29.1
"ET2.3",2026-08-13,9,84.38,7.6,6.6,2240,1.2,NA,NA,"MDothers",29.1
"ET2.3",2026-08-13,10,84.38,7.6,6.6,2240,1.2,NA,NA,"MDothers",29.1
"ET2.3",2026-08-13,11,84.38,7.6,6.6,2340,1.2,NA,NA,"MDothers",29.1
"ET2.3",2026-08-13,12,84.38,7.6,6.6,2420,1.2,NA,NA,"MDothers",29.1
"ET2.3",2026-08-13,12.3,84.38,7.6,6.6,2420,1.2,NA,NA,"MDothers",29.1
"ET3.1",2026-08-13,0.5,86,7.6,6.5,2810,1.4,NA,"0.4","MDothers",30
"ET3.1",2026-08-13,1,86,7.6,6.5,2820,1.4,NA,NA,"MDothers",30
"ET3.1",2026-08-13,2,86,7.6,6.5,2830,1.5,NA,NA,"MDothers",30
"ET3.1",2026-08-13,3,86,7.6,6.5,2850,1.5,NA,NA,"MDothers",30
"ET3.1",2026-08-13,4,86,7.6,6.5,2890,1.5,NA,NA,"MDothers",30
"ET3.1",2026-08-13,5,86,7.6,6.5,2890,1.5,NA,NA,"MDothers",30
"ET3.1",2026-08-13,6,86,7.6,6.5,2890,1.5,NA,NA,"MDothers",30
"ET3.1",2026-08-13,6.7,86,7.5,6.4,2930,1.5,NA,NA,"MDothers",30
"ET4.1",2026-08-13,0.5,84.56,6.9,6.9,6600,3.6,NA,"0.3","MDothers",29.2
"ET4.1",2026-08-13,1,84.56,6.9,6.9,6600,3.6,NA,NA,"MDothers",29.2
"ET4.1",2026-08-13,2,84.56,6.9,7.1,6530,3.5,NA,NA,"MDothers",29.2
"ET4.1",2026-08-13,3,84.56,6.9,7.1,6530,3.5,NA,NA,"MDothers",29.2
"ET4.1",2026-08-13,4,84.56,6.9,6.9,6640,3.6,NA,NA,"MDothers",29.2
"ET4.1",2026-08-13,5,84.56,6.8,6.4,6700,3.6,NA,NA,"MDothers",29.2
"ET4.1",2026-08-13,6,84.56,6.8,6.1,6970,3.8,NA,NA,"MDothers",29.2
"ET4.1",2026-08-13,6.5,84.56,6.7,6,7070,3.8,NA,NA,"MDothers",29.2
"ET4.2",2026-08-11,0.5,83.3,7.8,6.7,21100,12.6,NA,"0.7","MDothers",28.5
"ET4.2",2026-08-11,1,83.48,7.8,6.7,21100,12.6,NA,NA,"MDothers",28.6
"ET4.2",2026-08-11,2,83.66,7.9,6.5,21100,12.6,NA,NA,"MDothers",28.7
"ET4.2",2026-08-11,3,83.66,7.8,6.2,21100,12.6,NA,NA,"MDothers",28.7
"ET4.2",2026-08-11,4,83.66,7.9,6.2,21100,12.6,NA,NA,"MDothers",28.7
"ET4.2",2026-08-11,5,83.66,7.9,6.2,21100,12.6,NA,NA,"MDothers",28.7
"ET4.2",2026-08-11,6,83.66,7.8,5.7,21100,12.6,NA,NA,"MDothers",28.7
"ET4.2",2026-08-11,7,83.84,7.7,5.5,21100,12.6,NA,NA,"MDothers",28.8
"ET4.2",2026-08-11,8,83.84,7.7,5.5,21100,12.6,NA,NA,"MDothers",28.8
"ET4.2",2026-08-11,9,83.84,7.7,5.5,21100,12.6,NA,NA,"MDothers",28.8
"ET4.2",2026-08-11,10,83.48,7.8,5.6,21100,12.6,NA,NA,"MDothers",28.6
"ET4.2",2026-08-11,11.1,83.48,7.8,5.6,21100,12.6,NA,NA,"MDothers",28.6
"ET5.1",2026-08-10,0.5,87.08,7,4.6,6700,3.6,NA,"0.3","MDothers",30.6
"ET5.1",2026-08-10,1,87.08,7,4.6,6740,3.6,NA,NA,"MDothers",30.6
"ET5.1",2026-08-10,2,87.08,7,4.6,6770,3.7,NA,NA,"MDothers",30.6
"ET5.1",2026-08-10,3,87.08,7,4.6,6810,3.7,NA,NA,"MDothers",30.6
"ET5.1",2026-08-10,4,87.08,7,4.5,6830,3.7,NA,NA,"MDothers",30.6
"ET5.1",2026-08-10,4.5,87.08,7,4.5,6830,3.7,NA,NA,"MDothers",30.6
"ET5.2",2026-08-10,0.5,84.92,7.6,6.7,21100,12.6,NA,"1","MDothers",29.4
"ET5.2",2026-08-10,1,84.92,7.6,6.6,21200,12.7,NA,NA,"MDothers",29.4
"ET5.2",2026-08-10,2,84.92,7.6,6.5,21500,12.8,NA,NA,"MDothers",29.4
"ET5.2",2026-08-10,3,84.74,7.6,6.4,21600,12.9,NA,NA,"MDothers",29.3
"ET5.2",2026-08-10,4,84.74,7.6,6.4,21700,13,NA,NA,"MDothers",29.3
"ET5.2",2026-08-10,5,84.74,7.6,6.3,21800,13,NA,NA,"MDothers",29.3
"ET5.2",2026-08-10,6,84.56,7.6,6,22100,13.2,NA,NA,"MDothers",29.2
"ET5.2",2026-08-10,7,84.56,7.5,5.8,22200,13.3,NA,NA,"MDothers",29.2
"ET5.2",2026-08-10,8,84.56,7.5,5.7,22200,13.3,NA,NA,"MDothers",29.2
"ET5.2",2026-08-10,9,84.56,7.5,5.6,22200,13.3,NA,NA,"MDothers",29.2
"ET5.2",2026-08-10,10,84.38,7.4,5.6,22300,13.3,NA,NA,"MDothers",29.1
"ET6.1",2026-08-12,0.5,85.46,6.9,5,2470,1.3,NA,"0.3","MDothers",29.7
"ET6.1",2026-08-12,1,85.46,6.9,4.9,2470,1.3,NA,NA,"MDothers",29.7
"ET6.1",2026-08-12,2,85.46,6.9,4.8,2480,1.3,NA,NA,"MDothers",29.7
"ET6.1",2026-08-12,3,85.46,6.9,5,2490,1.3,NA,NA,"MDothers",29.7
"ET6.1",2026-08-12,4.1,85.46,6.9,4.8,2510,1.3,NA,NA,"MDothers",29.7
"ET6.2",2026-08-12,0.5,86,7.5,6.2,20900,12.4,NA,"0.5","MDothers",30
"ET6.2",2026-08-12,1,85.28,7.4,5.4,20900,12.4,NA,NA,"MDothers",29.6
"ET6.2",2026-08-12,2,85.28,7.4,5.4,20900,12.4,NA,NA,"MDothers",29.6
"ET6.2",2026-08-12,3,85.1,7.4,5.4,21000,12.5,NA,NA,"MDothers",29.5
"ET6.2",2026-08-12,3.4,85.1,7.4,5.4,21100,12.5,NA,NA,"MDothers",29.5
"ET7.1",2026-08-12,0.5,86,7.3,5.6,20600,12.2,NA,"0.9","MDothers",30
"ET7.1",2026-08-12,1,86,7.3,5.5,20600,12.2,NA,NA,"MDothers",30
"ET7.1",2026-08-12,2,85.82,7.3,5.2,21000,12.5,NA,NA,"MDothers",29.9
"ET7.1",2026-08-12,3,85.82,7.3,5,21100,12.6,NA,NA,"MDothers",29.9
"ET7.1",2026-08-12,4,85.64,7.2,4.9,21300,12.7,NA,NA,"MDothers",29.8
"ET7.1",2026-08-12,5,85.64,7.2,4.9,21300,12.7,NA,NA,"MDothers",29.8
"ET7.1",2026-08-12,6,85.64,7.2,4.9,21300,12.7,NA,NA,"MDothers",29.8
"ET7.1",2026-08-12,6.4,85.64,7.3,4.9,21300,12.7,NA,NA,"MDothers",29.8
"ET8.1",2026-08-12,0.5,86,7.8,6,29100,17.9,NA,"0.5","MDothers",30
"ET8.1",2026-08-12,1,85.46,7.7,5.8,29100,17.9,NA,NA,"MDothers",29.7
"ET8.1",2026-08-12,2,85.46,7.7,5.6,29100,17.9,NA,NA,"MDothers",29.7
"ET8.1",2026-08-12,3,85.28,7.7,5.9,29200,18,NA,NA,"MDothers",29.6
"ET8.1",2026-08-12,4,85.28,7.7,5.7,29200,18,NA,NA,"MDothers",29.6
"ET8.1",2026-08-12,5,85.1,7.7,5.6,29200,18,NA,NA,"MDothers",29.5
"ET9.1",2026-08-12,0.5,86.9,7.9,6.8,29300,18,NA,"0.8","MDothers",30.5
"ET9.1",2026-08-12,1,86.54,7.9,6.8,29300,18,NA,NA,"MDothers",30.3
"ET9.1",2026-08-12,2,85.64,7.9,6.8,29300,18,NA,NA,"MDothers",29.8
"ET9.1",2026-08-12,3,85.1,7.9,6.4,29300,18,NA,NA,"MDothers",29.5
"ET9.1",2026-08-12,4,85.1,7.9,6.4,29300,18,NA,NA,"MDothers",29.5
"ET9.1",2026-08-12,4.9,85.1,7.9,6.4,29300,18,NA,NA,"MDothers",29.5
"ET10.1",2026-08-12,0.5,85.1,6.7,4.2,453,0.2,NA,"0.6","MDothers",29.5
"ET10.1",2026-08-12,1,85.1,6.7,4.1,454,0.2,NA,NA,"MDothers",29.5
"ET10.1",2026-08-12,2,85.1,6.7,4.1,454,0.2,NA,NA,"MDothers",29.5
"ET10.1",2026-08-12,3,85.1,6.7,4.1,455,0.2,NA,NA,"MDothers",29.5
"ET10.1",2026-08-12,4,85.1,6.7,4.1,457,0.2,NA,NA,"MDothers",29.5
"ET10.1",2026-08-12,5,85.1,6.6,4.1,462,0.2,NA,NA,"MDothers",29.5
"EE1.1",2026-08-11,0.5,83.84,7.9,6.9,23800,14.4,NA,"1.3","MDothers",28.8
"EE1.1",2026-08-11,1,83.84,7.9,6.9,23800,14.4,NA,NA,"MDothers",28.8
"EE1.1",2026-08-11,2,83.66,7.9,6.9,23800,14.4,NA,NA,"MDothers",28.7
"EE1.1",2026-08-11,3,83.66,7.9,6.8,23800,14.4,NA,NA,"MDothers",28.7
"EE1.1",2026-08-11,4,83.66,7.9,6.8,23800,14.4,NA,NA,"MDothers",28.7
"EE1.1",2026-08-11,5,83.66,7.9,6.8,23800,14.4,NA,NA,"MDothers",28.7
"EE1.1",2026-08-11,6,83.66,7.9,6.7,23900,14.4,NA,NA,"MDothers",28.7
"EE1.1",2026-08-11,7,83.66,7.9,6.7,23900,14.4,NA,NA,"MDothers",28.7
"EE1.1",2026-08-11,8,83.66,7.8,6.6,23900,14.4,NA,NA,"MDothers",28.7
"EE1.1",2026-08-11,9,83.48,7.8,6.4,23900,14.4,NA,NA,"MDothers",28.6
"EE1.1",2026-08-11,10,83.48,7.8,6.2,23900,14.4,NA,NA,"MDothers",28.6
"EE1.1",2026-08-11,11,83.48,7.8,6.2,23900,14.4,NA,NA,"MDothers",28.6
"EE1.1",2026-08-11,12,83.66,7.8,6.6,23900,14.4,NA,NA,"MDothers",28.7
"EE1.1",2026-08-11,12.3,83.66,7.8,6.6,23900,14.4,NA,NA,"MDothers",28.7
"EE2.1",2026-08-11,0.5,83.66,7.9,6.6,24000,14.5,NA,"1.2","MDothers",28.7
"EE2.1",2026-08-11,1,83.66,7.9,6.6,24000,14.5,NA,NA,"MDothers",28.7
"EE2.1",2026-08-11,2,83.66,7.9,6.5,24000,14.5,NA,NA,"MDothers",28.7
"EE2.1",2026-08-11,3,83.66,7.9,6.5,24000,14.5,NA,NA,"MDothers",28.7
"EE2.1",2026-08-11,4,83.66,7.9,6.5,24000,14.5,NA,NA,"MDothers",28.7
"EE2.1",2026-08-11,5,83.66,7.8,6.3,24100,14.5,NA,NA,"MDothers",28.7
"EE2.1",2026-08-11,6,83.84,7.8,6,24400,14.8,NA,NA,"MDothers",28.8
"EE2.1",2026-08-11,7,83.84,7.8,5.9,24800,15,NA,NA,"MDothers",28.8
"EE2.2",2026-08-11,0.5,84.92,7.8,6.4,26000,15.8,NA,"0.7","MDothers",29.4
"EE2.2",2026-08-11,1,84.92,7.8,6.4,26000,15.8,NA,NA,"MDothers",29.4
"EE2.2",2026-08-11,2,84.92,7.8,6.4,26000,15.8,NA,NA,"MDothers",29.4
"EE2.2",2026-08-11,3,84.74,7.8,6.2,26000,15.8,NA,NA,"MDothers",29.3
"EE2.2",2026-08-11,4,84.74,7.8,6.1,26000,15.8,NA,NA,"MDothers",29.3
"EE2.2",2026-08-11,5,84.74,7.8,6,26100,15.9,NA,NA,"MDothers",29.3
"EE2.2",2026-08-11,6,84.74,7.8,6.1,26100,15.9,NA,NA,"MDothers",29.3
"EE2.2",2026-08-11,7,84.74,7.8,6.1,26100,15.9,NA,NA,"MDothers",29.3
"EE2.2",2026-08-11,8,84.74,7.8,6.1,26100,15.9,NA,NA,"MDothers",29.3
"EE2.2",2026-08-11,9,84.56,7.8,6.1,26100,15.9,NA,NA,"MDothers",29.2
"EE2.2",2026-08-11,10,84.56,7.8,6.1,26100,15.9,NA,NA,"MDothers",29.2
"EE2.2",2026-08-11,10.4,84.56,7.8,6,26100,15.9,NA,NA,"MDothers",29.2
"EE3.0",2026-08-12,0.5,85.1,7.7,5.8,28500,17.5,NA,"0.6","MDothers",29.5
"EE3.0",2026-08-12,1,85.1,7.7,5.8,28500,17.5,NA,NA,"MDothers",29.5
"EE3.0",2026-08-12,2,85.1,7.7,5.8,28500,17.5,NA,NA,"MDothers",29.5
"EE3.0",2026-08-12,3,85.1,7.7,5.8,28500,17.5,NA,NA,"MDothers",29.5
"EE3.0",2026-08-12,4,85.1,7.7,5.8,28500,17.5,NA,NA,"MDothers",29.5
"EE3.0",2026-08-12,4.3,84.92,7.7,5.8,28500,17.5,NA,NA,"MDothers",29.4
"EE3.1",2026-08-12,0.5,84.74,7.9,6.2,28600,17.5,NA,"0.6","MDothers",29.3
"EE3.1",2026-08-12,1,84.74,7.9,6.2,28600,17.5,NA,NA,"MDothers",29.3
"EE3.1",2026-08-12,2,84.74,7.9,6.1,28600,17.5,NA,NA,"MDothers",29.3
"EE3.1",2026-08-12,3,84.74,7.9,6.1,28600,17.5,NA,NA,"MDothers",29.3
"EE3.1",2026-08-12,4,84.74,7.9,6.1,28600,17.5,NA,NA,"MDothers",29.3
"EE3.1",2026-08-12,5,84.74,7.9,6.1,28600,17.6,NA,NA,"MDothers",29.3
"EE3.1",2026-08-12,6,84.56,7.9,6.1,28600,17.6,NA,NA,"MDothers",29.2
"EE3.1",2026-08-12,7,84.56,7.9,6.1,28700,17.6,NA,NA,"MDothers",29.2
"EE3.1",2026-08-12,8,84.38,7.9,6.2,28700,17.6,NA,NA,"MDothers",29.1
"EE3.1",2026-08-12,9,84.2,7.9,6.2,28700,17.6,NA,NA,"MDothers",29
"EE3.1",2026-08-12,10,84.02,7.9,6.2,28700,17.6,NA,NA,"MDothers",28.9
"EE3.1",2026-08-12,10.8,83.84,7.9,6.2,28700,17.6,NA,NA,"MDothers",28.8
"EE3.2",2026-08-12,0.5,84.02,8.2,7.8,30200,18.6,NA,"0.9","MDothers",28.9
"EE3.2",2026-08-12,1,84.02,8.2,7.6,30200,18.6,NA,NA,"MDothers",28.9
"EE3.2",2026-08-12,2,84.02,8.1,7.2,30300,18.7,NA,NA,"MDothers",28.9
"EE3.2",2026-08-12,3,83.84,8.1,6.6,30300,18.7,NA,NA,"MDothers",28.8
"EE3.2",2026-08-12,5,83.66,8,6.3,30400,18.8,NA,NA,"MDothers",28.7
"EE3.2",2026-08-12,7,83.66,8,6,30600,18.9,NA,NA,"MDothers",28.7
"EE3.2",2026-08-12,9,83.66,8,6,30700,19,NA,NA,"MDothers",28.7
"EE3.2",2026-08-12,11,83.66,8,6,30700,19,NA,NA,"MDothers",28.7
"EE3.2",2026-08-12,13,83.66,8,6,30700,19.1,NA,NA,"MDothers",28.7
"EE3.2",2026-08-12,15,83.84,8,6,30800,19.1,NA,NA,"MDothers",28.8
"EE3.2",2026-08-12,17,83.84,8,6,30900,19.1,NA,NA,"MDothers",28.8
"EE3.2",2026-08-12,18,83.84,8,6,30900,19.1,NA,NA,"MDothers",28.8
"EE3.2",2026-08-12,19,83.66,8,5.9,30900,19.1,NA,NA,"MDothers",28.7
"EE3.2",2026-08-12,21,83.66,8,5.9,31000,19.2,NA,NA,"MDothers",28.7
"EE3.2",2026-08-12,23,83.66,8,5.9,31000,19.2,NA,NA,"MDothers",28.7
"EE3.2",2026-08-12,25,83.66,8,5.9,31000,19.2,NA,NA,"MDothers",28.7
"EE3.2",2026-08-12,26,83.66,8,5.9,31000,19.2,NA,NA,"MDothers",28.7
"EE3.3",2026-08-12,0.5,84.74,8,5.9,32600,20.3,NA,"0.5","MDothers",29.3
"EE3.3",2026-08-12,1,84.74,8,5.8,32600,20.3,NA,NA,"MDothers",29.3
"EE3.3",2026-08-12,2,84.74,8,5.8,32600,20.3,NA,NA,"MDothers",29.3
"EE3.3",2026-08-12,3,84.74,8,5.8,32600,20.3,NA,NA,"MDothers",29.3
"EE3.3",2026-08-12,3.3,84.74,8,5.8,32600,20.3,NA,NA,"MDothers",29.3
"LE2.2",2026-08-10,0.5,85.1,8.2,8.2,21600,12.9,NA,"1.1","MDothers",29.5
"LE2.2",2026-08-10,1,84.56,8.2,7.9,21900,13.1,NA,NA,"MDothers",29.2
"LE2.2",2026-08-10,2,84.02,8.1,7.3,22300,13.3,NA,NA,"MDothers",28.9
"LE2.2",2026-08-10,3,84.02,8.1,6.8,22800,13.6,NA,NA,"MDothers",28.9
"LE2.2",2026-08-10,4,83.3,7.9,5.2,24100,14.6,NA,NA,"MDothers",28.5
"LE2.2",2026-08-10,5,82.22,7.7,3.8,26000,15.8,NA,NA,"MDothers",27.9
"LE2.2",2026-08-10,6,81.68,7.6,2.9,26900,16.4,NA,NA,"MDothers",27.6
"LE2.2",2026-08-10,7,81.32,7.6,2.8,27400,16.7,NA,NA,"MDothers",27.4
"LE2.2",2026-08-10,8,80.96,7.5,2.3,27900,17.1,NA,NA,"MDothers",27.2
"LE2.2",2026-08-10,9,80.6,7.5,2,28700,17.6,NA,NA,"MDothers",27
"LE2.2",2026-08-10,10,80.42,7.4,1.6,29200,18,NA,NA,"MDothers",26.9
"LE2.2",2026-08-10,10.7,80.42,7.4,1.5,29200,18,NA,NA,"MDothers",26.9
"CCM0069",2026-08-12,0,84.56,7.2,3.4,16900,9.9,NA,"0.2","MDothers",29.2
"TRQ0088",2026-08-12,0,83.66,7.2,4.6,26800,16.4,NA,"0.3","MDothers",28.7
"TRQ0146",2026-08-12,0,83.3,7.2,2.9,21000,12.5,NA,"0.3","MDothers",28.5
"XDJ9007",2026-08-12,0,84.56,7.1,5.1,12000,6.8,NA,"0.3","MDothers",29.2
"WIW0141",2026-08-12,0,85.64,7,5.7,4260,2.3,NA,"0.2","MDothers",29.8
"XCI4078",2026-08-12,0.5,85.28,7.8,6.4,25900,15.7,NA,"0.8","MDothers",29.6
"XCI4078",2026-08-12,1,85.28,7.8,6.4,25900,15.7,NA,NA,"MDothers",29.6
"XCI4078",2026-08-12,2,85.1,7.8,6.4,25900,15.7,NA,NA,"MDothers",29.5
"XCI4078",2026-08-12,3,84.74,7.8,6.4,26300,16,NA,NA,"MDothers",29.3
"XCI4078",2026-08-12,3.7,84.56,7.8,6.1,26500,16.1,NA,NA,"MDothers",29.2
"BXK0031",2026-08-12,0,84.56,7,4.6,25500,15.5,NA,"0.5","MDothers",29.2
"POK0087",2026-08-12,0,86.18,6.8,4.7,6800,3.7,NA,"0.3","MDothers",30.1
"MNK0146",2026-08-12,0,86,7,4.1,13900,8,NA,"0.5","MDothers",30
"XAK7810",2026-08-12,0.5,85.28,7.2,5.2,18200,10.7,NA,"0.5","MDothers",29.6
"XAK7810",2026-08-12,1,85.28,7.3,5.1,18600,11,NA,NA,"MDothers",29.6
"XAK7810",2026-08-12,2,85.1,7.4,5.1,20900,12.4,NA,NA,"MDothers",29.5
"XAK7810",2026-08-12,2.5,85.1,7.4,5.1,21300,12.7,NA,NA,"MDothers",29.5
"XGG8251",2026-08-13,0,82.76,7.9,7.7,19600,11.6,NA,"0.5","MDothers",28.2
